# Blender 4.1.1
# www.blender.org
mtllib rovelver1.0.0.mtl
o bullet-cylinder
v 0.061501 0.805596 0.080140
v 0.888945 0.805595 0.080140
v 0.061500 0.739166 -0.217729
v 0.888945 0.739166 -0.217729
v 0.061500 0.464864 -0.351511
v 0.888945 0.464864 -0.351511
v 0.061500 0.189244 -0.220464
v 0.888945 0.189244 -0.220464
v 0.061500 0.119855 0.076730
v 0.888945 0.119855 0.076730
v 0.061500 0.308947 0.316278
v 0.888945 0.308947 0.316278
v 0.061501 0.614130 0.317796
v 0.888945 0.614130 0.317796
v 0.061501 0.792310 0.020566
v 0.061500 0.779024 -0.039008
v 0.061500 0.765738 -0.098581
v 0.061500 0.752452 -0.158155
v 0.888945 0.752452 -0.158155
v 0.888945 0.765738 -0.098581
v 0.888945 0.779024 -0.039008
v 0.888945 0.792310 0.020566
v 0.226989 0.805595 0.080140
v 0.392478 0.805595 0.080140
v 0.557967 0.805595 0.080140
v 0.723456 0.805595 0.080140
v 0.723456 0.739166 -0.217729
v 0.557967 0.739166 -0.217729
v 0.392478 0.739166 -0.217729
v 0.226989 0.739166 -0.217729
v 0.061500 0.684305 -0.244486
v 0.061500 0.629445 -0.271242
v 0.061500 0.574584 -0.297998
v 0.061500 0.519724 -0.324755
v 0.888945 0.519724 -0.324755
v 0.888945 0.574584 -0.297998
v 0.888945 0.629445 -0.271242
v 0.888945 0.684305 -0.244486
v 0.723456 0.464864 -0.351511
v 0.557967 0.464864 -0.351511
v 0.392478 0.464864 -0.351511
v 0.226989 0.464864 -0.351511
v 0.061500 0.409740 -0.325302
v 0.061500 0.354616 -0.299092
v 0.061500 0.299492 -0.272883
v 0.061500 0.244368 -0.246674
v 0.888945 0.244368 -0.246674
v 0.888945 0.299492 -0.272883
v 0.888945 0.354616 -0.299092
v 0.888945 0.409740 -0.325302
v 0.723456 0.189244 -0.220464
v 0.557967 0.189244 -0.220464
v 0.392478 0.189244 -0.220464
v 0.226989 0.189244 -0.220464
v 0.061500 0.175367 -0.161026
v 0.061500 0.161489 -0.101587
v 0.061500 0.147611 -0.042148
v 0.061500 0.133733 0.017291
v 0.888945 0.133733 0.017291
v 0.888945 0.147611 -0.042148
v 0.888945 0.161489 -0.101587
v 0.888945 0.175366 -0.161026
v 0.723456 0.119855 0.076730
v 0.557967 0.119855 0.076730
v 0.392478 0.119855 0.076730
v 0.226989 0.119855 0.076730
v 0.061500 0.157673 0.124639
v 0.061500 0.195492 0.172549
v 0.061500 0.233310 0.220459
v 0.061500 0.271128 0.268368
v 0.888945 0.271128 0.268368
v 0.888945 0.233310 0.220458
v 0.888945 0.195492 0.172549
v 0.888945 0.157673 0.124639
v 0.723456 0.308947 0.316278
v 0.557967 0.308947 0.316278
v 0.392478 0.308947 0.316278
v 0.226989 0.308947 0.316278
v 0.061500 0.369983 0.316581
v 0.061501 0.431020 0.316885
v 0.061501 0.492057 0.317189
v 0.061501 0.553093 0.317492
v 0.888945 0.553093 0.317492
v 0.888945 0.492057 0.317189
v 0.888945 0.431020 0.316885
v 0.888945 0.369983 0.316581
v 0.723456 0.614130 0.317796
v 0.557967 0.614130 0.317796
v 0.392478 0.614130 0.317796
v 0.226989 0.614130 0.317796
v 0.061501 0.652423 0.270265
v 0.061501 0.690716 0.222733
v 0.061501 0.729009 0.175202
v 0.061501 0.767302 0.127671
v 0.888945 0.767302 0.127671
v 0.888945 0.729009 0.175202
v 0.888945 0.690716 0.222733
v 0.888945 0.652423 0.270265
v 0.226989 0.652423 0.270265
v 0.226989 0.690716 0.222733
v 0.226989 0.729009 0.175202
v 0.226989 0.767302 0.127671
v 0.392478 0.652423 0.270265
v 0.392478 0.690716 0.222733
v 0.392478 0.729009 0.175202
v 0.392478 0.767302 0.127671
v 0.557967 0.652423 0.270265
v 0.557967 0.690716 0.222733
v 0.557967 0.729009 0.175202
v 0.557967 0.767302 0.127671
v 0.723456 0.652423 0.270265
v 0.723456 0.690716 0.222733
v 0.723456 0.729009 0.175202
v 0.723456 0.767302 0.127671
v 0.226989 0.369983 0.316581
v 0.226989 0.431020 0.316885
v 0.226989 0.492057 0.317189
v 0.226989 0.553093 0.317492
v 0.392478 0.369983 0.316581
v 0.392478 0.431020 0.316885
v 0.392478 0.492057 0.317189
v 0.392478 0.553093 0.317492
v 0.557967 0.369983 0.316581
v 0.557967 0.431020 0.316885
v 0.557967 0.492057 0.317189
v 0.557967 0.553093 0.317492
v 0.723456 0.369983 0.316581
v 0.723456 0.431020 0.316885
v 0.723456 0.492057 0.317189
v 0.723456 0.553093 0.317492
v 0.226989 0.157673 0.124639
v 0.226989 0.195492 0.172549
v 0.226989 0.233310 0.220459
v 0.226989 0.271128 0.268368
v 0.392478 0.157673 0.124639
v 0.392478 0.195492 0.172549
v 0.392478 0.233310 0.220459
v 0.392478 0.271128 0.268368
v 0.557967 0.157673 0.124639
v 0.557967 0.195492 0.172549
v 0.557967 0.233310 0.220459
v 0.557967 0.271128 0.268368
v 0.723456 0.157673 0.124639
v 0.723456 0.195492 0.172549
v 0.723456 0.233310 0.220458
v 0.723456 0.271128 0.268368
v 0.226989 0.175366 -0.161026
v 0.226989 0.161489 -0.101587
v 0.226989 0.147611 -0.042148
v 0.226989 0.133733 0.017291
v 0.392478 0.175366 -0.161026
v 0.392478 0.161489 -0.101587
v 0.392478 0.147611 -0.042148
v 0.392478 0.133733 0.017291
v 0.557967 0.175366 -0.161026
v 0.557967 0.161489 -0.101587
v 0.557967 0.147611 -0.042148
v 0.557967 0.133733 0.017291
v 0.723456 0.175366 -0.161026
v 0.723456 0.161489 -0.101587
v 0.723456 0.147611 -0.042148
v 0.723456 0.133733 0.017291
v 0.226989 0.409740 -0.325302
v 0.226989 0.354616 -0.299092
v 0.226989 0.299492 -0.272883
v 0.226989 0.244368 -0.246674
v 0.392478 0.409740 -0.325302
v 0.392478 0.354616 -0.299092
v 0.392478 0.299492 -0.272883
v 0.392478 0.244368 -0.246674
v 0.557967 0.409740 -0.325302
v 0.557967 0.354616 -0.299092
v 0.557967 0.299492 -0.272883
v 0.557967 0.244368 -0.246674
v 0.723456 0.409740 -0.325302
v 0.723456 0.354616 -0.299092
v 0.723456 0.299492 -0.272883
v 0.723456 0.244368 -0.246674
v 0.226989 0.684305 -0.244486
v 0.226989 0.629445 -0.271242
v 0.226989 0.574584 -0.297998
v 0.226989 0.519724 -0.324755
v 0.392478 0.684305 -0.244486
v 0.392478 0.629445 -0.271242
v 0.392478 0.574584 -0.297998
v 0.392478 0.519724 -0.324755
v 0.557967 0.684305 -0.244486
v 0.557967 0.629445 -0.271242
v 0.557967 0.574584 -0.297998
v 0.557967 0.519724 -0.324755
v 0.723456 0.684305 -0.244486
v 0.723456 0.629445 -0.271242
v 0.723456 0.574584 -0.297998
v 0.723456 0.519724 -0.324755
v 0.226989 0.792310 0.020566
v 0.226989 0.779024 -0.039008
v 0.226989 0.765738 -0.098581
v 0.226989 0.752452 -0.158155
v 0.392478 0.792310 0.020566
v 0.392478 0.779024 -0.039008
v 0.392478 0.765738 -0.098581
v 0.392478 0.752452 -0.158155
v 0.557967 0.792310 0.020566
v 0.557967 0.779024 -0.039008
v 0.557967 0.765738 -0.098581
v 0.557967 0.752452 -0.158155
v 0.723456 0.792310 0.020566
v 0.723456 0.779024 -0.039008
v 0.723456 0.765738 -0.098581
v 0.723456 0.752452 -0.158155
v 0.061500 0.154550 -0.071867
v 0.888945 0.154550 -0.071867
v 0.226989 0.154550 -0.071867
v 0.392478 0.154550 -0.071867
v 0.557967 0.154550 -0.071867
v 0.723456 0.154550 -0.071867
v 0.061500 0.184495 0.072644
v 0.061501 0.211316 0.020649
v 0.061500 0.232469 -0.006335
v 0.061500 0.253622 -0.033320
v 0.061500 0.280443 -0.085315
v 0.061500 0.299031 -0.143943
v 0.061500 0.352107 -0.174786
v 0.061500 0.405183 -0.205629
v 0.061500 0.458260 -0.236472
v 0.061500 0.511336 -0.267315
v 0.061500 0.550718 -0.298311
v 0.061500 0.590081 -0.284776
v 0.061500 0.236353 0.128911
v 0.061500 0.277214 0.085274
v 0.061500 0.313737 0.061322
v 0.061500 0.350260 0.037369
v 0.061500 0.391121 -0.006268
v 0.061500 0.414803 -0.063746
v 0.061500 0.465471 -0.099483
v 0.061500 0.516139 -0.135219
v 0.061500 0.566807 -0.170956
v 0.061500 0.617475 -0.206693
v 0.061500 0.639664 -0.242634
v 0.061500 0.661985 -0.243560
v 0.061501 0.287582 0.187807
v 0.061500 0.341853 0.155155
v 0.061500 0.391807 0.137599
v 0.061500 0.441762 0.120043
v 0.061500 0.496033 0.087391
v 0.061500 0.528949 0.027685
v 0.061500 0.576774 -0.013133
v 0.061500 0.624599 -0.053951
v 0.061500 0.672424 -0.094769
v 0.061500 0.720249 -0.135587
v 0.061501 0.728435 -0.181234
v 0.061501 0.733800 -0.199482
v 0.061501 0.328038 0.253471
v 0.061500 0.384948 0.238575
v 0.061500 0.439043 0.231471
v 0.061500 0.493139 0.224367
v 0.061501 0.550049 0.209470
v 0.061500 0.587995 0.154690
v 0.061500 0.630907 0.110352
v 0.061500 0.673818 0.066013
v 0.061500 0.716729 0.021675
v 0.061500 0.759640 -0.022663
v 0.061501 0.759252 -0.077371
v 0.061501 0.755852 -0.117763
v 0.888945 0.673358 0.235554
v 0.888945 0.694294 0.200844
v 0.888945 0.718868 0.151965
v 0.888945 0.700027 0.093208
v 0.888945 0.681187 0.034452
v 0.888945 0.662346 -0.024304
v 0.888945 0.643506 -0.083060
v 0.888945 0.633740 -0.148980
v 0.888945 0.589311 -0.187538
v 0.888945 0.543955 -0.217862
v 0.888945 0.498598 -0.248187
v 0.888945 0.454169 -0.286744
v 0.888945 0.617400 0.299059
v 0.888945 0.620669 0.280322
v 0.888945 0.633544 0.235770
v 0.888945 0.608739 0.177994
v 0.888945 0.583934 0.120218
v 0.888945 0.559128 0.062442
v 0.888945 0.534323 0.004666
v 0.888945 0.531250 -0.063443
v 0.888945 0.497049 -0.116751
v 0.888945 0.460034 -0.154613
v 0.888945 0.423019 -0.192475
v 0.888945 0.388817 -0.245784
v 0.888945 0.533490 0.306778
v 0.888945 0.513887 0.296064
v 0.888945 0.509908 0.254012
v 0.888945 0.480304 0.199534
v 0.888945 0.450700 0.145055
v 0.888945 0.421095 0.090576
v 0.888945 0.391491 0.036097
v 0.888945 0.395711 -0.025925
v 0.888945 0.378398 -0.083145
v 0.888945 0.356258 -0.120794
v 0.888945 0.334118 -0.158443
v 0.888945 0.316805 -0.215663
v 0.888945 0.450770 0.311892
v 0.888945 0.409483 0.306596
v 0.888945 0.387898 0.261366
v 0.888945 0.353967 0.210209
v 0.888945 0.320037 0.159051
v 0.888945 0.286107 0.107894
v 0.888945 0.252176 0.056736
v 0.888945 0.261472 -0.004062
v 0.888945 0.260449 -0.062558
v 0.888945 0.253432 -0.096120
v 0.888945 0.246415 -0.129681
v 0.888945 0.245392 -0.188177
vn -0.0000 0.9760 -0.2177
vn -0.0000 0.4384 -0.8988
vn -0.0000 -0.4294 -0.9031
vn -0.0000 -0.9738 -0.2274
vn -0.0000 -0.7849 0.6196
vn -0.0000 -0.0050 1.0000
vn -0.0000 0.7787 0.6274
vn -1.0000 -0.0000 -0.0000
vn 1.0000 -0.0000 -0.0000
vt 0.888264 0.444645
vt 0.888264 0.370065
vt 0.908440 0.370065
vt 0.908440 0.444645
vt 0.726166 0.444645
vt 0.726166 0.370065
vt 0.758525 0.370065
vt 0.758525 0.444645
vt 0.309538 0.444645
vt 0.309538 0.370065
vt 0.329714 0.370065
vt 0.329714 0.444645
vt 0.459150 0.444645
vt 0.459150 0.370065
vt 0.491509 0.370065
vt 0.491509 0.444645
vt 0.572211 0.444645
vt 0.572211 0.370065
vt 0.592386 0.370065
vt 0.592386 0.444645
vt 0.082874 0.444645
vt 0.082874 0.370065
vt 0.103049 0.370065
vt 0.103049 0.444645
vt 0.232485 0.444645
vt 0.232485 0.370065
vt 0.264844 0.370065
vt 0.264844 0.444645
vt 0.232485 0.742964
vt 0.232485 0.668384
vt 0.264844 0.668384
vt 0.264844 0.742964
vt 0.232485 0.593805
vt 0.264844 0.593805
vt 0.232485 0.519225
vt 0.264844 0.519225
vt 0.103049 0.742964
vt 0.103049 0.668384
vt 0.135408 0.668384
vt 0.135408 0.742964
vt 0.167767 0.668384
vt 0.167767 0.742964
vt 0.200126 0.668384
vt 0.200126 0.742964
vt 0.103049 0.593805
vt 0.135408 0.593805
vt 0.167767 0.593805
vt 0.200126 0.593805
vt 0.103049 0.519225
vt 0.135408 0.519225
vt 0.167767 0.519225
vt 0.200126 0.519225
vt 0.135408 0.444645
vt 0.167767 0.444645
vt 0.200126 0.444645
vt 0.135408 0.370065
vt 0.167767 0.370065
vt 0.200126 0.370065
vt 0.082874 0.742964
vt 0.082874 0.668384
vt 0.082874 0.593805
vt 0.082874 0.519225
vt 0.002172 0.742964
vt 0.002172 0.668384
vt 0.022347 0.668384
vt 0.022347 0.742964
vt 0.042523 0.668384
vt 0.042523 0.742964
vt 0.062698 0.668384
vt 0.062698 0.742964
vt 0.002172 0.593805
vt 0.022347 0.593805
vt 0.042523 0.593805
vt 0.062698 0.593805
vt 0.002172 0.519225
vt 0.022347 0.519225
vt 0.042523 0.519225
vt 0.062698 0.519225
vt 0.002172 0.444645
vt 0.022347 0.444645
vt 0.042523 0.444645
vt 0.062698 0.444645
vt 0.002172 0.370065
vt 0.022347 0.370065
vt 0.042523 0.370065
vt 0.062698 0.370065
vt 0.572211 0.742964
vt 0.572211 0.668384
vt 0.592386 0.668384
vt 0.592386 0.742964
vt 0.572211 0.593805
vt 0.592386 0.593805
vt 0.572211 0.519225
vt 0.592386 0.519225
vt 0.491509 0.742964
vt 0.491509 0.668384
vt 0.511684 0.668384
vt 0.511684 0.742964
vt 0.531860 0.668384
vt 0.531860 0.742964
vt 0.552035 0.668384
vt 0.552035 0.742964
vt 0.491509 0.593805
vt 0.511684 0.593805
vt 0.531860 0.593805
vt 0.552035 0.593805
vt 0.491509 0.519225
vt 0.511684 0.519225
vt 0.531860 0.519225
vt 0.552035 0.519225
vt 0.511684 0.444645
vt 0.531860 0.444645
vt 0.552035 0.444645
vt 0.511684 0.370065
vt 0.531860 0.370065
vt 0.552035 0.370065
vt 0.459150 0.742964
vt 0.459150 0.668384
vt 0.459150 0.593804
vt 0.459150 0.519225
vt 0.329714 0.742964
vt 0.329714 0.668384
vt 0.362073 0.668384
vt 0.362073 0.742964
vt 0.394432 0.668384
vt 0.394432 0.742964
vt 0.410611 0.742964
vt 0.410611 0.668384
vt 0.426791 0.668384
vt 0.426791 0.742964
vt 0.329714 0.593804
vt 0.362073 0.593804
vt 0.394432 0.593804
vt 0.410611 0.593804
vt 0.426791 0.593804
vt 0.329714 0.519225
vt 0.362073 0.519225
vt 0.394432 0.519225
vt 0.410611 0.519225
vt 0.426791 0.519225
vt 0.362073 0.444645
vt 0.394432 0.444645
vt 0.410611 0.444645
vt 0.426791 0.444645
vt 0.362073 0.370065
vt 0.394432 0.370065
vt 0.410611 0.370065
vt 0.426791 0.370065
vt 0.309538 0.742964
vt 0.309538 0.668384
vt 0.309538 0.593804
vt 0.932959 0.593804
vt 0.932959 0.519225
vt 0.953134 0.519225
vt 0.953134 0.593804
vt 0.309538 0.519225
vt 0.803219 0.742964
vt 0.803219 0.668384
vt 0.823395 0.668384
vt 0.823394 0.742964
vt 0.843570 0.668384
vt 0.843570 0.742964
vt 0.863746 0.668384
vt 0.863746 0.742964
vt 0.912783 0.742964
vt 0.912783 0.668384
vt 0.932959 0.668384
vt 0.932959 0.742964
vt 0.758525 0.668384
vt 0.758525 0.593804
vt 0.778700 0.593804
vt 0.778700 0.668384
vt 0.798876 0.593804
vt 0.798876 0.668384
vt 0.843570 0.593804
vt 0.863746 0.593804
vt 0.912783 0.593804
vt 0.803219 0.593804
vt 0.803219 0.519225
vt 0.823395 0.519225
vt 0.823395 0.593804
vt 0.843570 0.519225
vt 0.863746 0.519225
vt 0.912783 0.519225
vt 0.758525 0.519225
vt 0.778700 0.444645
vt 0.778700 0.519225
vt 0.798876 0.444645
vt 0.798876 0.519225
vt 0.843570 0.444645
vt 0.863746 0.444645
vt 0.912783 0.444645
vt 0.932959 0.444645
vt 0.803219 0.444645
vt 0.803219 0.370065
vt 0.823395 0.370065
vt 0.823395 0.444645
vt 0.843570 0.370065
vt 0.863746 0.370065
vt 0.912783 0.370065
vt 0.932959 0.370065
vt 0.726166 0.742964
vt 0.726166 0.668384
vt 0.758525 0.742964
vt 0.726166 0.593804
vt 0.726166 0.519225
vt 0.596730 0.742964
vt 0.596730 0.668384
vt 0.629089 0.668384
vt 0.629089 0.742964
vt 0.661448 0.668384
vt 0.661448 0.742964
vt 0.693807 0.668384
vt 0.693807 0.742964
vt 0.596730 0.593804
vt 0.629089 0.593804
vt 0.661448 0.593804
vt 0.693807 0.593804
vt 0.596730 0.519225
vt 0.629089 0.519225
vt 0.661448 0.519225
vt 0.693807 0.519225
vt 0.596730 0.444645
vt 0.629089 0.444645
vt 0.661448 0.444645
vt 0.693807 0.444645
vt 0.596730 0.370065
vt 0.629089 0.370065
vt 0.661448 0.370065
vt 0.693807 0.370065
vt 0.888264 0.742964
vt 0.888264 0.668384
vt 0.908440 0.668384
vt 0.908440 0.742964
vt 0.888264 0.593805
vt 0.908440 0.593805
vt 0.888264 0.519225
vt 0.908440 0.519225
vt 0.285020 0.668384
vt 0.285020 0.742964
vt 0.305195 0.668384
vt 0.305195 0.742964
vt 0.957477 0.742964
vt 0.957477 0.668384
vt 0.977653 0.668384
vt 0.977653 0.742964
vt 0.997828 0.668384
vt 0.997828 0.742964
vt 0.285020 0.593805
vt 0.305195 0.593805
vt 0.957477 0.593804
vt 0.977653 0.593804
vt 0.997828 0.593804
vt 0.285020 0.519225
vt 0.305195 0.519225
vt 0.957477 0.519225
vt 0.977653 0.519225
vt 0.997828 0.519225
vt 0.285020 0.444645
vt 0.305195 0.444645
vt 0.957477 0.444645
vt 0.977653 0.444645
vt 0.997828 0.444645
vt 0.285020 0.370065
vt 0.305195 0.370065
vt 0.957477 0.370065
vt 0.977653 0.370065
vt 0.868089 0.444645
vt 0.868089 0.370065
vt 0.128668 0.002172
vt 0.160216 0.009372
vt 0.141427 0.034050
vt 0.103369 0.022347
vt 0.191763 0.016573
vt 0.180172 0.046070
vt 0.223311 0.023773
vt 0.220033 0.057191
vt 0.254859 0.030974
vt 0.260682 0.061613
vt 0.286406 0.038174
vt 0.300447 0.067329
vt 0.122638 0.058728
vt 0.078069 0.042523
vt 0.168581 0.075568
vt 0.216754 0.090608
vt 0.266504 0.092251
vt 0.314487 0.096483
vt 0.114534 0.074999
vt 0.065420 0.052610
vt 0.165427 0.098507
vt 0.219720 0.118522
vt 0.275418 0.119769
vt 0.328527 0.125638
vt 0.106429 0.091270
vt 0.052770 0.062698
vt 0.162273 0.121447
vt 0.222686 0.146436
vt 0.284331 0.147286
vt 0.342567 0.154792
vt 0.087641 0.115948
vt 0.027471 0.082874
vt 0.150682 0.150944
vt 0.219408 0.179854
vt 0.290154 0.177925
vt 0.356607 0.183947
vt 0.063802 0.138194
vt 0.002172 0.103049
vt 0.128554 0.175367
vt 0.198314 0.209205
vt 0.272564 0.208564
vt 0.342567 0.213101
vt 0.061117 0.170627
vt 0.002172 0.135408
vt 0.122978 0.207762
vt 0.189658 0.241395
vt 0.261104 0.239203
vt 0.328527 0.242256
vt 0.058432 0.203061
vt 0.002172 0.167767
vt 0.117402 0.240156
vt 0.181002 0.273585
vt 0.249644 0.269841
vt 0.314487 0.271410
vt 0.055747 0.235494
vt 0.002172 0.200126
vt 0.111826 0.272551
vt 0.172346 0.305775
vt 0.238184 0.300480
vt 0.300447 0.300564
vt 0.053062 0.267928
vt 0.002172 0.232485
vt 0.106250 0.304945
vt 0.163690 0.337966
vt 0.226724 0.331119
vt 0.286406 0.329719
vt 0.047188 0.293839
vt 0.002172 0.264844
vt 0.094093 0.323751
vt 0.143699 0.352276
vt 0.200442 0.343387
vt 0.254859 0.336919
vt 0.062629 0.309605
vt 0.027471 0.285020
vt 0.098731 0.334649
vt 0.136183 0.358999
vt 0.180329 0.350954
vt 0.223311 0.344120
vt 0.078069 0.325371
vt 0.052770 0.305195
vt 0.103369 0.345546
vt 0.128668 0.365722
vt 0.160216 0.358521
vt 0.191763 0.351321
vt 0.550542 0.351321
vt 0.518994 0.358521
vt 0.539107 0.350954
vt 0.582089 0.344120
vt 0.487446 0.365722
vt 0.494962 0.358999
vt 0.462147 0.345546
vt 0.457509 0.334649
vt 0.436848 0.325371
vt 0.421407 0.309605
vt 0.411549 0.305195
vt 0.386249 0.285020
vt 0.559221 0.343387
vt 0.613637 0.336919
vt 0.502477 0.352276
vt 0.452871 0.323751
vt 0.405966 0.293839
vt 0.360950 0.264844
vt 0.585502 0.331119
vt 0.645185 0.329719
vt 0.522469 0.337966
vt 0.465028 0.304945
vt 0.411841 0.267928
vt 0.360950 0.232485
vt 0.596962 0.300480
vt 0.659225 0.300564
vt 0.531125 0.305775
vt 0.470604 0.272551
vt 0.414526 0.235494
vt 0.360950 0.200126
vt 0.608423 0.269841
vt 0.673265 0.271410
vt 0.539781 0.273585
vt 0.476180 0.240156
vt 0.417210 0.203061
vt 0.360950 0.167767
vt 0.619883 0.239203
vt 0.687305 0.242256
vt 0.548437 0.241395
vt 0.481756 0.207762
vt 0.419895 0.170627
vt 0.360950 0.135408
vt 0.631343 0.208564
vt 0.701345 0.213101
vt 0.557093 0.209205
vt 0.487332 0.175367
vt 0.422580 0.138194
vt 0.360950 0.103049
vt 0.648932 0.177925
vt 0.715385 0.183947
vt 0.578186 0.179854
vt 0.509461 0.150944
vt 0.446419 0.115948
vt 0.386249 0.082874
vt 0.643110 0.147286
vt 0.701345 0.154792
vt 0.581465 0.146436
vt 0.521052 0.121447
vt 0.465208 0.091270
vt 0.411549 0.062698
vt 0.634196 0.119769
vt 0.687305 0.125638
vt 0.578499 0.118522
vt 0.524206 0.098507
vt 0.473312 0.074999
vt 0.424198 0.052610
vt 0.625283 0.092251
vt 0.673265 0.096483
vt 0.575532 0.090608
vt 0.527359 0.075568
vt 0.481416 0.058728
vt 0.436848 0.042523
vt 0.619460 0.061613
vt 0.659225 0.067329
vt 0.578811 0.057191
vt 0.538951 0.046070
vt 0.500205 0.034050
vt 0.462147 0.022347
vt 0.613637 0.030974
vt 0.645185 0.038174
vt 0.582089 0.023773
vt 0.550542 0.016573
vt 0.518994 0.009372
vt 0.487446 0.002172
s 0
usemtl bullet-low_BM_Custom_Material
f 210/1/1 19/2/1 4/3/1 27/4/1
f 194/5/2 35/6/2 6/7/2 39/8/2
f 178/9/3 47/10/3 8/11/3 51/12/3
f 162/13/4 59/14/4 10/15/4 63/16/4
f 146/17/5 71/18/5 12/19/5 75/20/5
f 130/21/6 83/22/6 14/23/6 87/24/6
f 114/25/7 95/26/7 2/27/7 26/28/7
f 94/29/7 102/30/7 23/31/7 1/32/7
f 102/30/7 106/33/7 24/34/7 23/31/7
f 106/33/7 110/35/7 25/36/7 24/34/7
f 110/35/7 114/25/7 26/28/7 25/36/7
f 13/37/7 90/38/7 99/39/7 91/40/7
f 91/40/7 99/39/7 100/41/7 92/42/7
f 92/42/7 100/41/7 101/43/7 93/44/7
f 93/44/7 101/43/7 102/30/7 94/29/7
f 90/38/7 89/45/7 103/46/7 99/39/7
f 99/39/7 103/46/7 104/47/7 100/41/7
f 100/41/7 104/47/7 105/48/7 101/43/7
f 101/43/7 105/48/7 106/33/7 102/30/7
f 89/45/7 88/49/7 107/50/7 103/46/7
f 103/46/7 107/50/7 108/51/7 104/47/7
f 104/47/7 108/51/7 109/52/7 105/48/7
f 105/48/7 109/52/7 110/35/7 106/33/7
f 88/49/7 87/24/7 111/53/7 107/50/7
f 107/50/7 111/53/7 112/54/7 108/51/7
f 108/51/7 112/54/7 113/55/7 109/52/7
f 109/52/7 113/55/7 114/25/7 110/35/7
f 87/24/7 14/23/7 98/56/7 111/53/7
f 111/53/7 98/56/7 97/57/7 112/54/7
f 112/54/7 97/57/7 96/58/7 113/55/7
f 113/55/7 96/58/7 95/26/7 114/25/7
f 82/59/6 118/60/6 90/38/6 13/37/6
f 118/60/6 122/61/6 89/45/6 90/38/6
f 122/61/6 126/62/6 88/49/6 89/45/6
f 126/62/6 130/21/6 87/24/6 88/49/6
f 11/63/6 78/64/6 115/65/6 79/66/6
f 79/66/6 115/65/6 116/67/6 80/68/6
f 80/68/6 116/67/6 117/69/6 81/70/6
f 81/70/6 117/69/6 118/60/6 82/59/6
f 78/64/6 77/71/6 119/72/6 115/65/6
f 115/65/6 119/72/6 120/73/6 116/67/6
f 116/67/6 120/73/6 121/74/6 117/69/6
f 117/69/6 121/74/6 122/61/6 118/60/6
f 77/71/6 76/75/6 123/76/6 119/72/6
f 119/72/6 123/76/6 124/77/6 120/73/6
f 120/73/6 124/77/6 125/78/6 121/74/6
f 121/74/6 125/78/6 126/62/6 122/61/6
f 76/75/6 75/79/6 127/80/6 123/76/6
f 123/76/6 127/80/6 128/81/6 124/77/6
f 124/77/6 128/81/6 129/82/6 125/78/6
f 125/78/6 129/82/6 130/21/6 126/62/6
f 75/79/6 12/83/6 86/84/6 127/80/6
f 127/80/6 86/84/6 85/85/6 128/81/6
f 128/81/6 85/85/6 84/86/6 129/82/6
f 129/82/6 84/86/6 83/22/6 130/21/6
f 70/87/5 134/88/5 78/89/5 11/90/5
f 134/88/5 138/91/5 77/92/5 78/89/5
f 138/91/5 142/93/5 76/94/5 77/92/5
f 142/93/5 146/17/5 75/20/5 76/94/5
f 9/95/5 66/96/5 131/97/5 67/98/5
f 67/98/5 131/97/5 132/99/5 68/100/5
f 68/100/5 132/99/5 133/101/5 69/102/5
f 69/102/5 133/101/5 134/88/5 70/87/5
f 66/96/5 65/103/5 135/104/5 131/97/5
f 131/97/5 135/104/5 136/105/5 132/99/5
f 132/99/5 136/105/5 137/106/5 133/101/5
f 133/101/5 137/106/5 138/91/5 134/88/5
f 65/103/5 64/107/5 139/108/5 135/104/5
f 135/104/5 139/108/5 140/109/5 136/105/5
f 136/105/5 140/109/5 141/110/5 137/106/5
f 137/106/5 141/110/5 142/93/5 138/91/5
f 64/107/5 63/16/5 143/111/5 139/108/5
f 139/108/5 143/111/5 144/112/5 140/109/5
f 140/109/5 144/112/5 145/113/5 141/110/5
f 141/110/5 145/113/5 146/17/5 142/93/5
f 63/16/5 10/15/5 74/114/5 143/111/5
f 143/111/5 74/114/5 73/115/5 144/112/5
f 144/112/5 73/115/5 72/116/5 145/113/5
f 145/113/5 72/116/5 71/18/5 146/17/5
f 58/117/4 150/118/4 66/96/4 9/95/4
f 150/118/4 154/119/4 65/103/4 66/96/4
f 154/119/4 158/120/4 64/107/4 65/103/4
f 158/120/4 162/13/4 63/16/4 64/107/4
f 7/121/4 54/122/4 147/123/4 55/124/4
f 55/124/4 147/123/4 148/125/4 56/126/4
f 211/127/4 213/128/4 149/129/4 57/130/4
f 57/130/4 149/129/4 150/118/4 58/117/4
f 54/122/4 53/131/4 151/132/4 147/123/4
f 147/123/4 151/132/4 152/133/4 148/125/4
f 213/128/4 214/134/4 153/135/4 149/129/4
f 149/129/4 153/135/4 154/119/4 150/118/4
f 53/131/4 52/136/4 155/137/4 151/132/4
f 151/132/4 155/137/4 156/138/4 152/133/4
f 214/134/4 215/139/4 157/140/4 153/135/4
f 153/135/4 157/140/4 158/120/4 154/119/4
f 52/136/4 51/12/4 159/141/4 155/137/4
f 155/137/4 159/141/4 160/142/4 156/138/4
f 215/139/4 216/143/4 161/144/4 157/140/4
f 157/140/4 161/144/4 162/13/4 158/120/4
f 51/12/4 8/11/4 62/145/4 159/141/4
f 159/141/4 62/145/4 61/146/4 160/142/4
f 216/143/4 212/147/4 60/148/4 161/144/4
f 161/144/4 60/148/4 59/14/4 162/13/4
f 46/149/3 166/150/3 54/122/3 7/121/3
f 166/150/3 170/151/3 53/131/3 54/122/3
f 170/152/3 174/153/3 52/154/3 53/155/3
f 174/156/3 178/9/3 51/12/3 52/136/3
f 5/157/3 42/158/3 163/159/3 43/160/3
f 43/160/3 163/159/3 164/161/3 44/162/3
f 44/162/3 164/161/3 165/163/3 45/164/3
f 45/165/3 165/166/3 166/167/3 46/168/3
f 42/169/3 41/170/3 167/171/3 163/172/3
f 163/172/3 167/171/3 168/173/3 164/174/3
f 164/161/3 168/175/3 169/176/3 165/163/3
f 165/166/3 169/177/3 170/152/3 166/167/3
f 41/178/3 40/179/3 171/180/3 167/181/3
f 167/181/3 171/180/3 172/182/3 168/175/3
f 168/175/3 172/182/3 173/183/3 169/176/3
f 169/177/3 173/184/3 174/153/3 170/152/3
f 40/185/3 39/8/3 175/186/3 171/187/3
f 171/187/3 175/186/3 176/188/3 172/189/3
f 172/182/3 176/190/3 177/191/3 173/183/3
f 173/184/3 177/192/3 178/193/3 174/153/3
f 39/194/3 6/195/3 50/196/3 175/197/3
f 175/197/3 50/196/3 49/198/3 176/190/3
f 176/190/3 49/198/3 48/199/3 177/191/3
f 177/192/3 48/200/3 47/201/3 178/193/3
f 34/202/2 182/203/2 42/169/2 5/204/2
f 182/203/2 186/205/2 41/170/2 42/169/2
f 186/205/2 190/206/2 40/185/2 41/170/2
f 190/206/2 194/5/2 39/8/2 40/185/2
f 3/207/2 30/208/2 179/209/2 31/210/2
f 31/210/2 179/209/2 180/211/2 32/212/2
f 32/212/2 180/211/2 181/213/2 33/214/2
f 33/214/2 181/213/2 182/203/2 34/202/2
f 30/208/2 29/215/2 183/216/2 179/209/2
f 179/209/2 183/216/2 184/217/2 180/211/2
f 180/211/2 184/217/2 185/218/2 181/213/2
f 181/213/2 185/218/2 186/205/2 182/203/2
f 29/215/2 28/219/2 187/220/2 183/216/2
f 183/216/2 187/220/2 188/221/2 184/217/2
f 184/217/2 188/221/2 189/222/2 185/218/2
f 185/218/2 189/222/2 190/206/2 186/205/2
f 28/219/2 27/223/2 191/224/2 187/220/2
f 187/220/2 191/224/2 192/225/2 188/221/2
f 188/221/2 192/225/2 193/226/2 189/222/2
f 189/222/2 193/226/2 194/5/2 190/206/2
f 27/223/2 4/227/2 38/228/2 191/224/2
f 191/224/2 38/228/2 37/229/2 192/225/2
f 192/225/2 37/229/2 36/230/2 193/226/2
f 193/226/2 36/230/2 35/6/2 194/5/2
f 18/231/1 198/232/1 30/233/1 3/234/1
f 198/232/1 202/235/1 29/236/1 30/233/1
f 202/235/1 206/237/1 28/238/1 29/236/1
f 206/237/1 210/1/1 27/4/1 28/238/1
f 1/32/1 23/31/1 195/239/1 15/240/1
f 15/240/1 195/239/1 196/241/1 16/242/1
f 16/243/1 196/244/1 197/245/1 17/246/1
f 17/246/1 197/245/1 198/247/1 18/248/1
f 23/31/1 24/34/1 199/249/1 195/239/1
f 195/239/1 199/249/1 200/250/1 196/241/1
f 196/244/1 200/251/1 201/252/1 197/245/1
f 197/245/1 201/252/1 202/253/1 198/247/1
f 24/34/1 25/36/1 203/254/1 199/249/1
f 199/249/1 203/254/1 204/255/1 200/250/1
f 200/251/1 204/256/1 205/257/1 201/252/1
f 201/252/1 205/257/1 206/258/1 202/253/1
f 25/36/1 26/28/1 207/259/1 203/254/1
f 203/254/1 207/259/1 208/260/1 204/255/1
f 204/256/1 208/261/1 209/262/1 205/257/1
f 205/257/1 209/262/1 210/263/1 206/258/1
f 26/28/1 2/27/1 22/264/1 207/259/1
f 207/259/1 22/264/1 21/265/1 208/260/1
f 208/261/1 21/266/1 20/267/1 209/262/1
f 209/268/1 20/269/1 19/2/1 210/1/1
f 160/142/4 61/146/4 212/147/4 216/143/4
f 156/138/4 160/142/4 216/143/4 215/139/4
f 152/133/4 156/138/4 215/139/4 214/134/4
f 148/125/4 152/133/4 214/134/4 213/128/4
f 56/126/4 148/125/4 213/128/4 211/127/4
f 9/270/8 67/271/8 217/272/8 58/273/8
f 67/271/8 68/274/8 229/275/8 217/272/8
f 68/274/8 69/276/8 241/277/8 229/275/8
f 69/276/8 70/278/8 253/279/8 241/277/8
f 70/278/8 11/280/8 79/281/8 253/279/8
f 58/273/8 217/272/8 218/282/8 57/283/8
f 217/272/8 229/275/8 230/284/8 218/282/8
f 229/275/8 241/277/8 242/285/8 230/284/8
f 241/277/8 253/279/8 254/286/8 242/285/8
f 253/279/8 79/281/8 80/287/8 254/286/8
f 57/283/8 218/282/8 219/288/8 211/289/8
f 218/282/8 230/284/8 231/290/8 219/288/8
f 230/284/8 242/285/8 243/291/8 231/290/8
f 242/285/8 254/286/8 255/292/8 243/291/8
f 254/286/8 80/287/8 81/293/8 255/292/8
f 211/289/8 219/288/8 220/294/8 56/295/8
f 219/288/8 231/290/8 232/296/8 220/294/8
f 231/290/8 243/291/8 244/297/8 232/296/8
f 243/291/8 255/292/8 256/298/8 244/297/8
f 255/292/8 81/293/8 82/299/8 256/298/8
f 56/295/8 220/294/8 221/300/8 55/301/8
f 220/294/8 232/296/8 233/302/8 221/300/8
f 232/296/8 244/297/8 245/303/8 233/302/8
f 244/297/8 256/298/8 257/304/8 245/303/8
f 256/298/8 82/299/8 13/305/8 257/304/8
f 55/301/8 221/300/8 222/306/8 7/307/8
f 221/300/8 233/302/8 234/308/8 222/306/8
f 233/302/8 245/303/8 246/309/8 234/308/8
f 245/303/8 257/304/8 258/310/8 246/309/8
f 257/304/8 13/305/8 91/311/8 258/310/8
f 7/307/8 222/306/8 223/312/8 46/313/8
f 222/306/8 234/308/8 235/314/8 223/312/8
f 234/308/8 246/309/8 247/315/8 235/314/8
f 246/309/8 258/310/8 259/316/8 247/315/8
f 258/310/8 91/311/8 92/317/8 259/316/8
f 46/313/8 223/312/8 224/318/8 45/319/8
f 223/312/8 235/314/8 236/320/8 224/318/8
f 235/314/8 247/315/8 248/321/8 236/320/8
f 247/315/8 259/316/8 260/322/8 248/321/8
f 259/316/8 92/317/8 93/323/8 260/322/8
f 45/319/8 224/318/8 225/324/8 44/325/8
f 224/318/8 236/320/8 237/326/8 225/324/8
f 236/320/8 248/321/8 249/327/8 237/326/8
f 248/321/8 260/322/8 261/328/8 249/327/8
f 260/322/8 93/323/8 94/329/8 261/328/8
f 44/325/8 225/324/8 226/330/8 43/331/8
f 225/324/8 237/326/8 238/332/8 226/330/8
f 237/326/8 249/327/8 250/333/8 238/332/8
f 249/327/8 261/328/8 262/334/8 250/333/8
f 261/328/8 94/329/8 1/335/8 262/334/8
f 43/331/8 226/330/8 227/336/8 5/337/8
f 226/330/8 238/332/8 239/338/8 227/336/8
f 238/332/8 250/333/8 251/339/8 239/338/8
f 250/333/8 262/334/8 263/340/8 251/339/8
f 262/334/8 1/335/8 15/341/8 263/340/8
f 5/337/8 227/336/8 228/342/8 34/343/8
f 227/336/8 239/338/8 240/344/8 228/342/8
f 239/338/8 251/339/8 252/345/8 240/344/8
f 251/339/8 263/340/8 264/346/8 252/345/8
f 263/340/8 15/341/8 16/347/8 264/346/8
f 34/343/8 228/342/8 32/348/8 33/349/8
f 228/342/8 240/344/8 31/350/8 32/348/8
f 240/344/8 252/345/8 3/351/8 31/350/8
f 252/345/8 264/346/8 18/352/8 3/351/8
f 264/346/8 16/347/8 17/353/8 18/352/8
f 97/354/9 98/355/9 265/356/9 96/357/9
f 98/355/9 14/358/9 277/359/9 265/356/9
f 14/358/9 83/360/9 289/361/9 277/359/9
f 83/360/9 84/362/9 301/363/9 289/361/9
f 84/362/9 85/364/9 86/365/9 301/363/9
f 96/357/9 265/356/9 266/366/9 95/367/9
f 265/356/9 277/359/9 278/368/9 266/366/9
f 277/359/9 289/361/9 290/369/9 278/368/9
f 289/361/9 301/363/9 302/370/9 290/369/9
f 301/363/9 86/365/9 12/371/9 302/370/9
f 95/367/9 266/366/9 267/372/9 2/373/9
f 266/366/9 278/368/9 279/374/9 267/372/9
f 278/368/9 290/369/9 291/375/9 279/374/9
f 290/369/9 302/370/9 303/376/9 291/375/9
f 302/370/9 12/371/9 71/377/9 303/376/9
f 2/373/9 267/372/9 268/378/9 22/379/9
f 267/372/9 279/374/9 280/380/9 268/378/9
f 279/374/9 291/375/9 292/381/9 280/380/9
f 291/375/9 303/376/9 304/382/9 292/381/9
f 303/376/9 71/377/9 72/383/9 304/382/9
f 22/379/9 268/378/9 269/384/9 21/385/9
f 268/378/9 280/380/9 281/386/9 269/384/9
f 280/380/9 292/381/9 293/387/9 281/386/9
f 292/381/9 304/382/9 305/388/9 293/387/9
f 304/382/9 72/383/9 73/389/9 305/388/9
f 21/385/9 269/384/9 270/390/9 20/391/9
f 269/384/9 281/386/9 282/392/9 270/390/9
f 281/386/9 293/387/9 294/393/9 282/392/9
f 293/387/9 305/388/9 306/394/9 294/393/9
f 305/388/9 73/389/9 74/395/9 306/394/9
f 20/391/9 270/390/9 271/396/9 19/397/9
f 270/390/9 282/392/9 283/398/9 271/396/9
f 282/392/9 294/393/9 295/399/9 283/398/9
f 294/393/9 306/394/9 307/400/9 295/399/9
f 306/394/9 74/395/9 10/401/9 307/400/9
f 19/397/9 271/396/9 272/402/9 4/403/9
f 271/396/9 283/398/9 284/404/9 272/402/9
f 283/398/9 295/399/9 296/405/9 284/404/9
f 295/399/9 307/400/9 308/406/9 296/405/9
f 307/400/9 10/401/9 59/407/9 308/406/9
f 4/403/9 272/402/9 273/408/9 38/409/9
f 272/402/9 284/404/9 285/410/9 273/408/9
f 284/404/9 296/405/9 297/411/9 285/410/9
f 296/405/9 308/406/9 309/412/9 297/411/9
f 308/406/9 59/407/9 60/413/9 309/412/9
f 38/409/9 273/408/9 274/414/9 37/415/9
f 273/408/9 285/410/9 286/416/9 274/414/9
f 285/410/9 297/411/9 298/417/9 286/416/9
f 297/411/9 309/412/9 310/418/9 298/417/9
f 309/412/9 60/413/9 212/419/9 310/418/9
f 37/415/9 274/414/9 275/420/9 36/421/9
f 274/414/9 286/416/9 287/422/9 275/420/9
f 286/416/9 298/417/9 299/423/9 287/422/9
f 298/417/9 310/418/9 311/424/9 299/423/9
f 310/418/9 212/419/9 61/425/9 311/424/9
f 36/421/9 275/420/9 276/426/9 35/427/9
f 275/420/9 287/422/9 288/428/9 276/426/9
f 287/422/9 299/423/9 300/429/9 288/428/9
f 299/423/9 311/424/9 312/430/9 300/429/9
f 311/424/9 61/425/9 62/431/9 312/430/9
f 35/427/9 276/426/9 50/432/9 6/433/9
f 276/426/9 288/428/9 49/434/9 50/432/9
f 288/428/9 300/429/9 48/435/9 49/434/9
f 300/429/9 312/430/9 47/436/9 48/435/9
f 312/430/9 62/431/9 8/437/9 47/436/9
o body
v -1.485133 0.617257 0.142775
v -1.986903 0.172904 0.215335
v -1.465932 0.596442 0.142775
v -0.897117 0.617257 0.142775
v -1.454108 0.573856 0.142775
v -0.877916 0.596442 0.142775
v -0.135970 0.617257 0.142775
v -1.450115 0.550368 0.142775
v -1.454108 0.526880 0.142775
v -1.965535 0.811543 0.163089
v -1.465932 0.504294 0.142775
v -0.866092 0.573856 0.142775
v -1.485133 0.483480 0.142775
v -0.862100 0.550368 0.142775
v -1.510973 0.470369 0.142775
v -0.116769 0.596442 0.142775
v -1.947209 0.172904 0.215335
v -1.936163 0.526880 0.142775
v -0.866092 0.526880 0.142775
v -1.940155 0.550368 0.142775
v -1.936163 0.573856 0.142775
v -0.877916 0.504294 0.142775
v -0.104945 0.573856 0.142775
v -1.924339 0.596442 0.142775
v 0.059383 0.294246 0.000000
v -1.905138 0.617257 0.142775
v -1.879297 0.630368 0.142775
v -0.897117 0.483480 0.142775
v -0.100953 0.550368 0.142775
v -0.922958 0.470369 0.142775
v -0.104945 0.526880 0.142775
v -1.348147 0.526880 0.142775
v -1.352140 0.550368 0.142775
v -1.986903 0.172904 0.000000
v -0.116769 0.504294 0.142775
v -1.348147 0.573856 0.142775
v -1.965535 0.811543 0.000000
v -1.336323 0.596442 0.142775
v -1.317122 0.617257 0.142775
v 0.059383 0.294246 0.215335
v -1.291282 0.630368 0.142775
v -0.135970 0.483480 0.142775
v -0.161811 0.470369 0.142775
v -0.587000 0.526880 0.142775
v 0.059383 0.788648 0.000000
v -1.510973 0.630368 0.142775
v 0.059383 0.788648 0.163089
v -0.590993 0.550368 0.142775
v -1.924339 0.504294 0.142775
v 0.059383 0.172904 0.215335
v -1.905138 0.483480 0.142775
v -0.587000 0.573856 0.142775
v -1.879297 0.470369 0.142775
v -0.575176 0.596442 0.142775
v 0.059383 0.172904 0.000000
v -0.555975 0.617257 0.142775
v -1.989956 0.683815 0.215335
v -0.530135 0.630368 0.142775
v -2.051010 0.294246 0.215335
v -1.989956 0.683815 0.000000
v 0.059383 0.683815 0.215335
v 0.059383 0.683815 0.000000
v -1.947209 0.294246 0.215335
v -1.947209 0.811543 0.163089
v -0.922958 0.630368 0.142775
v -1.947209 0.811543 0.000000
v -1.336323 0.504294 0.142775
v -1.317122 0.483480 0.142775
v -1.947209 0.172904 0.000000
v -1.947209 0.683815 0.215335
v -1.291282 0.470369 0.142775
v -1.255463 0.294246 0.215335
v -1.255463 0.172904 0.215335
v 0.112133 -0.394324 0.085777
v -1.947209 -0.117222 0.000000
v 0.059383 0.101691 0.215335
v -1.947209 0.101691 0.000000
v -1.947209 0.101691 0.215335
v 0.059383 0.101691 0.000000
v 0.059383 0.062600 0.176766
v -1.947209 0.062600 0.000000
v -1.947209 0.062600 0.176766
v -0.161811 0.630368 0.142775
v -1.986903 0.172904 0.138640
v -0.575176 0.504294 0.142775
v -1.965535 0.811543 0.105002
v -0.555975 0.483480 0.142775
v 0.059383 0.788648 0.105002
v -0.530135 0.470369 0.142775
v 0.059383 0.172904 0.138640
v -2.051010 0.294246 0.138640
v 0.059383 0.294246 0.138640
v 0.059383 0.683815 0.138640
v -1.989956 0.683815 0.138640
v -1.947209 0.811543 0.105002
v -1.947209 0.172904 0.138640
v 0.059383 -0.038097 0.091361
v -1.947209 -0.117222 0.138640
v 0.059383 0.101691 0.138640
v -1.947209 0.101691 0.138640
v 0.059383 0.062600 0.137688
v -1.947209 0.062600 0.137688
v -1.255463 0.811543 0.163089
v -1.255463 0.811543 0.000000
v -1.255463 0.683815 0.215335
v -1.255463 -0.117222 0.000000
v -1.255463 0.101691 0.215335
v -1.255463 0.062600 0.176766
v -1.255463 0.062600 0.137688
v -1.255463 -0.117222 0.138640
v -1.255463 0.811543 0.105002
v -0.162399 0.172904 0.215335
v -0.162399 0.294246 0.215335
v -0.162399 0.787122 0.163089
v -0.162399 0.787122 0.000000
v -0.646111 -0.147894 0.091361
v -0.162399 0.101691 0.215335
v -0.162399 0.062600 0.176766
v -0.162399 0.062600 0.137688
v -0.162399 0.683815 0.215335
v -0.162399 -0.038097 0.091361
v -0.162399 0.787122 0.105002
v -0.269562 0.738400 0.000000
v -0.344576 0.738400 0.000000
v -0.453948 0.738400 0.000000
v -0.529692 0.738400 0.000000
v -0.641336 0.738400 0.000000
v -0.711819 0.738400 0.000000
v -0.821553 0.738400 0.000000
v -0.896920 0.738400 0.000000
v -1.004435 0.738400 0.000000
v -1.085048 0.738400 0.000000
v -1.193844 0.738400 0.000000
v -0.269562 0.683815 0.215335
v -0.344576 0.683815 0.215335
v -0.453948 0.683815 0.215335
v -0.529692 0.683815 0.215335
v -0.641336 0.683815 0.215335
v -0.711819 0.683815 0.215335
v -0.821553 0.683815 0.215335
v -0.896920 0.683815 0.215335
v -1.004435 0.683815 0.215335
v -1.085048 0.683815 0.215335
v -1.193844 0.683815 0.215335
v -0.269562 -0.038097 0.091361
v -0.344576 -0.048647 0.091361
v -0.453948 -0.085572 0.091361
v -0.523436 -0.107175 0.091361
v -0.641336 -0.143597 0.091361
v -0.711819 -0.118964 0.129435
v -0.821553 -0.117222 0.138640
v -0.896920 -0.117222 0.138640
v -1.004435 -0.117222 0.138640
v -1.085048 -0.117222 0.138640
v -1.193844 -0.117222 0.138640
v -0.269562 0.738400 0.105002
v -0.344576 0.738400 0.105002
v -0.453948 0.738400 0.105002
v -0.529692 0.738400 0.105002
v -0.641336 0.738400 0.105002
v -0.711819 0.738400 0.105002
v -0.821553 0.738400 0.105002
v -0.896920 0.738400 0.105002
v -1.004435 0.738400 0.105002
v -1.085048 0.738400 0.105002
v -1.193844 0.738400 0.105002
v -1.193844 0.172904 0.215335
v -1.085048 0.172904 0.215335
v -1.004435 0.172904 0.215335
v -0.896920 0.172904 0.215335
v -0.821553 0.172904 0.215335
v -0.711819 0.172904 0.215335
v -0.641336 0.172904 0.215335
v -0.529692 0.172904 0.215335
v -0.453948 0.172904 0.215335
v -0.344576 0.172904 0.215335
v -0.269562 0.172904 0.215335
v -1.193844 0.294246 0.215335
v -1.085048 0.294246 0.215335
v -1.004435 0.294246 0.215335
v -0.896920 0.294246 0.215335
v -0.821553 0.294246 0.215335
v -0.711819 0.294246 0.215335
v -0.641336 0.294246 0.215335
v -0.529692 0.294246 0.215335
v -0.453948 0.294246 0.215335
v -0.344576 0.294246 0.215335
v -0.269562 0.294246 0.215335
v -1.193844 0.738400 0.163089
v -1.085048 0.738400 0.163089
v -1.004435 0.738400 0.163089
v -0.896920 0.738400 0.163089
v -0.821553 0.738400 0.163089
v -0.711819 0.738400 0.163089
v -0.641336 0.738400 0.163089
v -0.529692 0.738400 0.163089
v -0.453948 0.738400 0.163089
v -0.344576 0.738400 0.163089
v -0.269562 0.738400 0.163089
v -1.193844 -0.117222 0.000000
v -1.085048 -0.117222 0.000000
v -1.004435 -0.117222 0.000000
v -0.896920 -0.117222 0.000000
v -0.821553 -0.117222 0.000000
v -0.711819 -0.118964 0.000000
v -0.641336 -0.143597 0.000000
v -0.453948 -0.239568 0.091361
v 0.718395 -0.408082 0.083625
v 0.059383 -0.349470 0.091361
v -0.646111 -0.147894 0.000000
v -1.193844 0.101691 0.215335
v -1.085048 0.101691 0.215335
v -1.004435 0.101691 0.215335
v -0.896920 0.101691 0.215335
v -0.821553 0.101691 0.215335
v -0.711819 0.101691 0.215335
v -0.641336 0.101691 0.215335
v -0.529692 0.101691 0.215335
v -0.453948 0.101691 0.215335
v -0.344576 0.101691 0.215335
v -0.269562 0.101691 0.215335
v -1.193844 0.062600 0.176766
v -1.085048 0.062600 0.176766
v -1.004435 0.062600 0.176766
v -0.896920 0.062600 0.176766
v -0.821553 0.062600 0.176766
v -0.711819 0.062600 0.176766
v -0.641336 0.062600 0.176766
v -0.529692 0.062600 0.176766
v -0.453948 0.062600 0.176766
v -0.344576 0.062600 0.176766
v -0.269562 0.062600 0.176766
v -1.193844 0.062600 0.137688
v -1.085048 0.062600 0.137688
v -1.004435 0.062600 0.137688
v -0.896920 0.062600 0.137688
v -0.821553 0.062600 0.137688
v -0.711819 0.062600 0.128483
v -0.641336 0.062600 0.137688
v -0.529692 0.062600 0.137688
v -0.453948 0.062600 0.137688
v -0.344576 0.062600 0.137688
v -0.269562 0.062600 0.137688
v -2.015785 0.202388 0.000000
v -2.100185 0.159717 0.000000
v -2.100185 0.159717 0.138640
v -2.015785 0.202388 0.138640
v -1.957232 0.083030 0.138640
v -1.988030 -0.116309 0.138640
v -1.957232 0.083030 0.000000
v -1.988030 -0.116309 0.000000
v 0.890893 -0.038097 0.091361
v 0.890893 0.101691 0.000000
v 0.890893 0.101691 0.138640
v 0.890893 0.101691 0.215335
v 0.890893 0.062600 0.176766
v 0.890893 0.062600 0.137688
v 0.718761 0.062600 0.176766
v 0.718761 0.062600 0.137688
v 0.718761 0.101691 0.215335
v 0.718761 0.101691 0.138640
v 0.673697 0.101691 0.138640
v 0.718761 -0.038097 0.091361
v 0.718761 0.101691 0.000000
v 0.112133 0.062600 0.176766
v 0.112133 0.101691 0.138640
v 0.112133 -0.038097 0.091361
v 0.112133 0.101691 0.000000
v 0.112133 0.062600 0.137688
v 0.112133 0.101691 0.215335
v 0.112133 -0.038097 0.000000
v 0.193896 0.062600 0.137688
v 0.193896 0.101691 0.215335
v 0.193896 0.029673 0.000000
v 0.193896 0.062600 0.176766
v 0.193896 0.101691 0.138640
v 0.193896 0.029673 0.091361
v 0.193896 0.101691 0.000000
v 0.628633 0.062600 0.137688
v 0.628633 0.101691 0.215335
v 0.673697 0.062600 0.137688
v 0.628633 0.062600 0.176766
v 0.628633 0.101691 0.138640
v 0.628633 0.027841 0.091361
v 0.628633 0.101691 0.000000
v 0.411264 0.062600 0.176766
v 0.411264 0.101691 0.138640
v 0.411264 0.044326 0.091361
v 0.411264 0.101691 0.000000
v 0.411264 0.062600 0.137688
v 0.411264 0.101691 0.215335
v 0.411264 0.044326 0.000000
v 0.549108 0.062600 0.137688
v 0.549108 0.101691 0.215335
v 0.673697 0.101691 0.215335
v 0.549108 0.062600 0.176766
v 0.549108 0.101691 0.138640
v 0.549108 0.042494 0.091361
v 0.549108 0.101691 0.000000
v 0.278722 0.062600 0.176766
v 0.278722 0.101691 0.138640
v 0.278722 0.044326 0.091361
v 0.278722 0.101691 0.000000
v 0.278722 0.062600 0.137688
v 0.278722 0.101691 0.215335
v 0.278722 0.044326 0.000000
v 0.059383 -0.408082 0.083625
v 0.059383 -0.408082 0.000000
v -0.162399 -0.364123 0.000000
v -0.269562 -0.342144 0.000000
v -0.162399 -0.364123 0.083625
v -0.269562 -0.342144 0.083625
v -0.344576 -0.327051 0.083625
v -0.453948 -0.303533 0.083625
v -0.595630 -0.259502 0.083625
v -0.711209 -0.155067 0.083625
v -0.711208 -0.155067 0.000000
v -0.595629 -0.259502 0.000000
v -0.453948 -0.303533 0.000000
v -0.344576 -0.327051 0.000000
v 0.112133 -0.408082 0.083625
v 0.112133 -0.408082 0.000000
v -0.344576 -0.260603 0.091361
v -0.162399 -0.300370 0.091361
v -0.567834 -0.218413 0.091361
v -0.269562 -0.275716 0.091361
v -0.643724 -0.145746 0.091361
v 0.112133 -0.198362 0.091361
v -0.453948 -0.162570 0.091361
v 0.112133 -0.198362 0.000000
v -0.162399 -0.169234 0.091361
v -0.526135 -0.156770 0.091361
v -0.643723 -0.145746 0.000000
v 0.059383 -0.193783 0.091361
v -0.344576 -0.154625 0.091361
v -0.269562 -0.156906 0.091361
v 0.890893 -0.227391 0.083625
v 0.890893 -0.213633 0.085777
v 0.890893 -0.227391 0.000000
v 0.890893 -0.192003 0.091361
v 0.718395 -0.256974 0.091361
v 0.718395 -0.394324 0.085777
v 0.718395 -0.256974 0.000000
v 0.718395 -0.408082 0.000000
v 0.641235 -0.319249 0.091361
v 0.641235 -0.319249 0.000000
v 0.641235 -0.408082 0.083625
v 0.641235 -0.394324 0.085777
v 0.718395 -0.480925 0.000000
v 0.560400 -0.355881 0.091361
v 0.560400 -0.355881 0.000000
v 0.560400 -0.408082 0.083625
v 0.560400 -0.394324 0.085777
v 0.200835 -0.416578 0.055557
v 0.426287 -0.350386 0.091361
v 0.426287 -0.350386 0.000000
v 0.426287 -0.408082 0.083625
v 0.426287 -0.394324 0.085777
v 0.718395 -0.480925 0.083625
v 0.289538 -0.315585 0.091361
v 0.289538 -0.315585 0.000000
v 0.289538 -0.408082 0.083625
v 0.289538 -0.394324 0.085777
v 0.641235 -0.525347 0.083625
v 0.200835 -0.278953 0.091361
v 0.200835 -0.278953 0.000000
v 0.200835 -0.408082 0.083625
v 0.200835 -0.394324 0.085777
v 0.200835 -0.408082 0.000000
v 0.480186 0.062600 0.176766
v 0.480186 0.101691 0.138640
v 0.480186 0.043410 0.091361
v 0.480186 0.101691 0.000000
v 0.480186 0.062600 0.137688
v 0.480186 0.101691 0.215335
v 0.673697 0.062600 0.176766
v 0.493343 -0.408082 0.083625
v 0.493343 -0.394324 0.085777
v 0.493343 -0.614093 0.083625
v 0.493343 -0.367786 0.091361
v 0.493343 -0.367786 0.000000
v 0.641235 -0.550947 0.055557
v 0.718395 -0.506989 0.055557
v 0.641235 -0.550947 0.000000
v 0.718395 -0.506989 0.000000
v 0.560400 -0.594906 0.055557
v 0.560400 -0.594906 0.000000
v 0.493343 -0.632271 0.055557
v 0.493343 -0.632271 0.000000
v 0.296131 -0.632270 0.055557
v 0.393318 -0.691615 0.055557
v 0.296131 -0.632270 0.000000
v 0.393318 -0.691615 0.000000
v 0.200835 -0.464567 0.055557
v 0.200835 -0.464567 0.000000
v 0.560400 -0.573367 0.083625
v 0.464586 -0.623005 0.083625
v 0.294394 -0.547246 0.083625
v 0.200835 -0.416578 0.000000
v 0.769893 -0.300322 0.083625
v 0.769893 -0.286564 0.085777
v 0.769893 -0.300322 0.000000
v 0.768027 -0.193735 0.091361
v 0.768027 -0.193735 0.000000
v 0.766161 0.062600 0.137688
v 0.766161 0.101691 0.215335
v 0.756202 -0.123533 0.000000
v 0.766161 0.062600 0.176766
v 0.766161 0.101691 0.138640
v 0.756202 -0.123533 0.091361
v 0.766161 0.101691 0.000000
v 0.832977 -0.253257 0.083625
v 0.832137 0.101691 0.215335
v 0.832137 0.062600 0.137688
v 0.832977 -0.239499 0.085777
v 0.832977 -0.253257 0.000000
v 0.832557 -0.192869 0.091361
v 0.832137 0.062600 0.176766
v 0.832137 0.101691 0.138640
v 0.832137 -0.085795 0.091361
v 0.832137 0.101691 0.000000
v -0.051508 0.172904 0.215335
v -0.051508 0.294246 0.215335
v -0.051508 0.787122 0.163089
v -0.051508 0.101691 0.215335
v -0.051508 0.062600 0.176766
v -0.051508 0.062600 0.137688
v 0.685853 0.829432 0.105002
v -0.051508 0.683815 0.215335
v -0.051508 -0.038097 0.091361
v 0.685853 0.829432 0.163089
v -0.051508 -0.386102 0.000000
v -0.051508 -0.386102 0.083625
v -0.051508 -0.324920 0.091361
v -0.051508 -0.181508 0.091361
v 0.115474 0.838232 0.105002
v 0.115474 0.838232 0.163089
v 0.045733 0.891837 0.163089
v 0.115474 0.838232 0.000000
v 0.890893 0.829432 0.105002
v -0.022115 0.933964 0.000000
v 0.890893 0.829432 0.163089
v -0.022115 0.933964 0.105002
v -0.022115 0.933964 0.163089
v 0.689377 0.912037 0.163089
v 0.685853 0.829432 0.000000
v 0.685636 0.998428 0.000000
v 0.685636 0.998428 0.105003
v 0.685636 0.998428 0.163089
v 0.890893 0.912037 0.163089
v 0.890893 0.829432 0.000000
v 0.890893 0.998428 0.000000
v 0.890893 0.998428 0.105003
v 0.890893 0.998428 0.163089
v 1.009643 -0.038097 0.164748
v 1.009643 0.101691 0.138640
v 1.009643 0.101691 0.215335
v 1.009643 0.062600 0.176766
v 1.009643 0.062600 0.137688
v 1.009643 -0.227391 0.103994
v 1.009643 -0.213633 0.160761
v 1.009643 -0.227391 0.000000
v 1.009643 -0.192003 0.162362
v 1.009643 0.829432 0.105002
v 1.009643 0.829432 0.163089
v 0.980959 0.888732 0.163089
v 1.009643 0.829432 0.000000
v 0.980959 0.888732 0.000000
v 0.949815 0.953610 0.000000
v 0.980959 0.888732 0.105002
v 0.949815 0.953610 0.105002
v 0.949815 0.953610 0.163089
v 0.890893 0.683635 0.111742
v 0.890893 0.683635 0.173556
v 1.009643 0.683635 0.111742
v 1.009643 0.683635 0.173556
v 0.890893 0.683635 0.000000
v 0.890893 0.291510 0.129866
v 0.890893 0.291510 0.201707
v 1.009643 0.291510 0.129866
v 1.009643 0.291510 0.201707
v 0.890893 0.291510 0.000000
v 0.890893 0.170376 0.135466
v 0.890893 0.170376 0.210404
v 1.009643 0.170376 0.135466
v 1.009643 0.170376 0.210404
v 0.890893 0.170376 0.000000
v 1.726878 -0.038097 0.167904
v 1.726878 -0.038097 0.000000
v 1.571986 0.062600 0.000000
v 1.546171 0.101691 0.000000
v 1.546171 0.101691 0.138640
v 1.571986 0.062600 0.136898
v 1.877890 -0.227391 0.156716
v 1.871838 -0.213633 0.154450
v 1.877890 -0.227391 0.000000
v 1.871838 -0.214611 0.000000
v 1.856276 -0.192003 0.146603
v 1.856276 -0.192003 0.000000
v 1.290815 0.062600 0.162977
v 1.193362 0.683635 0.111742
v 1.518205 0.291510 0.129866
v 1.518205 0.291510 0.000000
v 1.518205 0.170376 0.135466
v 1.518205 0.170376 0.000000
v 1.424727 -1.130721 0.000000
v 1.424727 -1.130721 0.103994
v 2.074243 -0.866785 0.000000
v 2.074243 -0.866785 0.132456
v 0.890893 0.780833 0.107249
v 0.890893 0.780833 0.166578
v 1.009643 0.780833 0.107249
v 1.009643 0.780833 0.000000
v 1.009643 0.780833 0.166578
v 0.890893 0.780833 0.000000
v 1.117436 0.731280 0.109539
v 1.117436 0.731280 0.000000
v 1.101503 0.683635 0.111742
v 1.263924 0.291510 0.129866
v 1.263924 0.170376 0.135466
v 1.277907 0.101691 0.138640
v 1.368261 -0.038097 0.203658
v 1.432960 -0.192003 0.209046
v 1.443767 -0.227391 0.206069
v 1.440740 -0.213633 0.207445
v 1.775480 -0.998753 0.181809
v 1.775480 -0.998753 0.000000
v 1.054934 0.745300 0.000000
v 1.054934 0.745300 0.108394
v 0.890893 0.549430 0.117945
v 0.890893 0.549430 0.183191
v 1.009643 0.549430 0.117945
v 1.009643 0.549430 0.183191
v 0.890893 0.549430 0.000000
v 1.235698 0.549430 0.117945
v 1.235698 0.549430 0.000000
v 1.157091 0.549430 0.117945
v 0.890893 0.616532 0.114843
v 0.890893 0.616532 0.178373
v 1.009643 0.616532 0.114843
v 1.009643 0.616532 0.178373
v 0.890893 0.616532 0.000000
v 1.227438 0.616532 0.114843
v 1.227438 0.616532 0.000000
v 1.129297 0.616532 0.114843
v 0.890893 0.420470 0.123906
v 0.890893 0.420470 0.192449
v 1.009643 0.420470 0.123906
v 1.009643 0.420470 0.192449
v 0.890893 0.420470 0.000000
v 1.577020 0.407562 0.123906
v 1.577020 0.407562 0.000000
v 1.210507 0.420470 0.123906
v 0.890893 0.506443 0.119932
v 1.165994 0.527937 0.118938
v 0.890893 0.506443 0.186277
v 1.306210 0.520407 0.000000
v 1.009643 0.506443 0.119932
v 1.306210 0.520407 0.118938
v 0.890893 0.527937 0.000000
v 1.009643 0.506443 0.186277
v 1.009643 0.527937 0.184734
v 0.890893 0.506443 0.000000
v 1.497193 0.512897 0.119932
v 1.009643 0.527937 0.118938
v 1.497193 0.512897 0.000000
v 0.890893 0.527937 0.184734
v 1.174896 0.506443 0.119932
v 0.890893 0.527937 0.118938
v 0.890893 0.355990 0.126886
v 0.890893 0.355990 0.197078
v 1.009643 0.355990 0.126886
v 1.009643 0.355990 0.197078
v 0.890893 0.355990 0.000000
v 1.532553 0.349536 0.126886
v 1.532553 0.349536 0.000000
v 1.237216 0.355990 0.126886
v 1.418471 0.797240 0.114843
v 1.394001 0.822197 0.111742
v 1.418471 0.797239 0.000000
v 1.394001 0.822197 0.000000
v 1.367844 0.831960 0.109539
v 1.367844 0.831960 0.000000
v 1.248024 0.707829 0.111742
v 1.303407 0.737066 0.111742
v 1.350865 0.777830 0.111742
v 1.323254 0.783735 0.109539
v 1.258490 0.746317 0.109539
v 1.191565 0.730513 0.109539
v 1.298971 0.625686 0.114843
v 1.352493 0.683111 0.114843
v 1.388004 0.736933 0.114843
v 1.323254 0.783735 0.000000
v 1.258490 0.746317 0.000000
v 1.191565 0.730513 0.000000
v 1.388004 0.736933 0.000000
v 1.352493 0.683111 0.000000
v 1.298971 0.625686 0.000000
v 1.154500 0.730897 0.109539
v 1.154500 0.730897 0.000000
v 1.261043 0.631196 0.000000
v 1.220693 0.695732 0.111742
v 1.261043 0.631196 0.114843
v 1.891368 -0.264504 0.156716
v 1.891368 -0.264504 0.000000
v 1.093832 -0.279823 0.000000
v 1.093832 -0.279823 0.103994
v 1.463020 -0.272163 0.206069
v 1.911253 -0.319256 0.156716
v 1.931137 -0.374009 0.156716
v 1.951022 -0.428762 0.156716
v 1.972699 -0.503235 0.156716
v 2.091183 -0.538268 0.165919
v 2.105690 -0.593021 0.165919
v 2.111233 -0.647774 0.165919
v 2.109604 -0.702526 0.165919
v 2.102598 -0.757279 0.165919
v 2.090214 -0.812032 0.165919
v 1.491426 -0.338217 0.206069
v 1.519831 -0.404270 0.206069
v 1.548236 -0.470324 0.206069
v 1.576642 -0.536378 0.206069
v 1.605047 -0.602431 0.215272
v 1.633452 -0.668485 0.215272
v 1.661858 -0.734538 0.215272
v 1.690264 -0.800592 0.215272
v 1.718669 -0.866646 0.215272
v 1.747074 -0.932699 0.215272
v 2.090213 -0.812032 0.000000
v 2.102598 -0.757279 0.000000
v 2.109604 -0.702526 0.000000
v 2.111233 -0.647774 0.000000
v 2.105690 -0.593021 0.000000
v 2.091183 -0.538268 0.000000
v 1.972699 -0.503235 0.000000
v 1.951022 -0.428762 0.000000
v 1.931137 -0.374009 0.000000
v 1.911252 -0.319256 0.000000
v 1.373459 -1.053366 0.000000
v 1.367009 -0.976012 0.000000
v 1.360559 -0.898658 0.000000
v 1.346939 -0.821303 0.000000
v 1.318976 -0.743949 0.000000
v 1.278464 -0.666595 0.000000
v 1.182378 -0.589240 0.000000
v 1.140073 -0.511886 0.000000
v 1.156929 -0.434532 0.000000
v 1.143308 -0.357177 0.000000
v 1.373459 -1.053366 0.103994
v 1.367009 -0.976012 0.103994
v 1.360559 -0.898658 0.103994
v 1.346939 -0.821303 0.103994
v 1.318976 -0.743949 0.103994
v 1.278464 -0.666595 0.103994
v 1.182378 -0.589240 0.103994
v 1.140073 -0.511886 0.103994
v 1.156929 -0.434532 0.103994
v 1.143308 -0.357177 0.103994
v 2.031941 -0.520751 0.165919
v 1.590844 -0.569404 0.215272
v 2.031941 -0.520751 0.000000
v 1.246556 -0.627917 0.000000
v 1.246556 -0.627917 0.103994
v 1.460153 0.062600 0.162977
v 1.417067 0.291510 0.129866
v 1.439472 0.101691 0.138640
v 1.584242 -0.038097 0.203658
v 1.687907 -0.192003 0.209046
v 1.705222 -0.227391 0.206069
v 1.955413 -0.919274 0.181809
v 1.955413 -0.919274 0.000000
v 1.092576 0.736856 0.000000
v 1.092576 0.736856 0.109084
v 1.156826 0.683635 0.111742
v 1.417067 0.170376 0.135466
v 1.700373 -0.213633 0.207445
v 1.204433 0.549430 0.117945
v 1.188403 0.616532 0.114843
v 1.431243 0.412696 0.123906
v 1.369003 0.510330 0.119932
v 1.250440 0.523402 0.118938
v 1.415086 0.352103 0.126886
v 1.720997 -0.267550 0.206069
v 1.744271 -0.326798 0.206069
v 1.767545 -0.386045 0.206069
v 1.790818 -0.445293 0.206069
v 1.815171 -0.516417 0.206069
v 1.897828 -0.563788 0.215272
v 1.917862 -0.623036 0.215272
v 1.932498 -0.682283 0.215272
v 1.942816 -0.741531 0.215272
v 1.949894 -0.800779 0.215272
v 1.953733 -0.860026 0.215272
v 1.856499 -0.540103 0.215272
v 1.068161 0.683635 0.111742
v 1.171629 0.170376 0.135466
v 1.188760 0.062600 0.162977
v 1.284268 -0.213633 0.207445
v 1.171629 0.291510 0.129866
v 1.180537 0.101691 0.138640
v 1.238096 -0.038097 0.203658
v 1.279312 -0.192003 0.209046
v 1.286196 -0.227391 0.206069
v 1.648170 -1.046652 0.181809
v 1.648170 -1.046652 0.000000
v 1.038495 0.758197 0.000000
v 1.038495 0.758197 0.107978
v 1.103573 0.549430 0.117945
v 1.085867 0.616532 0.114843
v 1.137601 0.420470 0.123906
v 1.114916 0.506443 0.119932
v 1.109244 0.527937 0.118938
v 1.154615 0.355990 0.126886
v 1.329019 -0.274943 0.206069
v 1.365072 -0.345099 0.206069
v 1.388111 -0.415254 0.206069
v 1.400089 -0.485409 0.206069
v 1.433539 -0.555565 0.206069
v 1.486510 -0.625720 0.215272
v 1.519309 -0.695875 0.215272
v 1.547554 -0.766031 0.215272
v 1.570593 -0.836186 0.215272
v 1.591029 -0.906341 0.215272
v 1.611466 -0.976497 0.215272
v 1.465880 -0.590642 0.215272
v 1.026630 0.683635 0.111742
v 1.056668 0.170376 0.135466
v 1.089366 -0.213633 0.183185
v 1.061641 0.062600 0.138640
v 1.056668 0.291510 0.129866
v 1.059254 0.101691 0.138640
v 1.075963 -0.038097 0.179398
v 1.087928 -0.192003 0.184786
v 1.089926 -0.227391 0.181809
v 1.489592 -1.106315 0.181809
v 1.489592 -1.106315 0.000000
v 1.018019 0.774262 0.000000
v 1.018019 0.774262 0.107461
v 1.036911 0.549430 0.117945
v 1.031771 0.616532 0.114843
v 1.046789 0.420470 0.123906
v 1.040204 0.506443 0.119932
v 1.038557 0.527937 0.118938
v 1.051728 0.355990 0.126886
v 1.162107 -0.278407 0.181809
v 1.207685 -0.353671 0.181809
v 1.224041 -0.428935 0.181809
v 1.215555 -0.504200 0.181809
v 1.255290 -0.579464 0.181809
v 1.338860 -0.654729 0.181809
v 1.377133 -0.729993 0.181809
v 1.405177 -0.805258 0.181809
v 1.421532 -0.880522 0.181809
v 1.432042 -0.955787 0.181809
v 1.442552 -1.031051 0.181809
v 1.310225 -0.617097 0.181809
v 2.040315 -0.923253 0.000000
v 2.040315 -0.923253 0.115770
v 1.954274 -0.961258 0.145601
v 1.954274 -0.961258 0.000000
v 1.535022 -1.146016 0.139912
v 1.642967 -1.105403 0.139912
v 1.535022 -1.146016 0.000000
v 1.642967 -1.105403 0.000000
v 0.029104 0.865104 0.162719
v 0.083556 0.823766 0.000000
v -0.023697 0.925096 0.162719
v -0.022937 0.925096 0.000000
v -0.022337 0.925096 0.105003
v 0.083556 0.823766 0.163089
v 0.083556 0.823766 0.105002
v -0.269562 0.800544 0.163089
v -0.162399 0.800544 0.163089
v -0.162399 0.800544 0.105002
v -0.162399 0.800544 0.000000
v -0.269562 0.800544 0.000000
v -0.344576 0.800544 0.000000
v -0.453948 0.800544 0.000000
v -0.529692 0.800544 0.000000
v -0.641336 0.800544 0.000000
v -0.711819 0.800544 0.000000
v -0.821553 0.800544 0.000000
v -0.896920 0.800544 0.000000
v -1.004435 0.800544 0.000000
v -1.085048 0.800544 0.000000
v -1.193844 0.800544 0.000000
v -0.269562 0.800544 0.105002
v -0.344576 0.800544 0.105002
v -0.453948 0.800544 0.105002
v -0.529692 0.800544 0.105002
v -0.641336 0.800544 0.105002
v -0.711819 0.800544 0.105002
v -0.821553 0.800544 0.105002
v -0.896920 0.800544 0.105002
v -1.004435 0.800544 0.105002
v -1.085048 0.800544 0.105002
v -1.193844 0.800544 0.105002
v -1.193844 0.800544 0.163089
v -1.085048 0.800544 0.163089
v -1.004435 0.800544 0.163089
v -0.896920 0.800544 0.163089
v -0.821553 0.800544 0.163089
v -0.711819 0.800544 0.163089
v -0.641336 0.800544 0.163089
v -0.529692 0.800544 0.163089
v -0.453948 0.800544 0.163089
v -0.344576 0.800544 0.163089
v -1.435563 0.811543 0.000000
v -1.435563 0.683815 0.215335
v -1.435563 0.811543 0.163089
v -1.435563 0.294246 0.215335
v -1.435563 0.172904 0.215335
v -1.435563 -0.117222 0.138640
v -1.435563 0.811543 0.105002
v -1.435563 -0.117222 0.000000
v -1.435563 0.101691 0.215335
v -1.435563 0.062600 0.176766
v -1.435563 0.062600 0.137688
v -1.848670 0.811543 0.000000
v -1.848670 0.683815 0.215335
v -1.848670 -0.117222 0.138640
v -1.848670 0.811543 0.105002
v -1.848670 0.811543 0.163089
v -1.848670 0.294246 0.215335
v -1.848670 0.172904 0.215335
v -1.848670 -0.117222 0.000000
v -1.848670 0.101691 0.215335
v -1.848670 0.062600 0.176766
v -1.848670 0.062600 0.137688
v -1.812099 0.947073 0.106017
v -1.698019 0.947073 0.106017
v -1.698019 0.947073 0.092896
v -1.698019 0.947073 0.000000
v -1.812099 0.947073 0.000000
v -1.812099 0.947073 0.092896
v -1.457618 0.845697 0.000000
v -1.457618 0.845697 0.105003
v -1.870725 0.845697 0.163089
v -1.870725 0.845697 0.105003
v -1.870725 0.845697 0.000000
v -1.457618 0.845697 0.163089
v -1.663869 0.896385 0.000000
v -1.841412 0.896385 0.163089
v -1.841412 0.896385 0.000000
v -1.663869 0.896385 0.163089
v -1.663869 0.896385 0.105003
v -1.841412 0.896385 0.105003
v -1.614525 0.871041 0.105003
v -1.856068 0.871041 0.105003
v -1.614525 0.871041 0.000000
v -1.856068 0.871041 0.163089
v -1.856068 0.871041 0.000000
v -1.614525 0.871041 0.163089
v 0.556005 -0.117437 0.000000
v 0.561061 -0.328619 0.000000
v 0.510715 -0.060248 0.000000
v 0.434082 -0.009656 0.000000
v 0.458393 -0.026134 0.000000
v 0.697683 -0.263209 0.000000
v 0.673697 -0.005128 0.091361
v 0.673697 0.101691 0.000000
v 0.570983 -0.205391 0.000000
v 0.418870 0.026332 0.000000
v 0.426476 0.008338 0.000000
v 0.708405 -0.222045 0.000000
v 0.714978 -0.158058 0.000000
v 0.696229 0.062600 0.137688
v 0.696229 0.101691 0.215335
v 0.546310 -0.284642 0.000000
v 0.696229 0.062600 0.176766
v 0.696229 0.101691 0.138640
v 0.696229 -0.021612 0.091361
v 0.696229 0.101691 0.000000
v 0.742461 0.062600 0.176766
v 0.742461 0.101691 0.138640
v 0.742461 -0.085795 0.091361
v 0.742461 0.101691 0.000000
v 0.742461 0.062600 0.137688
v 0.742461 0.101691 0.215335
v 0.630617 -0.308364 0.000000
v 0.112133 -0.038097 0.045680
v 0.193896 0.029673 0.045680
v 0.411264 0.044326 0.045548
v 0.278722 0.044326 0.045680
v 0.112133 -0.198362 0.045680
v 0.718395 -0.256974 0.045680
v 0.641235 -0.319249 0.045680
v 0.560400 -0.355881 0.045680
v 0.426287 -0.350386 0.045680
v 0.289538 -0.315585 0.045680
v 0.200835 -0.278953 0.045680
v 0.493343 -0.367786 0.045680
v 0.768027 -0.193735 0.045680
v 0.756202 -0.123533 0.045548
v 0.561061 -0.328619 0.045548
v 0.556005 -0.117437 0.045548
v 0.434082 -0.009656 0.045548
v 0.510715 -0.060248 0.045548
v 0.458393 -0.026134 0.045548
v 0.697683 -0.263209 0.045548
v 0.570983 -0.205391 0.045548
v 0.418870 0.026332 0.045548
v 0.426476 0.008338 0.045548
v 0.714978 -0.158058 0.045548
v 0.708405 -0.222045 0.045548
v 0.546310 -0.284642 0.045548
v 0.630617 -0.308364 0.045548
v 0.613628 -0.231779 0.045415
v 0.742461 -0.085795 0.045415
v 0.718761 -0.038097 0.045415
v 0.465657 -0.002953 0.045415
v 0.673697 -0.005128 0.045415
v 0.628633 0.027841 0.045415
v 0.604424 -0.020585 0.045415
v 0.480186 0.043410 0.045415
v 0.549108 0.042494 0.045415
v 0.523513 -0.026001 0.045415
v 0.696229 -0.021612 0.045415
v 0.596921 -0.150395 0.045415
v 0.666195 -0.134938 0.045415
v 0.472922 0.020229 0.045415
v 0.580214 -0.069011 0.045415
v 0.536310 0.008247 0.045415
v 0.635309 -0.077761 0.045415
v 0.650752 -0.106349 0.045415
v 0.605275 -0.191087 0.045415
v 0.690587 -0.146498 0.045415
v 0.661017 -0.226912 0.045415
v -0.162399 0.470369 0.215335
v -0.161811 0.470369 0.215335
v -0.135970 0.617257 0.215335
v -0.135970 0.483480 0.215335
v -0.162399 0.630368 0.215335
v -0.161811 0.630368 0.215335
v -0.116769 0.504294 0.215335
v -0.100953 0.550368 0.215335
v -0.104945 0.526880 0.215335
v -0.104945 0.573856 0.215335
v -0.116769 0.596442 0.215335
v -0.269562 0.470369 0.215335
v -0.269562 0.630368 0.215335
v -0.344576 0.470369 0.215335
v -0.344576 0.630368 0.215335
v -0.453948 0.470369 0.215335
v -0.453948 0.630368 0.215335
v -0.529913 0.470369 0.215335
v -0.529913 0.630368 0.215335
v -0.590993 0.550368 0.215335
v -0.587000 0.526880 0.215335
v -0.587000 0.573856 0.215335
v -0.555975 0.617257 0.215335
v -0.575176 0.596442 0.215335
v -0.575176 0.504294 0.215335
v -0.555975 0.483480 0.215335
v -1.435563 0.550368 0.215335
v -1.435563 0.573856 0.215335
v -1.255463 0.470369 0.215335
v -1.255463 0.630368 0.215335
v -1.193844 0.470369 0.215335
v -1.193844 0.630368 0.215335
v -0.877916 0.504294 0.215335
v -0.897019 0.483586 0.215335
v -0.896986 0.617186 0.215335
v -0.862100 0.550368 0.215335
v -0.866092 0.526880 0.215335
v -0.866092 0.573856 0.215335
v -0.877916 0.596442 0.215335
v -0.922958 0.630368 0.215335
v -1.004435 0.470369 0.215335
v -1.004435 0.630368 0.215335
v -0.922958 0.470369 0.215335
v -1.435563 0.630368 0.215335
v -1.435563 0.596442 0.215335
v -1.085048 0.470369 0.215335
v -1.085048 0.630368 0.215335
v -1.352140 0.550368 0.215335
v -1.348147 0.526880 0.215335
v -1.348147 0.573856 0.215335
v -1.336323 0.596442 0.215335
v -1.291282 0.630368 0.215335
v -1.317122 0.617257 0.215335
v -1.336323 0.504294 0.215335
v -1.317122 0.483480 0.215335
v -1.291282 0.470369 0.215335
v -1.940155 0.550368 0.215335
v -1.924339 0.504294 0.215335
v -1.936163 0.526880 0.215335
v -1.936163 0.573856 0.215335
v -1.879297 0.630368 0.215335
v -1.905138 0.483480 0.215335
v -1.905138 0.617257 0.215335
v -1.924339 0.596442 0.215335
v -1.879297 0.470369 0.215335
v -1.848670 0.470369 0.215335
v -1.848670 0.630368 0.215335
v -1.510973 0.630368 0.215335
v -1.510973 0.470369 0.215335
v -1.485133 0.483480 0.215335
v -1.485133 0.617257 0.215335
v -1.450115 0.550368 0.215335
v -1.454108 0.573856 0.215335
v -1.465932 0.504294 0.215335
v -1.454108 0.526880 0.215335
v -1.465932 0.596442 0.215335
v -0.711819 0.630368 0.215335
v -0.821553 0.630368 0.215335
v -0.896920 0.630368 0.215335
v -0.641336 0.630368 0.215335
v -0.711819 0.617257 0.215335
v -0.821553 0.617257 0.215335
v -1.435563 0.617257 0.215335
v -0.641336 0.617257 0.215335
v -0.711819 0.596442 0.215335
v -0.821553 0.596442 0.215335
v -0.641336 0.596442 0.215335
v -0.711819 0.573856 0.215335
v -0.821553 0.573856 0.215335
v -0.641336 0.573856 0.215335
v -0.711819 0.550368 0.215335
v -0.821553 0.550368 0.215335
v -0.641336 0.550368 0.215335
v -0.711819 0.526880 0.215335
v -0.821553 0.526880 0.215335
v -0.641336 0.526880 0.215335
v -0.711819 0.504294 0.215335
v -0.821553 0.504294 0.215335
v -0.641336 0.504294 0.215335
v -0.711819 0.483577 0.215335
v -0.821553 0.483646 0.215335
v -0.641336 0.483533 0.215335
v -0.711819 0.470369 0.215335
v -0.821553 0.470369 0.215335
v -0.896920 0.470369 0.215335
v -0.641336 0.470369 0.215335
v -1.435563 0.526880 0.215335
v -1.435563 0.504294 0.215335
v -1.435563 0.483480 0.215335
v -1.435563 0.470369 0.215335
v -1.998572 0.628838 0.215335
v -2.000654 0.615556 0.215335
v -2.004097 0.593586 0.215335
v -2.007694 0.570634 0.215335
v -2.011347 0.547323 0.215335
v -2.015324 0.521950 0.215335
v -2.019275 0.496736 0.215335
v -2.022712 0.474805 0.215335
v -1.947209 0.629517 0.215335
v -1.947209 0.616064 0.215335
v -1.947209 0.595781 0.215335
v -1.947209 0.573355 0.215335
v -1.947209 0.550219 0.215335
v -1.947209 0.526137 0.215335
v -1.947209 0.502731 0.215335
v -1.947209 0.481051 0.215335
v -2.024893 0.460889 0.215335
v -1.947209 0.466558 0.215335
v 0.059383 0.628367 0.215335
v -0.051508 0.629368 0.215335
v -0.051508 0.616405 0.215335
v 0.059383 0.615276 0.215335
v -0.051508 0.596049 0.215335
v 0.059383 0.595372 0.215335
v 0.059383 0.573866 0.215335
v -0.051508 0.573865 0.215335
v 0.059383 0.551464 0.215335
v -0.051508 0.550711 0.215335
v -0.051508 0.526848 0.215335
v 0.059383 0.526766 0.215335
v -0.051508 0.506053 0.215335
v 0.059383 0.509031 0.215335
v 0.059383 0.488949 0.215335
v -0.051508 0.485847 0.215335
v 0.059383 0.476531 0.215335
v -0.051508 0.473456 0.215335
v -0.268836 0.630368 0.142775
v -0.352429 0.630368 0.142775
v -0.471333 0.630368 0.142775
v -0.262048 0.470369 0.142775
v -0.336823 0.470369 0.142775
v -0.447975 0.470369 0.142775
v -1.002776 0.470369 0.142775
v -1.080348 0.470369 0.142775
v -1.193948 0.470369 0.142775
v -1.256083 0.470369 0.142775
v -1.844472 0.470369 0.142775
v -1.853813 0.630368 0.142775
v -0.997541 0.630368 0.142775
v -1.085560 0.630368 0.142775
v -1.205270 0.630368 0.142775
v -1.269414 0.630368 0.142775
v -2.050645 0.293556 0.119271
v -2.015914 0.293556 0.119271
v -2.029436 0.253411 0.079448
v -2.038832 0.271196 0.101118
v -2.022455 0.240196 0.054725
v -2.018155 0.232059 0.027898
v -2.016704 0.229311 0.000000
v -2.047351 0.317589 0.132117
v -2.043564 0.341754 0.139448
v -2.030198 0.427039 0.132117
v -2.033985 0.402874 0.139448
v -2.020140 0.491216 0.079448
v -2.022927 0.473432 0.101118
v -2.026324 0.451762 0.118903
v -2.016794 0.512569 0.027898
v -2.016363 0.515317 0.000000
v -2.018069 0.504431 0.054725
v -1.994705 0.253411 0.079448
v -2.038775 0.372314 0.143003
v -2.004101 0.271196 0.101118
v -1.987724 0.240196 0.054725
v -1.983425 0.232059 0.027898
v -1.981973 0.229311 0.000000
v -2.012620 0.317589 0.132117
v -2.008833 0.341754 0.139448
v -1.995467 0.427039 0.132117
v -1.999254 0.402874 0.139448
v -1.985409 0.491216 0.079448
v -1.988196 0.473432 0.101118
v -1.991593 0.451762 0.118903
v -1.982063 0.512569 0.027898
v -1.981632 0.515317 0.000000
v -1.983338 0.504431 0.054725
v -2.004044 0.372314 0.143003
v -1.485133 0.617257 -0.142775
v -1.986903 0.172904 -0.215335
v -1.465932 0.596442 -0.142775
v -0.897117 0.617257 -0.142775
v -1.454108 0.573856 -0.142775
v -0.877916 0.596442 -0.142775
v -0.135970 0.617257 -0.142775
v -1.450115 0.550368 -0.142775
v -1.454108 0.526880 -0.142775
v -1.965535 0.811543 -0.163089
v -1.465932 0.504294 -0.142775
v -0.866092 0.573856 -0.142775
v -1.485133 0.483480 -0.142775
v -0.862100 0.550368 -0.142775
v -1.510973 0.470369 -0.142775
v -0.116769 0.596442 -0.142775
v -1.947209 0.172904 -0.215335
v -1.936163 0.526880 -0.142775
v -0.866092 0.526880 -0.142775
v -1.940155 0.550368 -0.142775
v -1.936163 0.573856 -0.142775
v -0.877916 0.504294 -0.142775
v -0.104945 0.573856 -0.142775
v -1.924339 0.596442 -0.142775
v -1.905138 0.617257 -0.142775
v -1.879297 0.630368 -0.142775
v -0.897117 0.483480 -0.142775
v -0.100953 0.550368 -0.142775
v -0.922958 0.470369 -0.142775
v -0.104945 0.526880 -0.142775
v -1.348147 0.526880 -0.142775
v -1.352140 0.550368 -0.142775
v -0.116769 0.504294 -0.142775
v -1.348147 0.573856 -0.142775
v -1.336323 0.596442 -0.142775
v -1.317122 0.617257 -0.142775
v 0.059383 0.294246 -0.215335
v -1.291282 0.630368 -0.142775
v -0.135970 0.483480 -0.142775
v -0.161811 0.470369 -0.142775
v -0.587000 0.526880 -0.142775
v -1.510973 0.630368 -0.142775
v 0.059383 0.788648 -0.163089
v -0.590993 0.550368 -0.142775
v -1.924339 0.504294 -0.142775
v 0.059383 0.172904 -0.215335
v -1.905138 0.483480 -0.142775
v -0.587000 0.573856 -0.142775
v -1.879297 0.470369 -0.142775
v -0.575176 0.596442 -0.142775
v -0.555975 0.617257 -0.142775
v -1.989956 0.683815 -0.215335
v -0.530135 0.630368 -0.142775
v -2.051010 0.294246 -0.215335
v 0.059383 0.683815 -0.215335
v -1.947209 0.294246 -0.215335
v -1.947209 0.811543 -0.163089
v -0.922958 0.630368 -0.142775
v -1.336323 0.504294 -0.142775
v -1.317122 0.483480 -0.142775
v -1.947209 0.683815 -0.215335
v -1.291282 0.470369 -0.142775
v -1.255463 0.294246 -0.215335
v -1.255463 0.172904 -0.215335
v 0.112133 -0.394324 -0.085777
v 0.059383 0.101691 -0.215335
v -1.947209 0.101691 -0.215335
v 0.059383 0.062600 -0.176766
v -1.947209 0.062600 -0.176766
v -0.161811 0.630368 -0.142775
v -1.986903 0.172904 -0.138640
v -0.575176 0.504294 -0.142775
v -1.965535 0.811543 -0.105002
v -0.555975 0.483480 -0.142775
v 0.059383 0.788648 -0.105002
v -0.530135 0.470369 -0.142775
v 0.059383 0.172904 -0.138640
v -2.051010 0.294246 -0.138640
v 0.059383 0.294246 -0.138640
v 0.059383 0.683815 -0.138640
v -1.989956 0.683815 -0.138640
v -1.947209 0.811543 -0.105002
v -1.947209 0.172904 -0.138640
v 0.059383 -0.038097 -0.091361
v -1.947209 -0.117222 -0.138640
v 0.059383 0.101691 -0.138640
v -1.947209 0.101691 -0.138640
v 0.059383 0.062600 -0.137688
v -1.947209 0.062600 -0.137688
v -1.255463 0.811543 -0.163089
v -1.255463 0.683815 -0.215335
v -1.255463 0.101691 -0.215335
v -1.255463 0.062600 -0.176766
v -1.255463 0.062600 -0.137688
v -1.255463 -0.117222 -0.138640
v -1.255463 0.811543 -0.105002
v -0.162399 0.172904 -0.215335
v -0.162399 0.294246 -0.215335
v -0.162399 0.787122 -0.163089
v -0.646111 -0.147894 -0.091361
v -0.162399 0.101691 -0.215335
v -0.162399 0.062600 -0.176766
v -0.162399 0.062600 -0.137688
v -0.162399 0.683815 -0.215335
v -0.162399 -0.038097 -0.091361
v -0.162399 0.787122 -0.105002
v -0.269562 0.683815 -0.215335
v -0.344576 0.683815 -0.215335
v -0.453948 0.683815 -0.215335
v -0.529692 0.683815 -0.215335
v -0.641336 0.683815 -0.215335
v -0.711819 0.683815 -0.215335
v -0.821553 0.683815 -0.215335
v -0.896920 0.683815 -0.215335
v -1.004435 0.683815 -0.215335
v -1.085048 0.683815 -0.215335
v -1.193844 0.683815 -0.215335
v -0.269562 -0.038097 -0.091361
v -0.344576 -0.048647 -0.091361
v -0.453948 -0.085572 -0.091361
v -0.523436 -0.107175 -0.091361
v -0.641336 -0.143597 -0.091361
v -0.711819 -0.118964 -0.129435
v -0.821553 -0.117222 -0.138640
v -0.896920 -0.117222 -0.138640
v -1.004435 -0.117222 -0.138640
v -1.085048 -0.117222 -0.138640
v -1.193844 -0.117222 -0.138640
v -0.269562 0.738400 -0.105002
v -0.344576 0.738400 -0.105002
v -0.453948 0.738400 -0.105002
v -0.529692 0.738400 -0.105002
v -0.641336 0.738400 -0.105002
v -0.711819 0.738400 -0.105002
v -0.821553 0.738400 -0.105002
v -0.896920 0.738400 -0.105002
v -1.004435 0.738400 -0.105002
v -1.085048 0.738400 -0.105002
v -1.193844 0.738400 -0.105002
v -1.193844 0.172904 -0.215335
v -1.085048 0.172904 -0.215335
v -1.004435 0.172904 -0.215335
v -0.896920 0.172904 -0.215335
v -0.821553 0.172904 -0.215335
v -0.711819 0.172904 -0.215335
v -0.641336 0.172904 -0.215335
v -0.529692 0.172904 -0.215335
v -0.453948 0.172904 -0.215335
v -0.344576 0.172904 -0.215335
v -0.269562 0.172904 -0.215335
v -1.193844 0.294246 -0.215335
v -1.085048 0.294246 -0.215335
v -1.004435 0.294246 -0.215335
v -0.896920 0.294246 -0.215335
v -0.821553 0.294246 -0.215335
v -0.711819 0.294246 -0.215335
v -0.641336 0.294246 -0.215335
v -0.529692 0.294246 -0.215335
v -0.453948 0.294246 -0.215335
v -0.344576 0.294246 -0.215335
v -0.269562 0.294246 -0.215335
v -1.193844 0.738400 -0.163089
v -1.085048 0.738400 -0.163089
v -1.004435 0.738400 -0.163089
v -0.896920 0.738400 -0.163089
v -0.821553 0.738400 -0.163089
v -0.711819 0.738400 -0.163089
v -0.641336 0.738400 -0.163089
v -0.529692 0.738400 -0.163089
v -0.453948 0.738400 -0.163089
v -0.344576 0.738400 -0.163089
v -0.269562 0.738400 -0.163089
v -0.453948 -0.239568 -0.091361
v 0.718395 -0.408082 -0.083625
v 0.059383 -0.349470 -0.091361
v -1.193844 0.101691 -0.215335
v -1.085048 0.101691 -0.215335
v -1.004435 0.101691 -0.215335
v -0.896920 0.101691 -0.215335
v -0.821553 0.101691 -0.215335
v -0.711819 0.101691 -0.215335
v -0.641336 0.101691 -0.215335
v -0.529692 0.101691 -0.215335
v -0.453948 0.101691 -0.215335
v -0.344576 0.101691 -0.215335
v -0.269562 0.101691 -0.215335
v -1.193844 0.062600 -0.176766
v -1.085048 0.062600 -0.176766
v -1.004435 0.062600 -0.176766
v -0.896920 0.062600 -0.176766
v -0.821553 0.062600 -0.176766
v -0.711819 0.062600 -0.176766
v -0.641336 0.062600 -0.176766
v -0.529692 0.062600 -0.176766
v -0.453948 0.062600 -0.176766
v -0.344576 0.062600 -0.176766
v -0.269562 0.062600 -0.176766
v -1.193844 0.062600 -0.137688
v -1.085048 0.062600 -0.137688
v -1.004435 0.062600 -0.137688
v -0.896920 0.062600 -0.137688
v -0.821553 0.062600 -0.137688
v -0.711819 0.062600 -0.128483
v -0.641336 0.062600 -0.137688
v -0.529692 0.062600 -0.137688
v -0.453948 0.062600 -0.137688
v -0.344576 0.062600 -0.137688
v -0.269562 0.062600 -0.137688
v -2.100185 0.159717 -0.138640
v -2.015785 0.202388 -0.138640
v -1.957232 0.083030 -0.138640
v -1.988030 -0.116309 -0.138640
v 0.890893 -0.038097 -0.091361
v 0.890893 0.101691 -0.138640
v 0.890893 0.101691 -0.215335
v 0.890893 0.062600 -0.176766
v 0.890893 0.062600 -0.137688
v 0.718761 0.062600 -0.176766
v 0.718761 0.062600 -0.137688
v 0.718761 0.101691 -0.215335
v 0.718761 0.101691 -0.138640
v 0.673697 0.101691 -0.138640
v 0.718761 -0.038097 -0.091361
v 0.112133 0.062600 -0.176766
v 0.112133 0.101691 -0.138640
v 0.112133 -0.038097 -0.091361
v 0.112133 0.062600 -0.137688
v 0.112133 0.101691 -0.215335
v 0.193896 0.062600 -0.137688
v 0.193896 0.101691 -0.215335
v 0.193896 0.062600 -0.176766
v 0.193896 0.101691 -0.138640
v 0.193896 0.029673 -0.091361
v 0.628633 0.062600 -0.137688
v 0.628633 0.101691 -0.215335
v 0.673697 0.062600 -0.137688
v 0.628633 0.062600 -0.176766
v 0.628633 0.101691 -0.138640
v 0.628633 0.027841 -0.091361
v 0.411264 0.062600 -0.176766
v 0.411264 0.101691 -0.138640
v 0.411264 0.044326 -0.091361
v 0.411264 0.062600 -0.137688
v 0.411264 0.101691 -0.215335
v 0.549108 0.062600 -0.137688
v 0.549108 0.101691 -0.215335
v 0.673697 0.101691 -0.215335
v 0.549108 0.062600 -0.176766
v 0.549108 0.101691 -0.138640
v 0.549108 0.042494 -0.091361
v 0.278722 0.062600 -0.176766
v 0.278722 0.101691 -0.138640
v 0.278722 0.044326 -0.091361
v 0.278722 0.062600 -0.137688
v 0.278722 0.101691 -0.215335
v 0.059383 -0.408082 -0.083625
v -0.162399 -0.364123 -0.083625
v -0.269562 -0.342144 -0.083625
v -0.344576 -0.327051 -0.083625
v -0.453948 -0.303533 -0.083625
v -0.595630 -0.259502 -0.083625
v -0.711209 -0.155067 -0.083625
v 0.112133 -0.408082 -0.083625
v -0.344576 -0.260603 -0.091361
v -0.162399 -0.300370 -0.091361
v -0.567834 -0.218413 -0.091361
v -0.269562 -0.275716 -0.091361
v -0.643724 -0.145746 -0.091361
v 0.112133 -0.198362 -0.091361
v -0.453948 -0.162570 -0.091361
v -0.162399 -0.169234 -0.091361
v -0.526135 -0.156770 -0.091361
v 0.059383 -0.193783 -0.091361
v -0.344576 -0.154625 -0.091361
v -0.269562 -0.156906 -0.091361
v 0.890893 -0.227391 -0.083625
v 0.890893 -0.213633 -0.085777
v 0.890893 -0.192003 -0.091361
v 0.718395 -0.256974 -0.091361
v 0.718395 -0.394324 -0.085777
v 0.641235 -0.319249 -0.091361
v 0.641235 -0.408082 -0.083625
v 0.641235 -0.394324 -0.085777
v 0.560400 -0.355881 -0.091361
v 0.560400 -0.408082 -0.083625
v 0.560400 -0.394324 -0.085777
v 0.200835 -0.416578 -0.055557
v 0.426287 -0.350386 -0.091361
v 0.426287 -0.408082 -0.083625
v 0.426287 -0.394324 -0.085777
v 0.718395 -0.480925 -0.083625
v 0.289538 -0.315585 -0.091361
v 0.289538 -0.408082 -0.083625
v 0.289538 -0.394324 -0.085777
v 0.641235 -0.525347 -0.083625
v 0.200835 -0.278953 -0.091361
v 0.200835 -0.408082 -0.083625
v 0.200835 -0.394324 -0.085777
v 0.480186 0.062600 -0.176766
v 0.480186 0.101691 -0.138640
v 0.480186 0.043410 -0.091361
v 0.480186 0.062600 -0.137688
v 0.480186 0.101691 -0.215335
v 0.673697 0.062600 -0.176766
v 0.493343 -0.408082 -0.083625
v 0.493343 -0.394324 -0.085777
v 0.493343 -0.614093 -0.083625
v 0.493343 -0.367786 -0.091361
v 0.641235 -0.550947 -0.055557
v 0.718395 -0.506989 -0.055557
v 0.560400 -0.594906 -0.055557
v 0.493343 -0.632271 -0.055557
v 0.296131 -0.632270 -0.055557
v 0.393318 -0.691615 -0.055557
v 0.200835 -0.464567 -0.055557
v 0.560400 -0.573367 -0.083625
v 0.464586 -0.623005 -0.083625
v 0.294394 -0.547246 -0.083625
v 0.769893 -0.300322 -0.083625
v 0.769893 -0.286564 -0.085777
v 0.768027 -0.193735 -0.091361
v 0.766161 0.062600 -0.137688
v 0.766161 0.101691 -0.215335
v 0.766161 0.062600 -0.176766
v 0.766161 0.101691 -0.138640
v 0.756202 -0.123533 -0.091361
v 0.832977 -0.253257 -0.083625
v 0.832137 0.101691 -0.215335
v 0.832137 0.062600 -0.137688
v 0.832977 -0.239499 -0.085777
v 0.832557 -0.192869 -0.091361
v 0.832137 0.062600 -0.176766
v 0.832137 0.101691 -0.138640
v 0.832137 -0.085795 -0.091361
v -0.051508 0.172904 -0.215335
v -0.051508 0.294246 -0.215335
v -0.051508 0.787122 -0.163089
v -0.051508 0.101691 -0.215335
v -0.051508 0.062600 -0.176766
v -0.051508 0.062600 -0.137688
v 0.685853 0.829432 -0.105002
v -0.051508 0.683815 -0.215335
v -0.051508 -0.038097 -0.091361
v 0.685853 0.829432 -0.163089
v -0.051508 -0.386102 -0.083625
v -0.051508 -0.324920 -0.091361
v -0.051508 -0.181508 -0.091361
v 0.115474 0.838232 -0.105002
v 0.115474 0.838232 -0.163089
v 0.045733 0.891837 -0.163089
v 0.890893 0.829432 -0.105002
v 0.890893 0.829432 -0.163089
v -0.022115 0.933964 -0.105002
v -0.022115 0.933964 -0.163089
v 0.689377 0.912037 -0.163089
v 0.685636 0.998428 -0.105003
v 0.685636 0.998428 -0.163089
v 0.890893 0.912037 -0.163089
v 0.890893 0.998428 -0.105003
v 0.890893 0.998428 -0.163089
v 1.009643 -0.038097 -0.164748
v 1.009643 0.101691 -0.138640
v 1.009643 0.101691 -0.215335
v 1.009643 0.062600 -0.176766
v 1.009643 0.062600 -0.137688
v 1.009643 -0.227391 -0.103994
v 1.009643 -0.213633 -0.160761
v 1.009643 -0.192003 -0.162362
v 1.009643 0.829432 -0.105002
v 1.009643 0.829432 -0.163089
v 0.980959 0.888732 -0.163089
v 0.980959 0.888732 -0.105002
v 0.949815 0.953610 -0.105002
v 0.949815 0.953610 -0.163089
v 0.890893 0.683635 -0.111742
v 0.890893 0.683635 -0.173556
v 1.009643 0.683635 -0.111742
v 1.009643 0.683635 -0.173556
v 0.890893 0.291510 -0.129866
v 0.890893 0.291510 -0.201707
v 1.009643 0.291510 -0.129866
v 1.009643 0.291510 -0.201707
v 0.890893 0.170376 -0.135466
v 0.890893 0.170376 -0.210404
v 1.009643 0.170376 -0.135466
v 1.009643 0.170376 -0.210404
v 1.726878 -0.038097 -0.167904
v 1.546171 0.101691 -0.138640
v 1.571986 0.062600 -0.124769
v 1.877890 -0.227391 -0.156716
v 1.871838 -0.213633 -0.154450
v 1.856276 -0.192003 -0.146603
v 1.290815 0.062600 -0.150848
v 1.193362 0.683635 -0.111742
v 1.518205 0.291510 -0.129866
v 1.518205 0.170376 -0.135466
v 1.424727 -1.130721 -0.103994
v 2.074243 -0.866785 -0.132456
v 0.890893 0.780833 -0.107249
v 0.890893 0.780833 -0.166578
v 1.009643 0.780833 -0.107249
v 1.009643 0.780833 -0.166578
v 1.117436 0.731280 -0.109539
v 1.101503 0.683635 -0.111742
v 1.263924 0.291510 -0.129866
v 1.263924 0.170376 -0.135466
v 1.277907 0.101691 -0.138640
v 1.368261 -0.038097 -0.203658
v 1.432960 -0.192003 -0.209046
v 1.443767 -0.227391 -0.206069
v 1.440740 -0.213633 -0.207445
v 1.775480 -0.998753 -0.181809
v 1.054934 0.745300 -0.108394
v 0.890893 0.549430 -0.117945
v 0.890893 0.549430 -0.183191
v 1.009643 0.549430 -0.117945
v 1.009643 0.549430 -0.183191
v 1.235698 0.549430 -0.117945
v 1.157091 0.549430 -0.117945
v 0.890893 0.616532 -0.114843
v 0.890893 0.616532 -0.178373
v 1.009643 0.616532 -0.114843
v 1.009643 0.616532 -0.178373
v 1.227438 0.616532 -0.114843
v 1.129297 0.616532 -0.114843
v 0.890893 0.420470 -0.123906
v 0.890893 0.420470 -0.192449
v 1.009643 0.420470 -0.123906
v 1.009643 0.420470 -0.192449
v 1.577020 0.407562 -0.123906
v 1.210507 0.420470 -0.123906
v 0.890893 0.506443 -0.119932
v 1.165994 0.527937 -0.118938
v 0.890893 0.506443 -0.186277
v 1.009643 0.506443 -0.119932
v 1.306210 0.520407 -0.118938
v 1.009643 0.506443 -0.186277
v 1.009643 0.527937 -0.184734
v 1.497193 0.512897 -0.119932
v 1.009643 0.527937 -0.118938
v 0.890893 0.527937 -0.184734
v 1.174896 0.506443 -0.119932
v 0.890893 0.527937 -0.118938
v 0.890893 0.355990 -0.126886
v 0.890893 0.355990 -0.197078
v 1.009643 0.355990 -0.126886
v 1.009643 0.355990 -0.197078
v 1.532553 0.349536 -0.126886
v 1.237216 0.355990 -0.126886
v 1.418471 0.797240 -0.114843
v 1.394001 0.822197 -0.111742
v 1.367844 0.831960 -0.109539
v 1.248024 0.707829 -0.111742
v 1.303407 0.737066 -0.111742
v 1.350865 0.777830 -0.111742
v 1.323254 0.783735 -0.109539
v 1.258490 0.746317 -0.109539
v 1.191565 0.730513 -0.109539
v 1.298971 0.625686 -0.114843
v 1.352493 0.683111 -0.114843
v 1.388004 0.736933 -0.114843
v 1.154500 0.730897 -0.109539
v 1.220693 0.695732 -0.111742
v 1.261043 0.631196 -0.114843
v 1.891368 -0.264504 -0.156716
v 1.093832 -0.279823 -0.103994
v 1.463020 -0.272163 -0.206069
v 1.911253 -0.319256 -0.156716
v 1.931137 -0.374009 -0.156716
v 1.951022 -0.428762 -0.156716
v 1.972699 -0.503235 -0.156716
v 2.091183 -0.538268 -0.165919
v 2.105690 -0.593021 -0.165919
v 2.111233 -0.647774 -0.165919
v 2.109604 -0.702526 -0.165919
v 2.102598 -0.757279 -0.165919
v 2.090214 -0.812032 -0.165919
v 1.491426 -0.338217 -0.206069
v 1.519831 -0.404270 -0.206069
v 1.548236 -0.470324 -0.206069
v 1.576642 -0.536378 -0.206069
v 1.605047 -0.602431 -0.215272
v 1.633452 -0.668485 -0.215272
v 1.661858 -0.734538 -0.215272
v 1.690264 -0.800592 -0.215272
v 1.718669 -0.866646 -0.215272
v 1.747074 -0.932699 -0.215272
v 1.373459 -1.053366 -0.103994
v 1.367009 -0.976012 -0.103994
v 1.360559 -0.898658 -0.103994
v 1.346939 -0.821303 -0.103994
v 1.318976 -0.743949 -0.103994
v 1.278464 -0.666595 -0.103994
v 1.182378 -0.589240 -0.103994
v 1.140073 -0.511886 -0.103994
v 1.156929 -0.434532 -0.103994
v 1.143308 -0.357177 -0.103994
v 2.031941 -0.520751 -0.165919
v 1.590844 -0.569404 -0.215272
v 1.246556 -0.627917 -0.103994
v 1.460153 0.062600 -0.150848
v 1.417067 0.291510 -0.129866
v 1.439472 0.101691 -0.138640
v 1.584242 -0.038097 -0.203658
v 1.687907 -0.192003 -0.209046
v 1.705222 -0.227391 -0.206069
v 1.955413 -0.919274 -0.181809
v 1.092576 0.736856 -0.109084
v 1.156826 0.683635 -0.111742
v 1.417067 0.170376 -0.135466
v 1.700373 -0.213633 -0.207445
v 1.204433 0.549430 -0.117945
v 1.188403 0.616532 -0.114843
v 1.431243 0.412696 -0.123906
v 1.369003 0.510330 -0.119932
v 1.250440 0.523402 -0.118938
v 1.415086 0.352103 -0.126886
v 1.720997 -0.267550 -0.206069
v 1.744271 -0.326798 -0.206069
v 1.767545 -0.386045 -0.206069
v 1.790818 -0.445293 -0.206069
v 1.815171 -0.516417 -0.206069
v 1.897828 -0.563788 -0.215272
v 1.917862 -0.623036 -0.215272
v 1.932498 -0.682283 -0.215272
v 1.942816 -0.741531 -0.215272
v 1.949894 -0.800779 -0.215272
v 1.953733 -0.860026 -0.215272
v 1.856499 -0.540103 -0.215272
v 1.068161 0.683635 -0.111742
v 1.171629 0.170376 -0.135466
v 1.188760 0.062600 -0.150848
v 1.284268 -0.213633 -0.207445
v 1.171629 0.291510 -0.129866
v 1.180537 0.101691 -0.138640
v 1.238096 -0.038097 -0.203658
v 1.279312 -0.192003 -0.209046
v 1.286196 -0.227391 -0.206069
v 1.648170 -1.046652 -0.181809
v 1.038495 0.758197 -0.107978
v 1.103573 0.549430 -0.117945
v 1.085867 0.616532 -0.114843
v 1.137601 0.420470 -0.123906
v 1.114916 0.506443 -0.119932
v 1.109244 0.527937 -0.118938
v 1.154615 0.355990 -0.126886
v 1.329019 -0.274943 -0.206069
v 1.365072 -0.345099 -0.206069
v 1.388111 -0.415254 -0.206069
v 1.400089 -0.485409 -0.206069
v 1.433539 -0.555565 -0.206069
v 1.486510 -0.625720 -0.215272
v 1.519309 -0.695875 -0.215272
v 1.547554 -0.766031 -0.215272
v 1.570593 -0.836186 -0.215272
v 1.591029 -0.906341 -0.215272
v 1.611466 -0.976497 -0.215272
v 1.465880 -0.590642 -0.215272
v 1.026630 0.683635 -0.111742
v 1.056668 0.170376 -0.135466
v 1.089366 -0.213633 -0.183185
v 1.061641 0.062600 -0.138640
v 1.056668 0.291510 -0.129866
v 1.059254 0.101691 -0.138640
v 1.075963 -0.038097 -0.179398
v 1.087928 -0.192003 -0.184786
v 1.089926 -0.227391 -0.181809
v 1.489592 -1.106315 -0.181809
v 1.018019 0.774262 -0.107461
v 1.036911 0.549430 -0.117945
v 1.031771 0.616532 -0.114843
v 1.046789 0.420470 -0.123906
v 1.040204 0.506443 -0.119932
v 1.038557 0.527937 -0.118938
v 1.051728 0.355990 -0.126886
v 1.162107 -0.278407 -0.181809
v 1.207685 -0.353671 -0.181809
v 1.224041 -0.428935 -0.181809
v 1.215555 -0.504200 -0.181809
v 1.255290 -0.579464 -0.181809
v 1.338860 -0.654729 -0.181809
v 1.377133 -0.729993 -0.181809
v 1.405177 -0.805258 -0.181809
v 1.421532 -0.880522 -0.181809
v 1.432042 -0.955787 -0.181809
v 1.442552 -1.031051 -0.181809
v 1.310225 -0.617097 -0.181809
v 2.040315 -0.923253 -0.115770
v 1.954274 -0.961258 -0.145601
v 1.535022 -1.146016 -0.139912
v 1.642967 -1.105403 -0.139912
v 0.029104 0.865104 -0.162719
v -0.023697 0.925096 -0.162719
v -0.022337 0.925096 -0.105003
v 0.083556 0.823766 -0.163089
v 0.083556 0.823766 -0.105002
v -0.269562 0.800544 -0.163089
v -0.162399 0.800544 -0.163089
v -0.162399 0.800544 -0.105002
v -0.269562 0.800544 -0.105002
v -0.344576 0.800544 -0.105002
v -0.453948 0.800544 -0.105002
v -0.529692 0.800544 -0.105002
v -0.641336 0.800544 -0.105002
v -0.711819 0.800544 -0.105002
v -0.821553 0.800544 -0.105002
v -0.896920 0.800544 -0.105002
v -1.004435 0.800544 -0.105002
v -1.085048 0.800544 -0.105002
v -1.193844 0.800544 -0.105002
v -1.193844 0.800544 -0.163089
v -1.085048 0.800544 -0.163089
v -1.004435 0.800544 -0.163089
v -0.896920 0.800544 -0.163089
v -0.821553 0.800544 -0.163089
v -0.711819 0.800544 -0.163089
v -0.641336 0.800544 -0.163089
v -0.529692 0.800544 -0.163089
v -0.453948 0.800544 -0.163089
v -0.344576 0.800544 -0.163089
v -1.435563 0.683815 -0.215335
v -1.435563 0.811543 -0.163089
v -1.435563 0.294246 -0.215335
v -1.435563 0.172904 -0.215335
v -1.435563 -0.117222 -0.138640
v -1.435563 0.811543 -0.105002
v -1.435563 0.101691 -0.215335
v -1.435563 0.062600 -0.176766
v -1.435563 0.062600 -0.137688
v -1.848670 0.683815 -0.215335
v -1.848670 -0.117222 -0.138640
v -1.848670 0.811543 -0.105002
v -1.848670 0.811543 -0.163089
v -1.848670 0.294246 -0.215335
v -1.848670 0.172904 -0.215335
v -1.848670 0.101691 -0.215335
v -1.848670 0.062600 -0.176766
v -1.848670 0.062600 -0.137688
v -1.812099 0.947073 -0.106017
v -1.698019 0.947073 -0.106017
v -1.698019 0.947073 -0.092896
v -1.812099 0.947073 -0.092896
v -1.457618 0.845697 -0.105003
v -1.870725 0.845697 -0.163089
v -1.870725 0.845697 -0.105003
v -1.457618 0.845697 -0.163089
v -1.841412 0.896385 -0.163089
v -1.663869 0.896385 -0.163089
v -1.663869 0.896385 -0.105003
v -1.841412 0.896385 -0.105003
v -1.614525 0.871041 -0.105003
v -1.856068 0.871041 -0.105003
v -1.856068 0.871041 -0.163089
v -1.614525 0.871041 -0.163089
v 0.673697 -0.005128 -0.091361
v 0.696229 0.062600 -0.137688
v 0.696229 0.101691 -0.215335
v 0.696229 0.062600 -0.176766
v 0.696229 0.101691 -0.138640
v 0.696229 -0.021612 -0.091361
v 0.742461 0.062600 -0.176766
v 0.742461 0.101691 -0.138640
v 0.742461 -0.085795 -0.091361
v 0.742461 0.062600 -0.137688
v 0.742461 0.101691 -0.215335
v 0.112133 -0.038097 -0.045680
v 0.193896 0.029673 -0.045680
v 0.411264 0.044326 -0.045548
v 0.278722 0.044326 -0.045680
v 0.112133 -0.198362 -0.045680
v 0.718395 -0.256974 -0.045680
v 0.641235 -0.319249 -0.045680
v 0.560400 -0.355881 -0.045680
v 0.426287 -0.350386 -0.045680
v 0.289538 -0.315585 -0.045680
v 0.200835 -0.278953 -0.045680
v 0.493343 -0.367786 -0.045680
v 0.768027 -0.193735 -0.045680
v 0.756202 -0.123533 -0.045548
v 0.561061 -0.328619 -0.045548
v 0.556005 -0.117437 -0.045548
v 0.434082 -0.009656 -0.045548
v 0.510715 -0.060248 -0.045548
v 0.458393 -0.026134 -0.045548
v 0.697683 -0.263209 -0.045548
v 0.570983 -0.205391 -0.045548
v 0.418870 0.026332 -0.045548
v 0.426476 0.008338 -0.045548
v 0.714978 -0.158058 -0.045548
v 0.708405 -0.222045 -0.045548
v 0.546310 -0.284642 -0.045548
v 0.630617 -0.308364 -0.045548
v 0.613628 -0.231779 -0.045415
v 0.742461 -0.085795 -0.045415
v 0.718761 -0.038097 -0.045415
v 0.465657 -0.002953 -0.045415
v 0.673697 -0.005128 -0.045415
v 0.628633 0.027841 -0.045415
v 0.604424 -0.020585 -0.045415
v 0.480186 0.043410 -0.045415
v 0.549108 0.042494 -0.045415
v 0.523513 -0.026001 -0.045415
v 0.696229 -0.021612 -0.045415
v 0.596921 -0.150395 -0.045415
v 0.666195 -0.134938 -0.045415
v 0.472922 0.020229 -0.045415
v 0.580214 -0.069011 -0.045415
v 0.536310 0.008247 -0.045415
v 0.635309 -0.077761 -0.045415
v 0.650752 -0.106349 -0.045415
v 0.605275 -0.191087 -0.045415
v 0.690587 -0.146498 -0.045415
v 0.661017 -0.226912 -0.045415
v -0.162399 0.470369 -0.215335
v -0.161811 0.470369 -0.215335
v -0.135970 0.617257 -0.215335
v -0.135970 0.483480 -0.215335
v -0.162399 0.630368 -0.215335
v -0.161811 0.630368 -0.215335
v -0.116769 0.504294 -0.215335
v -0.100953 0.550368 -0.215335
v -0.104945 0.526880 -0.215335
v -0.104945 0.573856 -0.215335
v -0.116769 0.596442 -0.215335
v -0.269562 0.470369 -0.215335
v -0.269562 0.630368 -0.215335
v -0.344576 0.470369 -0.215335
v -0.344576 0.630368 -0.215335
v -0.453948 0.470369 -0.215335
v -0.453948 0.630368 -0.215335
v -0.529913 0.470369 -0.215335
v -0.529913 0.630368 -0.215335
v -0.590993 0.550368 -0.215335
v -0.587000 0.526880 -0.215335
v -0.587000 0.573856 -0.215335
v -0.555975 0.617257 -0.215335
v -0.575176 0.596442 -0.215335
v -0.575176 0.504294 -0.215335
v -0.555975 0.483480 -0.215335
v -1.435563 0.550368 -0.215335
v -1.435563 0.573856 -0.215335
v -1.255463 0.470369 -0.215335
v -1.255463 0.630368 -0.215335
v -1.193844 0.470369 -0.215335
v -1.193844 0.630368 -0.215335
v -0.877916 0.504294 -0.215335
v -0.897019 0.483586 -0.215335
v -0.896986 0.617186 -0.215335
v -0.862100 0.550368 -0.215335
v -0.866092 0.526880 -0.215335
v -0.866092 0.573856 -0.215335
v -0.877916 0.596442 -0.215335
v -0.922958 0.630368 -0.215335
v -1.004435 0.470369 -0.215335
v -1.004435 0.630368 -0.215335
v -0.922958 0.470369 -0.215335
v -1.435563 0.630368 -0.215335
v -1.435563 0.596442 -0.215335
v -1.085048 0.470369 -0.215335
v -1.085048 0.630368 -0.215335
v -1.352140 0.550368 -0.215335
v -1.348147 0.526880 -0.215335
v -1.348147 0.573856 -0.215335
v -1.336323 0.596442 -0.215335
v -1.291282 0.630368 -0.215335
v -1.317122 0.617257 -0.215335
v -1.336323 0.504294 -0.215335
v -1.317122 0.483480 -0.215335
v -1.291282 0.470369 -0.215335
v -1.940155 0.550368 -0.215335
v -1.924339 0.504294 -0.215335
v -1.936163 0.526880 -0.215335
v -1.936163 0.573856 -0.215335
v -1.879297 0.630368 -0.215335
v -1.905138 0.483480 -0.215335
v -1.905138 0.617257 -0.215335
v -1.924339 0.596442 -0.215335
v -1.879297 0.470369 -0.215335
v -1.848670 0.470369 -0.215335
v -1.848670 0.630368 -0.215335
v -1.510973 0.630368 -0.215335
v -1.510973 0.470369 -0.215335
v -1.485133 0.483480 -0.215335
v -1.485133 0.617257 -0.215335
v -1.450115 0.550368 -0.215335
v -1.454108 0.573856 -0.215335
v -1.465932 0.504294 -0.215335
v -1.454108 0.526880 -0.215335
v -1.465932 0.596442 -0.215335
v -0.711819 0.630368 -0.215335
v -0.821553 0.630368 -0.215335
v -0.896920 0.630368 -0.215335
v -0.641336 0.630368 -0.215335
v -0.711819 0.617257 -0.215335
v -0.821553 0.617257 -0.215335
v -1.435563 0.617257 -0.215335
v -0.641336 0.617257 -0.215335
v -0.711819 0.596442 -0.215335
v -0.821553 0.596442 -0.215335
v -0.641336 0.596442 -0.215335
v -0.711819 0.573856 -0.215335
v -0.821553 0.573856 -0.215335
v -0.641336 0.573856 -0.215335
v -0.711819 0.550368 -0.215335
v -0.821553 0.550368 -0.215335
v -0.641336 0.550368 -0.215335
v -0.711819 0.526880 -0.215335
v -0.821553 0.526880 -0.215335
v -0.641336 0.526880 -0.215335
v -0.711819 0.504294 -0.215335
v -0.821553 0.504294 -0.215335
v -0.641336 0.504294 -0.215335
v -0.711819 0.483577 -0.215335
v -0.821553 0.483646 -0.215335
v -0.641336 0.483533 -0.215335
v -0.711819 0.470369 -0.215335
v -0.821553 0.470369 -0.215335
v -0.896920 0.470369 -0.215335
v -0.641336 0.470369 -0.215335
v -1.435563 0.526880 -0.215335
v -1.435563 0.504294 -0.215335
v -1.435563 0.483480 -0.215335
v -1.435563 0.470369 -0.215335
v -1.998572 0.628838 -0.215335
v -2.000654 0.615556 -0.215335
v -2.004097 0.593586 -0.215335
v -2.007694 0.570634 -0.215335
v -2.011347 0.547323 -0.215335
v -2.015324 0.521950 -0.215335
v -2.019275 0.496736 -0.215335
v -2.022712 0.474805 -0.215335
v -1.947209 0.629517 -0.215335
v -1.947209 0.616064 -0.215335
v -1.947209 0.595781 -0.215335
v -1.947209 0.573355 -0.215335
v -1.947209 0.550219 -0.215335
v -1.947209 0.526137 -0.215335
v -1.947209 0.502731 -0.215335
v -1.947209 0.481051 -0.215335
v -2.024893 0.460889 -0.215335
v -1.947209 0.466558 -0.215335
v 0.059383 0.628367 -0.215335
v -0.051508 0.629368 -0.215335
v -0.051508 0.616405 -0.215335
v 0.059383 0.615276 -0.215335
v -0.051508 0.596049 -0.215335
v 0.059383 0.595372 -0.215335
v 0.059383 0.573866 -0.215335
v -0.051508 0.573865 -0.215335
v 0.059383 0.551464 -0.215335
v -0.051508 0.550711 -0.215335
v -0.051508 0.526848 -0.215335
v 0.059383 0.526766 -0.215335
v -0.051508 0.506053 -0.215335
v 0.059383 0.509031 -0.215335
v 0.059383 0.488949 -0.215335
v -0.051508 0.485847 -0.215335
v 0.059383 0.476531 -0.215335
v -0.051508 0.473456 -0.215335
v -0.268836 0.630368 -0.142775
v -0.352429 0.630368 -0.142775
v -0.471333 0.630368 -0.142775
v -0.262048 0.470369 -0.142775
v -0.336823 0.470369 -0.142775
v -0.447975 0.470369 -0.142775
v -1.002776 0.470369 -0.142775
v -1.080348 0.470369 -0.142775
v -1.193948 0.470369 -0.142775
v -1.256083 0.470369 -0.142775
v -1.844472 0.470369 -0.142775
v -1.853813 0.630368 -0.142775
v -0.997541 0.630368 -0.142775
v -1.085560 0.630368 -0.142775
v -1.205270 0.630368 -0.142775
v -1.269414 0.630368 -0.142775
v -2.050645 0.293556 -0.119271
v -2.015914 0.293556 -0.119271
v -2.029436 0.253411 -0.079448
v -2.038832 0.271196 -0.101118
v -2.022455 0.240196 -0.054725
v -2.018155 0.232059 -0.027898
v -2.047351 0.317589 -0.132117
v -2.043564 0.341754 -0.139448
v -2.030198 0.427039 -0.132117
v -2.033985 0.402874 -0.139448
v -2.020140 0.491216 -0.079448
v -2.022927 0.473432 -0.101118
v -2.026324 0.451762 -0.118903
v -2.016794 0.512569 -0.027898
v -2.018069 0.504431 -0.054725
v -1.994705 0.253411 -0.079448
v -2.038775 0.372314 -0.143003
v -2.004101 0.271196 -0.101118
v -1.987724 0.240196 -0.054725
v -1.983425 0.232059 -0.027898
v -2.012620 0.317589 -0.132117
v -2.008833 0.341754 -0.139448
v -1.995467 0.427039 -0.132117
v -1.999254 0.402874 -0.139448
v -1.985409 0.491216 -0.079448
v -1.988196 0.473432 -0.101118
v -1.991593 0.451762 -0.118903
v -1.982063 0.512569 -0.027898
v -1.983338 0.504431 -0.054725
v -2.004044 0.372314 -0.143003
vn -0.0000 -1.0000 -0.0000
vn 1.0000 -0.0000 -0.0000
vn -0.0006 0.2336 0.9723
vn -0.0008 0.2313 0.9729
vn -0.0016 0.2305 0.9731
vn -0.0020 0.1942 0.9810
vn -0.0000 -0.0000 1.0000
vn -0.9852 0.1713 -0.0000
vn -0.9822 0.1878 -0.0000
vn -0.0000 0.1929 0.9812
vn -0.0000 0.1725 0.9850
vn 0.0139 0.0007 0.9999
vn 0.0037 0.0002 1.0000
vn -0.8842 -0.4671 -0.0000
vn -0.9879 0.1548 -0.0000
vn -0.9884 0.1510 -0.0139
vn -0.9882 0.1529 -0.0071
vn -0.9880 0.1545 -0.0011
vn -0.0000 1.0000 -0.0000
vn 0.4128 -0.9108 -0.0000
vn 0.2036 -0.9791 -0.0000
vn -0.0000 0.3786 0.9256
vn -0.0000 -0.4180 0.9085
vn -0.0000 -0.2139 0.9768
vn -1.0000 -0.0000 -0.0000
vn -0.0000 -0.7023 0.7119
vn -0.0118 -0.0584 0.9982
vn -0.0150 -0.0642 0.9978
vn -0.0285 -0.1256 0.9917
vn -0.0236 -0.1166 0.9929
vn -0.9983 0.0588 -0.0000
vn -0.9968 0.0802 -0.0044
vn -0.9968 0.0801 -0.0044
vn -0.9856 0.1691 -0.0000
vn -0.0000 0.0053 1.0000
vn 0.0733 0.2214 0.9724
vn -0.0000 0.2914 0.9566
vn 0.0953 0.4159 0.9044
vn 0.0562 -0.1293 0.9900
vn 0.0988 -0.1538 0.9831
vn 0.0689 -0.1542 0.9856
vn 0.0488 -0.1586 0.9861
vn 0.0141 -0.4092 0.9123
vn 0.0078 -0.2179 0.9759
vn -0.0000 -0.0000 -1.0000
vn -0.0681 0.6168 0.7842
vn -0.0626 0.6232 0.7795
vn -0.0323 0.2592 0.9653
vn -0.0428 0.3947 0.9178
vn 0.1440 0.5946 0.7910
vn 0.1666 0.5772 0.7995
vn -0.0000 0.6915 0.7224
vn 0.7648 0.6443 -0.0000
vn 0.0421 0.0053 0.9991
vn 0.0419 0.0053 0.9991
vn 0.1367 -0.0602 0.9888
vn 0.1323 -0.0547 0.9897
vn 0.0507 -0.0858 0.9950
vn 0.1088 -0.1778 0.9780
vn 0.0198 -0.1287 0.9915
vn 0.0396 -0.2583 0.9653
vn 0.0239 -0.1516 0.9881
vn 0.0491 -0.3074 0.9503
vn 0.0238 -0.1958 0.9803
vn 0.0425 -0.3684 0.9287
vn -0.0079 -1.0000 -0.0000
vn -0.0077 -1.0000 -0.0000
vn -0.1751 -0.9845 -0.0000
vn -0.1430 -0.9897 -0.0000
vn -0.3299 -0.9440 -0.0000
vn -0.0121 -0.0579 0.9982
vn -0.0246 -0.1169 0.9928
vn -0.0129 -0.0603 0.9981
vn -0.0257 -0.1207 0.9924
vn 0.0003 -0.0990 0.9951
vn 0.0081 -0.0609 0.9981
vn -0.0153 -0.1320 0.9911
vn -0.0026 -0.1450 0.9894
vn -0.1095 0.9940 -0.0000
vn -0.4512 0.8924 -0.0000
vn 0.8978 0.4404 -0.0000
vn -0.9264 -0.3764 -0.0000
vn -0.0112 -0.9999 -0.0000
vn -0.0224 -0.9998 -0.0000
vn 0.0095 0.0031 0.9999
vn 0.0121 0.0026 0.9999
vn -0.0000 0.0239 0.9997
vn -0.0000 0.0418 0.9991
vn -0.0795 -0.2254 0.9710
vn -0.1597 -0.1559 0.9748
vn -0.3018 0.0596 0.9515
vn -0.1459 0.0697 0.9868
vn 0.0827 -0.9867 0.1396
vn 0.2085 -0.9780 -0.0000
vn -0.2899 -0.9255 0.2437
vn 0.1059 -0.3072 0.9458
vn 0.0439 -0.1381 0.9894
vn -0.1746 -0.4772 0.8613
vn -0.1701 -0.4651 0.8687
vn -0.2840 -0.3627 0.8876
vn -0.2477 -0.3875 0.8880
vn -0.0395 -0.0747 0.9964
vn -0.0639 -0.0708 0.9954
vn -0.1044 -0.1157 0.9878
vn -0.0716 -0.1256 0.9895
vn 0.0554 -0.3001 0.9523
vn 0.1161 -0.4914 0.8632
vn 0.0831 -0.9334 0.3491
vn 0.6381 -0.7699 -0.0000
vn 0.4183 -0.9083 -0.0000
vn 0.3103 -0.8692 0.3850
vn -0.0219 -0.9726 0.2313
vn -0.0723 -0.9693 0.2349
vn -0.1721 -0.7507 0.6378
vn -0.1609 -0.7654 0.6230
vn 0.0193 -0.9758 0.2179
vn 0.0633 -0.9732 0.2211
vn -0.0050 -0.9820 0.1890
vn -0.0016 -0.9820 0.1888
vn 0.0854 -0.9963 -0.0000
vn -0.0044 -1.0000 -0.0000
vn -0.0031 -0.9808 0.1951
vn -0.0099 -0.9807 0.1951
vn -0.1944 -0.9809 -0.0000
vn -0.0977 -0.9952 -0.0000
vn -0.1991 -0.9800 -0.0000
vn -0.1977 -0.9803 -0.0000
vn -0.6704 -0.7420 -0.0000
vn -0.4952 -0.8688 -0.0000
vn -0.2538 -0.9673 -0.0000
vn -0.2037 -0.9790 -0.0000
vn -0.0131 -0.0627 0.9979
vn -0.0264 -0.1258 0.9917
vn -0.6690 0.7433 -0.0000
vn 0.0155 -0.0141 0.9998
vn 0.0107 -0.0037 0.9999
vn 0.0168 -0.0603 0.9980
vn 0.0184 -0.0801 0.9966
vn -0.0000 0.0716 0.9974
vn -0.1675 -0.8933 0.4172
vn -0.2256 -0.8820 0.4138
vn 0.5060 -0.8626 -0.0000
vn 0.3927 -0.6876 0.6108
vn 0.4117 -0.7167 0.5630
vn 0.4175 -0.7236 0.5496
vn 0.3951 -0.6928 0.6033
vn -0.5246 0.8513 -0.0000
vn -0.7119 0.7023 -0.0000
vn 0.0215 -0.0678 0.9975
vn 0.0109 -0.1150 0.9933
vn 0.1441 -0.1195 0.9823
vn 0.0649 -0.0489 0.9967
vn -0.0000 -0.0775 0.9970
vn 0.0404 -0.0871 0.9954
vn 0.0093 -0.1441 0.9895
vn 0.0192 -0.1274 0.9917
vn -0.2961 0.9552 -0.0000
vn -0.9668 -0.2555 -0.0000
vn -0.2269 -0.1489 0.9625
vn -0.3240 -0.1896 0.9269
vn -0.4334 -0.1915 0.8806
vn -0.2073 -0.2647 0.9418
vn 0.0391 0.9992 -0.0000
vn -0.0030 -0.1628 0.9867
vn -0.0013 -0.1587 0.9873
vn -0.0059 -0.1144 0.9934
vn -0.0723 -0.1267 0.9893
vn -0.0080 -0.1391 0.9902
vn -0.0117 -0.0708 0.9974
vn -0.0152 -0.1184 0.9929
vn 0.3150 0.9491 -0.0000
vn 0.2489 0.9685 -0.0000
vn 0.4047 -0.7221 0.5610
vn 0.3708 -0.6996 0.6108
vn 0.3956 -0.7163 0.5749
vn 0.3883 -0.6781 0.6240
vn 0.5351 0.8448 -0.0000
vn -0.0148 -0.0431 0.9990
vn -0.0070 -0.1007 0.9949
vn -0.0941 -0.1673 0.9814
vn 0.6725 0.7401 -0.0000
vn -0.0478 -0.0946 0.9944
vn -0.1426 -0.2821 0.9487
vn 0.4864 -0.8737 -0.0000
vn 0.4950 -0.8689 -0.0000
vn 0.4822 -0.8760 -0.0000
vn 0.4985 -0.8669 -0.0000
vn -0.7181 -0.6959 -0.0000
vn -0.5211 -0.8535 -0.0000
vn 0.5102 -0.8600 -0.0000
vn 0.9753 -0.2211 -0.0000
vn 0.7726 -0.6348 -0.0000
vn -0.7867 0.6174 -0.0000
vn 0.1021 -0.0972 0.9900
vn 0.0257 -0.0395 0.9989
vn 0.2585 -0.1493 0.9544
vn -0.2927 -0.2906 0.9110
vn -0.2666 -0.2646 0.9268
vn -0.0124 -0.1207 0.9926
vn -0.0867 -0.2635 0.9607
vn -0.0133 -0.9999 -0.0000
vn -0.9742 -0.2257 -0.0000
vn -0.9861 -0.1661 -0.0000
vn -0.0040 -0.0019 1.0000
vn -0.0034 0.0003 1.0000
vn -0.0016 -0.0009 1.0000
vn -0.0043 -0.0043 1.0000
vn -0.0070 -0.0077 0.9999
vn -0.0079 -0.0094 0.9999
vn -0.0907 0.9959 -0.0000
vn -0.0454 0.9990 -0.0000
vn -0.9948 0.1015 -0.0117
vn 0.6054 0.7959 -0.0000
vn 0.7750 0.6319 -0.0000
vn -0.5201 -0.0761 0.8507
vn -0.5185 -0.1401 0.8435
vn -0.4016 -0.1117 0.9090
vn -0.3933 -0.0569 0.9176
vn 0.0503 0.4249 0.9039
vn 0.1505 0.5187 0.8416
vn 0.1959 0.5583 0.8062
vn -0.0030 0.0485 0.9988
vn -0.0017 0.0454 0.9990
vn -0.0068 0.0419 0.9991
vn -0.0041 0.0428 0.9991
vn 0.9009 0.4341 -0.0000
vn 0.9747 0.2234 -0.0000
vn 0.9759 0.2184 -0.0000
vn 0.0210 0.2592 0.9656
vn 0.0695 0.4125 0.9083
vn 0.1116 0.3366 0.9350
vn 0.0728 0.2363 0.9689
vn 0.0010 0.0487 0.9988
vn 0.0003 0.0476 0.9989
vn 0.0003 0.0483 0.9988
vn 0.0011 0.0497 0.9988
vn -0.0000 0.0462 0.9989
vn 0.8846 0.4663 -0.0000
vn 0.8845 0.4665 -0.0000
vn 0.6988 0.7153 -0.0000
vn 0.7046 0.7096 -0.0000
vn 0.6648 0.7470 -0.0000
vn 0.6624 0.7491 -0.0000
vn 0.7938 0.6082 -0.0010
vn 0.7925 0.6099 -0.0000
vn 0.8678 0.4969 -0.0000
vn 0.8741 0.4857 -0.0016
vn 0.9264 0.3766 -0.0006
vn 0.9256 0.3784 -0.0000
vn -0.0527 0.0490 0.9974
vn -0.0448 0.0354 0.9984
vn -0.0573 0.0403 0.9975
vn -0.0602 0.0490 0.9970
vn 0.9814 0.1921 -0.0000
vn 0.9927 -0.1209 -0.0000
vn 0.9931 -0.1172 -0.0000
vn 0.9803 0.1976 -0.0000
vn 0.0953 0.0807 0.9922
vn 0.1554 0.0978 0.9830
vn 0.3025 0.2812 0.9107
vn 0.2964 0.1759 0.9387
vn 0.2189 0.9758 -0.0000
vn 0.1146 0.9934 -0.0000
vn 0.1152 0.9933 -0.0000
vn 0.1611 0.0967 0.9822
vn 0.1405 0.0445 0.9891
vn 0.2774 0.1189 0.9534
vn 0.2914 0.2105 0.9331
vn 0.9681 -0.2504 -0.0000
vn 0.9697 -0.2444 -0.0000
vn 0.9275 -0.3737 -0.0000
vn 0.9162 -0.4008 -0.0000
vn 0.2485 -0.2423 0.9378
vn 0.0782 -0.2106 0.9744
vn 0.1524 -0.4089 0.8998
vn 0.3734 -0.4931 0.7858
vn 0.9961 -0.0882 -0.0000
vn -0.9447 -0.3281 -0.0000
vn -0.8335 -0.5524 -0.0000
vn -0.6959 -0.2500 0.6733
vn -0.6973 -0.2459 0.6733
vn -0.6292 -0.4053 0.6632
vn -0.0518 0.0650 0.9965
vn -0.0639 0.0606 0.9961
vn 0.3521 -0.9359 -0.0000
vn 0.3782 -0.9257 -0.0000
vn -0.0639 -0.0294 0.9975
vn -0.0600 -0.0934 0.9938
vn -0.0000 -0.0867 0.9962
vn -0.0000 -0.0194 0.9998
vn 0.0002 0.0467 0.9989
vn -0.0756 -0.1078 0.9913
vn -0.0000 -0.0498 0.9988
vn 0.6172 0.7868 -0.0000
vn 0.4262 0.9047 -0.0000
vn 0.4286 0.9035 -0.0000
vn -0.0687 0.1914 0.9791
vn -0.0000 0.0350 0.9994
vn -0.0266 0.2243 0.9742
vn -0.0000 0.2970 0.9549
vn 0.0005 0.0469 0.9989
vn -0.0716 0.3863 0.9196
vn -0.0000 0.5285 0.8489
vn 0.0048 0.0507 0.9987
vn 0.0027 0.0497 0.9988
vn -0.0001 0.0487 0.9988
vn 0.0043 0.0543 0.9985
vn -0.0000 0.3746 0.9272
vn 0.0003 0.0457 0.9990
vn 0.2132 0.9770 -0.0000
vn 0.3806 0.9247 -0.0000
vn 0.2122 0.9772 -0.0000
vn 0.0007 0.0445 0.9990
vn 0.0009 0.0414 0.9991
vn -0.0061 0.0431 0.9991
vn 0.9925 0.1222 -0.0000
vn 0.9013 -0.4333 -0.0000
vn 0.7937 -0.6083 -0.0000
vn 0.9038 -0.4279 -0.0000
vn 0.0004 0.0456 0.9990
vn 0.0001 0.0493 0.9988
vn 0.0007 0.0491 0.9988
vn 0.0003 0.0700 0.9975
vn 0.0004 0.0410 0.9992
vn 0.0003 0.0937 0.9956
vn 0.0005 0.0474 0.9989
vn 0.0393 0.9992 -0.0000
vn 0.7970 0.6040 -0.0000
vn 0.0009 0.0447 0.9990
vn 0.0009 0.0446 0.9990
vn 0.7140 0.7001 -0.0000
vn 0.5449 0.8385 -0.0000
vn 0.5547 0.8320 -0.0000
vn 0.3497 0.9369 -0.0000
vn -0.6243 0.7812 -0.0000
vn -0.7342 0.6789 -0.0000
vn 0.8651 -0.5017 -0.0000
vn 0.8926 -0.4509 -0.0000
vn -0.1438 -0.9896 -0.0000
vn 0.7315 -0.6818 -0.0000
vn 0.7858 -0.6184 -0.0000
vn 0.0103 0.9999 -0.0000
vn -0.1106 0.9939 -0.0000
vn -0.3690 0.9294 -0.0000
vn -0.0078 0.0427 0.9991
vn -0.0100 0.0447 0.9990
vn -0.0163 0.0476 0.9987
vn -0.0124 0.0564 0.9983
vn -0.0347 0.0469 0.9983
vn -0.0283 0.0642 0.9975
vn -0.0088 0.0390 0.9992
vn -0.0153 0.0332 0.9993
vn -0.0290 0.0302 0.9991
vn 0.3999 -0.9165 -0.0000
vn -0.3934 -0.8017 0.4500
vn -0.6575 -0.6980 0.2838
vn -0.6252 -0.5419 0.5617
vn -0.5286 -0.8488 -0.0000
vn -0.7028 -0.7113 -0.0000
vn 0.1390 0.0526 0.9889
vn 0.9399 0.3414 -0.0000
vn -0.7202 -0.3056 0.6228
vn -0.7291 -0.2698 0.6290
vn -0.7507 -0.0073 0.6606
vn -0.7511 -0.0147 0.6600
vn -0.7190 -0.1137 0.6856
vn -0.7168 -0.1269 0.6856
vn -0.6031 -0.4978 0.6233
vn -0.5532 -0.5966 0.5814
vn -0.5796 -0.5930 0.5588
vn -0.5353 -0.6503 0.5390
vn -0.6703 -0.4475 0.5920
vn -0.6810 -0.4271 0.5949
vn -0.7268 -0.3233 0.6059
vn -0.7292 -0.3169 0.6065
vn -0.7579 -0.2123 0.6168
vn -0.7580 -0.2121 0.6168
vn -0.7666 -0.1159 0.6316
vn -0.7668 -0.1195 0.6306
vn -0.7530 -0.0837 0.6527
vn -0.7546 -0.0839 0.6508
vn -0.9317 -0.3632 -0.0000
vn -0.9998 0.0201 -0.0000
vn -0.9771 0.2129 -0.0000
vn -0.8774 -0.4798 -0.0000
vn -0.6531 -0.7573 -0.0000
vn -0.8331 -0.5531 -0.0000
vn -0.9153 -0.4029 -0.0000
vn -0.9662 -0.2576 -0.0000
vn -0.9917 -0.1284 -0.0000
vn -0.9965 -0.0831 -0.0000
vn 0.1402 0.0531 0.9887
vn 0.1415 0.0536 0.9885
vn 0.1457 0.0512 0.9880
vn -0.0162 0.1274 0.9917
vn 0.0909 0.2265 0.9698
vn 0.0774 0.3582 0.9304
vn -0.0160 0.1360 0.9906
vn 0.1277 0.1950 0.9724
vn 0.1272 0.0309 0.9914
vn 0.1348 0.0169 0.9907
vn 0.1456 0.0051 0.9893
vn 0.1620 -0.0070 0.9868
vn 0.9505 0.3106 -0.0000
vn 0.9602 0.2795 -0.0000
vn 0.2835 0.9590 -0.0000
vn 0.9666 0.2561 -0.0000
vn 0.9839 0.1790 -0.0000
vn 0.9994 0.0356 -0.0000
vn 0.9969 -0.0784 -0.0000
vn 0.9848 -0.1740 -0.0000
vn -0.5162 -0.8565 -0.0000
vn 0.1467 0.6794 0.7190
vn 0.1762 0.4875 0.8552
vn 0.3077 -0.0088 0.9514
vn 0.3299 -0.0247 0.9437
vn 0.2805 0.0124 0.9598
vn 0.2606 0.0338 0.9648
vn 0.2464 0.0585 0.9674
vn 0.2300 0.1567 0.9605
vn 0.2849 0.0977 0.9536
vn 0.2877 0.0909 0.9534
vn 0.2803 0.1061 0.9540
vn 0.2777 0.1051 0.9549
vn 0.2754 0.1043 0.9557
vn 0.4041 -0.9147 -0.0000
vn 0.4752 -0.4890 0.7315
vn 0.4833 -0.5055 0.7147
vn -0.0869 0.0006 0.9962
vn -0.0977 0.0314 0.9947
vn -0.0974 -0.0207 0.9950
vn -0.0229 -0.1632 0.9863
vn -0.1014 -0.0246 0.9945
vn -0.1026 -0.0335 0.9942
vn -0.1020 -0.0440 0.9938
vn -0.0969 -0.0545 0.9938
vn -0.0712 -0.0200 0.9973
vn -0.0676 -0.0093 0.9977
vn -0.0694 -0.0266 0.9972
vn -0.0646 -0.0471 0.9968
vn 0.0021 0.0473 0.9989
vn -0.0965 0.2311 0.9681
vn -0.1713 0.1638 0.9715
vn 0.0040 0.0476 0.9989
vn -0.0251 0.0888 0.9957
vn -0.1955 -0.0399 0.9799
vn 0.6173 0.7868 -0.0000
vn -0.1721 -0.0940 0.9806
vn -0.1244 -0.1214 0.9848
vn 0.1083 -0.3947 0.9124
vn -0.2577 -0.8743 0.4113
vn -0.0047 0.0169 0.9998
vn 0.0038 0.0468 0.9989
vn 0.0019 0.0465 0.9989
vn -0.1348 -0.0642 0.9888
vn -0.1700 -0.0873 0.9816
vn -0.1931 -0.0411 0.9803
vn -0.1058 -0.1355 0.9851
vn -0.2036 -0.0490 0.9778
vn -0.2083 -0.0687 0.9757
vn -0.2056 -0.0910 0.9744
vn -0.1959 -0.1176 0.9735
vn -0.1318 -0.0311 0.9908
vn -0.1419 -0.0212 0.9896
vn -0.1453 -0.0643 0.9873
vn -0.1340 -0.1304 0.9824
vn 0.0782 -0.3812 0.9212
vn -0.9996 0.0271 -0.0000
vn -0.6580 -0.7530 -0.0000
vn 0.5003 -0.5413 0.6758
vn 0.2180 -0.5794 0.7854
vn 0.8572 -0.5150 -0.0000
vn -0.7030 0.7112 -0.0031
vn -0.7035 0.7107 -0.0083
vn 0.8237 -0.5670 -0.0000
vn -0.7025 0.7116 -0.0000
vn -0.0000 0.2292 0.9734
vn -0.8657 0.5006 -0.0000
vn 0.6640 0.7477 -0.0000
vn 0.8293 0.5587 -0.0000
vn -0.0000 0.7477 0.6641
vn 0.6017 0.7988 -0.0000
vn 0.8401 0.5425 -0.0000
vn -0.8401 -0.5425 -0.0000
vn 0.3120 0.9501 -0.0000
vn 0.1595 0.9872 -0.0000
vn -0.9481 -0.3180 -0.0000
vn -0.6738 -0.7389 -0.0000
vn -0.9134 -0.4071 -0.0000
vn -0.5536 -0.8328 -0.0000
vn -0.5611 -0.8278 -0.0000
vn 0.4241 -0.9056 -0.0000
vn 0.5585 -0.8295 -0.0000
vn -0.9211 -0.3893 -0.0000
vn -0.9978 0.0665 -0.0000
vn -0.2052 -0.5610 0.8020
vn -0.2136 -0.5840 0.7831
vn -0.5905 -0.8071 -0.0000
vn -0.3958 -0.9183 -0.0000
vn -0.9669 -0.2552 -0.0000
vn -0.9190 -0.3942 -0.0000
vn -0.0976 -0.9952 -0.0000
vn -0.7647 -0.6443 -0.0000
vn -0.9548 0.2972 -0.0000
vn 0.2796 -0.9601 -0.0000
vn 0.9948 -0.1022 -0.0000
vn 0.9841 -0.1776 -0.0000
vn 0.6421 -0.7667 -0.0000
vn 0.9677 -0.2521 -0.0000
vn 0.0021 0.0017 1.0000
vn 0.0030 0.0009 1.0000
vn 0.0035 0.0032 1.0000
vn 0.0026 0.0036 1.0000
vn 0.0010 0.0014 1.0000
vn 0.0021 0.0029 1.0000
vn 0.0010 0.0007 1.0000
vn 0.0033 0.0012 1.0000
vn -0.0013 0.0010 1.0000
vn 0.0005 0.0007 1.0000
vn 0.0007 0.0010 1.0000
vn -0.0007 0.0017 1.0000
vn 0.0019 0.0002 1.0000
vn 0.0040 -0.0003 1.0000
vn 0.0017 -0.0002 1.0000
vn 0.0019 0.0003 1.0000
vn -0.0011 0.0010 1.0000
vn -0.0015 0.0008 1.0000
vn 0.0009 -0.0000 1.0000
vn 0.0012 -0.0000 1.0000
vn 0.0022 -0.0000 1.0000
vn 0.0024 -0.0000 1.0000
vn -0.0033 0.0020 1.0000
vn -0.0029 0.0012 1.0000
vn -0.0031 0.0030 1.0000
vn -0.0019 0.0017 1.0000
vn -0.8175 -0.5759 -0.0000
vn -0.9475 -0.3196 -0.0000
vn 0.9475 -0.3196 -0.0000
vn -0.6033 -0.7975 -0.0000
vn 0.9475 0.3196 -0.0000
vn -0.2326 -0.9726 -0.0000
vn -0.6033 0.7975 -0.0000
vn -0.2326 0.9726 -0.0000
vn 0.2314 -0.9729 -0.0004
vn 0.2322 -0.9727 -0.0004
vn 0.8175 0.5759 -0.0000
vn -0.8175 0.5759 -0.0000
vn 0.6026 0.7980 -0.0004
vn -0.9475 0.3196 -0.0000
vn 0.6026 -0.7980 -0.0003
vn 0.2314 0.9729 -0.0004
vn 0.2322 0.9727 -0.0004
vn 0.8175 -0.5759 -0.0000
vn -0.8178 -0.5755 0.0002
vn -0.6038 -0.7971 0.0002
vn -0.6035 -0.7974 0.0002
vn -0.2327 -0.9726 -0.0000
vn -0.6038 0.7971 -0.0002
vn -0.6035 0.7974 -0.0002
vn -0.2330 0.9725 -0.0002
vn 0.2326 -0.9726 -0.0000
vn 0.6033 0.7975 -0.0000
vn 0.6033 -0.7975 -0.0000
vn 0.2326 0.9726 -0.0000
vn -0.0000 0.2122 -0.9772
vn -0.0000 0.0114 -0.9999
vn -0.0000 -0.0114 -0.9999
vn -0.0000 0.1953 -0.9807
vn -0.0000 0.9796 -0.2012
vn -0.0000 0.9821 -0.1886
vn -0.0000 0.3905 -0.9206
vn -0.0000 0.3749 -0.9270
vn -0.0000 -0.9804 -0.1969
vn -0.0000 -0.9812 -0.1932
vn -0.0000 -0.3744 -0.9273
vn -0.0000 -0.5489 -0.8359
vn -0.0000 -0.5623 -0.8269
vn -0.0000 -0.3910 -0.9204
vn -0.0000 -0.1953 -0.9807
vn -0.0000 -0.2122 -0.9772
vn -0.0000 0.5452 -0.8383
vn -0.0000 0.5592 -0.8290
vn -0.0000 -0.9225 -0.3861
vn -0.0000 -0.9253 -0.3792
vn -0.0000 -0.7023 -0.7119
vn -0.0000 -0.8285 -0.5600
vn -0.0000 -0.8345 -0.5510
vn -0.0000 -0.7120 -0.7022
vn -0.0000 0.9192 -0.3938
vn -0.0000 0.9287 -0.3708
vn -0.0000 0.6891 -0.7246
vn -0.0000 0.7217 -0.6923
vn -0.0000 0.8217 -0.5699
vn -0.0000 0.8415 -0.5403
vn -0.0006 0.2336 -0.9723
vn -0.0020 0.1942 -0.9810
vn -0.0016 0.2305 -0.9731
vn -0.0008 0.2313 -0.9729
vn -0.0000 0.1929 -0.9812
vn -0.0000 0.1725 -0.9850
vn 0.0139 0.0007 -0.9999
vn 0.0037 0.0002 -1.0000
vn -0.9884 0.1510 0.0139
vn -0.9880 0.1545 0.0011
vn -0.9882 0.1529 0.0071
vn -0.0000 0.3786 -0.9256
vn -0.0000 -0.4180 -0.9085
vn -0.0000 -0.2139 -0.9768
vn -0.0118 -0.0584 -0.9982
vn -0.0236 -0.1166 -0.9929
vn -0.0285 -0.1256 -0.9917
vn -0.0150 -0.0642 -0.9978
vn -0.9968 0.0801 0.0044
vn -0.9968 0.0802 0.0044
vn -0.0000 0.0053 -1.0000
vn 0.0733 0.2214 -0.9724
vn -0.0000 0.2914 -0.9566
vn 0.0953 0.4159 -0.9044
vn 0.0562 -0.1293 -0.9900
vn 0.0488 -0.1586 -0.9861
vn 0.0689 -0.1542 -0.9856
vn 0.0988 -0.1538 -0.9831
vn 0.0141 -0.4092 -0.9123
vn 0.0078 -0.2179 -0.9759
vn -0.0681 0.6168 -0.7842
vn -0.0428 0.3947 -0.9178
vn -0.0323 0.2592 -0.9653
vn -0.0626 0.6232 -0.7795
vn 0.1666 0.5772 -0.7995
vn 0.1440 0.5946 -0.7910
vn -0.0000 0.6915 -0.7224
vn 0.0419 0.0053 -0.9991
vn 0.0421 0.0053 -0.9991
vn 0.1323 -0.0547 -0.9897
vn 0.1367 -0.0602 -0.9888
vn 0.1088 -0.1778 -0.9780
vn 0.0507 -0.0858 -0.9950
vn 0.0396 -0.2583 -0.9653
vn 0.0198 -0.1287 -0.9915
vn 0.0491 -0.3074 -0.9503
vn 0.0239 -0.1516 -0.9881
vn 0.0425 -0.3684 -0.9287
vn 0.0238 -0.1958 -0.9803
vn -0.0121 -0.0579 -0.9982
vn -0.0246 -0.1169 -0.9928
vn -0.0129 -0.0603 -0.9981
vn -0.0257 -0.1207 -0.9924
vn 0.0003 -0.0990 -0.9951
vn -0.0026 -0.1450 -0.9894
vn -0.0153 -0.1320 -0.9911
vn 0.0081 -0.0609 -0.9981
vn 0.0095 0.0031 -1.0000
vn 0.0121 0.0026 -0.9999
vn -0.0000 0.0418 -0.9991
vn -0.0000 0.0239 -0.9997
vn -0.0795 -0.2254 -0.9710
vn -0.1459 0.0697 -0.9868
vn -0.3018 0.0596 -0.9515
vn -0.1597 -0.1559 -0.9748
vn 0.0827 -0.9867 -0.1396
vn -0.2899 -0.9255 -0.2437
vn 0.1059 -0.3072 -0.9458
vn 0.0439 -0.1381 -0.9894
vn -0.1746 -0.4772 -0.8613
vn -0.2477 -0.3875 -0.8880
vn -0.2840 -0.3627 -0.8876
vn -0.1701 -0.4651 -0.8687
vn -0.0395 -0.0747 -0.9964
vn -0.0716 -0.1256 -0.9895
vn -0.1044 -0.1157 -0.9878
vn -0.0639 -0.0708 -0.9954
vn 0.1161 -0.4914 -0.8632
vn 0.0554 -0.3001 -0.9523
vn 0.0831 -0.9334 -0.3491
vn 0.3103 -0.8692 -0.3850
vn -0.0219 -0.9726 -0.2313
vn -0.1609 -0.7654 -0.6230
vn -0.1721 -0.7507 -0.6378
vn -0.0723 -0.9693 -0.2349
vn 0.0193 -0.9758 -0.2179
vn -0.0016 -0.9820 -0.1888
vn -0.0050 -0.9820 -0.1890
vn 0.0633 -0.9732 -0.2211
vn -0.0031 -0.9808 -0.1951
vn -0.0099 -0.9807 -0.1951
vn -0.0131 -0.0627 -0.9979
vn -0.0264 -0.1258 -0.9917
vn 0.0155 -0.0141 -0.9998
vn 0.0107 -0.0037 -0.9999
vn 0.0168 -0.0603 -0.9980
vn 0.0184 -0.0801 -0.9966
vn -0.0000 0.0716 -0.9974
vn -0.1675 -0.8933 -0.4172
vn -0.2256 -0.8820 -0.4138
vn 0.3927 -0.6876 -0.6108
vn 0.3951 -0.6928 -0.6033
vn 0.4175 -0.7236 -0.5496
vn 0.4117 -0.7167 -0.5630
vn 0.0215 -0.0678 -0.9975
vn 0.0649 -0.0489 -0.9967
vn 0.1441 -0.1195 -0.9823
vn 0.0109 -0.1150 -0.9933
vn 0.0404 -0.0871 -0.9954
vn -0.0000 -0.0775 -0.9970
vn 0.0093 -0.1441 -0.9895
vn 0.0192 -0.1274 -0.9917
vn -0.2269 -0.1489 -0.9625
vn -0.2073 -0.2647 -0.9418
vn -0.4334 -0.1915 -0.8806
vn -0.3240 -0.1896 -0.9269
vn -0.0030 -0.1628 -0.9867
vn -0.0013 -0.1587 -0.9873
vn -0.0059 -0.1144 -0.9934
vn -0.0080 -0.1391 -0.9902
vn -0.0723 -0.1267 -0.9893
vn -0.0117 -0.0708 -0.9974
vn -0.0152 -0.1184 -0.9929
vn 0.4047 -0.7221 -0.5610
vn 0.3956 -0.7163 -0.5749
vn 0.3708 -0.6996 -0.6108
vn 0.3883 -0.6781 -0.6240
vn -0.0148 -0.0431 -0.9990
vn -0.0070 -0.1007 -0.9949
vn -0.0941 -0.1673 -0.9814
vn -0.0478 -0.0946 -0.9944
vn -0.1426 -0.2821 -0.9487
vn 0.0257 -0.0395 -0.9989
vn 0.1021 -0.0972 -0.9900
vn 0.2585 -0.1493 -0.9544
vn -0.2927 -0.2906 -0.9110
vn -0.0867 -0.2635 -0.9607
vn -0.0124 -0.1207 -0.9926
vn -0.2666 -0.2646 -0.9268
vn -0.0040 -0.0019 -1.0000
vn -0.0043 -0.0043 -1.0000
vn -0.0016 -0.0009 -1.0000
vn -0.0034 0.0003 -1.0000
vn -0.0070 -0.0077 -0.9999
vn -0.0079 -0.0094 -0.9999
vn -0.9948 0.1015 0.0117
vn -0.5201 -0.0761 -0.8507
vn -0.3933 -0.0569 -0.9176
vn -0.4016 -0.1117 -0.9090
vn -0.5185 -0.1401 -0.8435
vn 0.0495 0.5094 -0.8591
vn 0.1853 0.6199 -0.7625
vn 0.1405 0.5856 -0.7984
vn -0.0030 0.0485 -0.9988
vn -0.0041 0.0428 -0.9991
vn -0.0068 0.0419 -0.9991
vn -0.0017 0.0454 -0.9990
vn 0.0209 0.1295 -0.9914
vn 0.0761 0.0483 -0.9959
vn 0.1183 0.0493 -0.9917
vn 0.0764 0.1402 -0.9872
vn 0.0010 0.0487 -0.9988
vn 0.0011 0.0497 -0.9988
vn 0.0003 0.0483 -0.9988
vn 0.0003 0.0476 -0.9989
vn -0.0000 0.0462 -0.9989
vn 0.7069 0.7073 -0.0000
vn 0.8886 0.4587 -0.0000
vn 0.6673 0.7448 -0.0000
vn 0.7938 0.6082 0.0010
vn 0.9264 0.3766 0.0006
vn 0.8741 0.4857 0.0016
vn -0.0527 0.0490 -0.9974
vn -0.0602 0.0490 -0.9970
vn -0.0573 0.0403 -0.9975
vn -0.0448 0.0354 -0.9984
vn 0.0953 0.0807 -0.9922
vn 0.2964 0.1759 -0.9387
vn 0.3025 0.2812 -0.9107
vn 0.1554 0.0978 -0.9830
vn 0.1611 0.0967 -0.9822
vn 0.2914 0.2105 -0.9331
vn 0.2774 0.1189 -0.9534
vn 0.1405 0.0445 -0.9891
vn 0.2485 -0.2423 -0.9378
vn 0.3734 -0.4931 -0.7858
vn 0.1524 -0.4089 -0.8998
vn 0.0782 -0.2106 -0.9744
vn -0.6959 -0.2500 -0.6733
vn -0.6292 -0.4053 -0.6632
vn -0.6973 -0.2459 -0.6733
vn -0.0518 0.0650 -0.9965
vn -0.0639 0.0606 -0.9961
vn -0.0639 -0.0294 -0.9975
vn -0.0000 -0.0194 -0.9998
vn -0.0000 -0.0867 -0.9962
vn -0.0600 -0.0934 -0.9938
vn 0.0002 0.0467 -0.9989
vn -0.0000 -0.0498 -0.9988
vn -0.0756 -0.1078 -0.9913
vn -0.0620 0.2329 -0.9705
vn -0.0000 0.0350 -0.9994
vn -0.0000 0.1736 -0.9848
vn -0.0137 0.1305 -0.9914
vn 0.0005 0.0469 -0.9989
vn -0.0000 0.2981 -0.9545
vn -0.0478 0.3282 -0.9434
vn 0.0048 0.0507 -0.9987
vn 0.0043 0.0543 -0.9985
vn -0.0001 0.0487 -0.9988
vn 0.0027 0.0497 -0.9988
vn -0.0000 0.4645 -0.8856
vn 0.0003 0.0457 -0.9990
vn -0.0061 0.0431 -0.9991
vn 0.0009 0.0414 -0.9991
vn 0.0007 0.0445 -0.9990
vn 0.0001 0.0493 -0.9988
vn 0.0004 0.0456 -0.9990
vn 0.0007 0.0491 -0.9988
vn 0.0003 0.0937 -0.9956
vn 0.0004 0.0410 -0.9992
vn 0.0003 0.0700 -0.9975
vn 0.0005 0.0474 -0.9989
vn 0.0009 0.0446 -0.9990
vn 0.0009 0.0447 -0.9990
vn -0.0078 0.0427 -0.9991
vn -0.0124 0.0564 -0.9983
vn -0.0163 0.0476 -0.9987
vn -0.0100 0.0447 -0.9990
vn -0.0283 0.0642 -0.9975
vn -0.0347 0.0469 -0.9983
vn -0.0153 0.0332 -0.9993
vn -0.0088 0.0390 -0.9992
vn -0.0290 0.0302 -0.9991
vn -0.3934 -0.8017 -0.4500
vn -0.6252 -0.5419 -0.5617
vn -0.6575 -0.6980 -0.2838
vn 0.1390 0.0526 -0.9889
vn -0.7291 -0.2698 -0.6290
vn -0.7202 -0.3056 -0.6228
vn -0.7511 -0.0147 -0.6600
vn -0.7507 -0.0073 -0.6606
vn -0.7168 -0.1269 -0.6856
vn -0.7190 -0.1137 -0.6856
vn -0.5532 -0.5966 -0.5814
vn -0.6031 -0.4978 -0.6233
vn -0.5796 -0.5930 -0.5588
vn -0.6810 -0.4271 -0.5949
vn -0.6703 -0.4475 -0.5920
vn -0.5353 -0.6503 -0.5390
vn -0.7292 -0.3169 -0.6065
vn -0.7268 -0.3233 -0.6059
vn -0.7580 -0.2121 -0.6168
vn -0.7579 -0.2123 -0.6168
vn -0.7668 -0.1195 -0.6306
vn -0.7666 -0.1159 -0.6316
vn -0.7546 -0.0839 -0.6508
vn -0.7530 -0.0837 -0.6527
vn 0.1402 0.0531 -0.9887
vn 0.1415 0.0536 -0.9885
vn 0.1457 0.0512 -0.9880
vn 0.0909 0.2265 -0.9698
vn -0.0162 0.1274 -0.9917
vn 0.0774 0.3582 -0.9304
vn 0.1277 0.1950 -0.9724
vn -0.0160 0.1360 -0.9906
vn 0.1272 0.0309 -0.9914
vn 0.1348 0.0169 -0.9907
vn 0.1456 0.0051 -0.9893
vn 0.1620 -0.0070 -0.9868
vn 0.1467 0.6794 -0.7190
vn 0.1762 0.4875 -0.8552
vn 0.3077 -0.0088 -0.9514
vn 0.3299 -0.0247 -0.9437
vn 0.2805 0.0124 -0.9598
vn 0.2606 0.0338 -0.9648
vn 0.2464 0.0585 -0.9674
vn 0.2300 0.1567 -0.9605
vn 0.2849 0.0977 -0.9536
vn 0.2877 0.0909 -0.9534
vn 0.2803 0.1061 -0.9540
vn 0.2777 0.1051 -0.9549
vn 0.2754 0.1043 -0.9557
vn 0.4752 -0.4890 -0.7315
vn 0.4833 -0.5055 -0.7147
vn -0.0977 0.0314 -0.9947
vn -0.0869 0.0006 -0.9962
vn -0.0229 -0.1632 -0.9863
vn -0.0974 -0.0207 -0.9950
vn -0.1014 -0.0246 -0.9945
vn -0.1026 -0.0335 -0.9942
vn -0.1020 -0.0440 -0.9938
vn -0.0969 -0.0545 -0.9938
vn -0.0712 -0.0200 -0.9973
vn -0.0676 -0.0093 -0.9977
vn -0.0694 -0.0266 -0.9972
vn -0.0646 -0.0471 -0.9968
vn 0.0021 0.0473 -0.9989
vn -0.0758 0.2098 -0.9748
vn -0.1602 0.1819 -0.9702
vn 0.0040 0.0476 -0.9989
vn -0.0141 0.0554 -0.9984
vn -0.1955 -0.0399 -0.9799
vn -0.1721 -0.0940 -0.9806
vn -0.1244 -0.1214 -0.9848
vn 0.1083 -0.3947 -0.9124
vn -0.2577 -0.8743 -0.4113
vn -0.0047 0.0169 -0.9998
vn 0.0038 0.0468 -0.9989
vn 0.0019 0.0465 -0.9989
vn -0.1700 -0.0873 -0.9816
vn -0.1348 -0.0642 -0.9888
vn -0.1058 -0.1355 -0.9851
vn -0.1931 -0.0411 -0.9803
vn -0.2036 -0.0490 -0.9778
vn -0.2083 -0.0687 -0.9757
vn -0.2056 -0.0910 -0.9744
vn -0.1959 -0.1176 -0.9735
vn -0.1318 -0.0311 -0.9908
vn -0.1419 -0.0212 -0.9896
vn -0.1453 -0.0643 -0.9873
vn -0.1340 -0.1304 -0.9824
vn 0.0782 -0.3812 -0.9212
vn 0.5003 -0.5413 -0.6758
vn 0.2180 -0.5794 -0.7854
vn -0.7030 0.7112 0.0031
vn -0.7035 0.7107 0.0083
vn -0.0000 0.2292 -0.9734
vn -0.0000 0.7477 -0.6641
vn -0.2136 -0.5840 -0.7831
vn -0.2052 -0.5610 -0.8020
vn 0.0021 0.0017 -1.0000
vn 0.0026 0.0036 -1.0000
vn 0.0035 0.0032 -1.0000
vn 0.0030 0.0009 -1.0000
vn 0.0010 0.0014 -1.0000
vn 0.0021 0.0029 -1.0000
vn 0.0010 0.0007 -1.0000
vn 0.0033 0.0012 -1.0000
vn -0.0013 0.0010 -1.0000
vn -0.0007 0.0017 -1.0000
vn 0.0007 0.0010 -1.0000
vn 0.0005 0.0007 -1.0000
vn 0.0019 0.0002 -1.0000
vn 0.0040 -0.0003 -1.0000
vn 0.0017 -0.0002 -1.0000
vn 0.0019 0.0003 -1.0000
vn -0.0011 0.0010 -1.0000
vn -0.0015 0.0008 -1.0000
vn 0.0012 -0.0000 -1.0000
vn 0.0009 -0.0000 -1.0000
vn 0.0024 -0.0000 -1.0000
vn 0.0022 -0.0000 -1.0000
vn -0.0033 0.0020 -1.0000
vn -0.0029 0.0012 -1.0000
vn -0.0031 0.0030 -1.0000
vn -0.0019 0.0017 -1.0000
vn 0.2314 -0.9729 0.0004
vn 0.2322 -0.9727 0.0004
vn 0.6026 0.7980 0.0004
vn 0.6026 -0.7980 0.0003
vn 0.2322 0.9727 0.0004
vn 0.2314 0.9729 0.0004
vn -0.8178 -0.5755 -0.0002
vn -0.6038 -0.7971 -0.0002
vn -0.6035 -0.7974 -0.0002
vn -0.6038 0.7971 0.0002
vn -0.2330 0.9725 0.0002
vn -0.6035 0.7974 0.0002
vn -0.0000 0.2122 0.9772
vn -0.0000 0.1953 0.9807
vn -0.0000 -0.0114 0.9999
vn -0.0000 0.0114 0.9999
vn -0.0000 0.9821 0.1886
vn -0.0000 0.9796 0.2012
vn -0.0000 0.3905 0.9206
vn -0.0000 0.3749 0.9270
vn -0.0000 -0.9804 0.1969
vn -0.0000 -0.9812 0.1932
vn -0.0000 -0.3744 0.9273
vn -0.0000 -0.3910 0.9204
vn -0.0000 -0.5623 0.8269
vn -0.0000 -0.5489 0.8359
vn -0.0000 -0.2122 0.9772
vn -0.0000 -0.1953 0.9807
vn -0.0000 0.5452 0.8383
vn -0.0000 0.5592 0.8290
vn -0.0000 -0.9225 0.3861
vn -0.0000 -0.9253 0.3792
vn -0.0000 -0.7120 0.7022
vn -0.0000 -0.8345 0.5510
vn -0.0000 -0.8285 0.5600
vn -0.0000 0.9287 0.3708
vn -0.0000 0.9192 0.3938
vn -0.0000 0.6891 0.7246
vn -0.0000 0.7217 0.6923
vn -0.0000 0.8217 0.5699
vn -0.0000 0.8415 0.5403
vt 0.328428 0.876538
vt 0.321976 0.876538
vt 0.321976 0.864071
vt 0.328428 0.864071
vt 0.397566 0.770420
vt 0.397566 0.750720
vt 0.410033 0.750720
vt 0.410033 0.770420
vt 0.871963 0.330465
vt 0.888714 0.330491
vt 0.888714 0.348518
vt 0.871715 0.348492
vt 0.952043 0.022324
vt 0.952043 0.005450
vt 0.971768 0.015871
vt 0.971768 0.022324
vt 0.433401 0.685541
vt 0.438869 0.664950
vt 0.455938 0.664950
vt 0.455938 0.685541
vt 0.397566 0.687472
vt 0.392097 0.670452
vt 0.401540 0.670452
vt 0.410033 0.687472
vt 0.888714 0.022323
vt 0.888714 0.015374
vt 0.897651 0.013973
vt 0.897541 0.022323
vt 0.611961 0.644566
vt 0.642850 0.633565
vt 0.663695 0.639272
vt 0.659458 0.654051
vt 0.455938 0.768551
vt 0.433401 0.768551
vt 0.433401 0.748429
vt 0.436549 0.748543
vt 0.439500 0.752251
vt 0.443023 0.755200
vt 0.447042 0.757392
vt 0.451403 0.758741
vt 0.455938 0.759197
vt 0.410033 0.721125
vt 0.410033 0.696474
vt 0.410033 0.698600
vt 0.410033 0.701831
vt 0.410033 0.705323
vt 0.410033 0.708960
vt 0.410033 0.712970
vt 0.410033 0.715849
vt 0.410033 0.719109
vt 0.455938 0.712742
vt 0.451403 0.713185
vt 0.447042 0.714499
vt 0.443023 0.716632
vt 0.439500 0.719503
vt 0.436609 0.723001
vt 0.434461 0.726992
vt 0.433270 0.730893
vt 0.433270 0.740760
vt 0.434461 0.744660
vt 0.877632 0.596321
vt 0.880611 0.596321
vt 0.880611 0.613390
vt 0.877632 0.613390
vt 0.545425 0.796196
vt 0.528356 0.796196
vt 0.528356 0.790987
vt 0.545425 0.790987
vt 0.897403 0.033363
vt 0.897403 0.038342
vt 0.888714 0.038342
vt 0.952043 0.038342
vt 0.971768 0.038343
vt 0.867993 0.019318
vt 0.867993 0.022297
vt 0.633695 0.823756
vt 0.662966 0.823756
vt 0.662966 0.833199
vt 0.633695 0.833199
vt 0.732066 0.872086
vt 0.732066 0.882102
vt 0.725713 0.882102
vt 0.725713 0.872086
vt 0.581423 0.329901
vt 0.565313 0.333003
vt 0.561928 0.315297
vt 0.578039 0.312195
vt 0.983345 0.022324
vt 0.983345 0.038343
vt 0.410033 0.781981
vt 0.397566 0.781981
vt 0.051964 0.878544
vt 0.051964 0.856007
vt 0.063531 0.856007
vt 0.063531 0.878544
vt 0.989730 0.022305
vt 0.989730 0.038324
vt 0.983345 0.474139
vt 0.989730 0.474121
vt 0.989730 0.483672
vt 0.983345 0.483691
vt 0.069881 0.856007
vt 0.069881 0.878389
vt 0.063531 0.891012
vt 0.069881 0.884742
vt 0.143903 0.790545
vt 0.156371 0.790545
vt 0.156371 0.800095
vt 0.143903 0.800095
vt 0.051964 0.891012
vt 0.375028 0.770420
vt 0.375028 0.781981
vt 0.732066 0.542750
vt 0.725713 0.542750
vt 0.725713 0.533198
vt 0.732066 0.533198
vt 0.538730 0.386588
vt 0.545427 0.403410
vt 0.535208 0.405367
vt 0.528115 0.388621
vt 0.847979 0.901095
vt 0.847982 0.918164
vt 0.846543 0.918164
vt 0.846543 0.901095
vt 0.877632 0.586878
vt 0.880611 0.586878
vt 0.420933 0.748429
vt 0.420933 0.721528
vt 0.420933 0.719281
vt 0.420933 0.715741
vt 0.420933 0.711671
vt 0.420933 0.707575
vt 0.420933 0.703812
vt 0.420933 0.700107
vt 0.420933 0.696560
vt 0.420933 0.694416
vt 0.420933 0.685541
vt 0.432692 0.735826
vt 0.375028 0.750720
vt 0.375028 0.687472
vt 0.420933 0.768551
vt 0.732066 0.978532
vt 0.732066 0.994550
vt 0.725713 0.994550
vt 0.725713 0.978532
vt 0.375028 0.670452
vt 0.429426 0.664950
vt 0.328428 0.899076
vt 0.321976 0.899076
vt 0.765503 0.642965
vt 0.765503 0.613688
vt 0.788041 0.613688
vt 0.788041 0.642965
vt 0.983345 0.144793
vt 0.983345 0.134776
vt 0.989730 0.134757
vt 0.989730 0.144774
vt 0.971768 0.144792
vt 0.971768 0.134775
vt 0.623666 0.550894
vt 0.594954 0.556381
vt 0.589457 0.527625
vt 0.618169 0.522138
vt 0.952043 0.144792
vt 0.952043 0.134775
vt 0.923412 0.134775
vt 0.923412 0.144792
vt 0.897403 0.144791
vt 0.888714 0.144791
vt 0.888714 0.134774
vt 0.897403 0.134774
vt 0.662966 0.850268
vt 0.633695 0.850268
vt 0.867993 0.105471
vt 0.888714 0.105497
vt 0.867993 0.134748
vt 0.923412 0.312561
vt 0.923412 0.312465
vt 0.952043 0.312466
vt 0.952043 0.330492
vt 0.922910 0.330492
vt 0.971768 0.312466
vt 0.971768 0.330492
vt 0.983345 0.312466
vt 0.983345 0.330493
vt 0.989730 0.312447
vt 0.989730 0.330474
vt 0.431028 0.945957
vt 0.431028 0.955400
vt 0.420933 0.955400
vt 0.420933 0.945957
vt 0.506156 0.197927
vt 0.503957 0.198348
vt 0.506320 0.188311
vt 0.508518 0.187890
vt 0.588078 0.364718
vt 0.571968 0.367820
vt 0.568697 0.350709
vt 0.584808 0.347607
vt 0.732066 0.686392
vt 0.732066 0.704418
vt 0.725713 0.704418
vt 0.725713 0.686392
vt 0.342205 0.951423
vt 0.350125 0.968844
vt 0.340023 0.968844
vt 0.340023 0.951423
vt 0.879883 0.295018
vt 0.888714 0.295044
vt 0.888714 0.312465
vt 0.871963 0.312439
vt 0.879883 0.144765
vt 0.888714 0.162477
vt 0.879883 0.162452
vt 0.888714 0.175582
vt 0.879883 0.175556
vt 0.888714 0.193060
vt 0.879883 0.193034
vt 0.888714 0.205311
vt 0.879883 0.205286
vt 0.888714 0.223150
vt 0.879883 0.223124
vt 0.888714 0.234608
vt 0.879883 0.234582
vt 0.888714 0.252757
vt 0.879883 0.252731
vt 0.888714 0.265070
vt 0.879883 0.265044
vt 0.888714 0.282850
vt 0.879883 0.282824
vt 0.924011 0.523338
vt 0.936395 0.523338
vt 0.936395 0.540407
vt 0.924011 0.540407
vt 0.869781 0.162451
vt 0.869781 0.144765
vt 0.913176 0.676073
vt 0.926278 0.676073
vt 0.926278 0.693142
vt 0.913176 0.693142
vt 0.753060 0.922552
vt 0.753060 0.939621
vt 0.742966 0.939621
vt 0.742966 0.922552
vt 0.525054 0.893931
vt 0.537303 0.893931
vt 0.537303 0.911001
vt 0.525054 0.911001
vt 0.452017 0.902376
vt 0.452017 0.911818
vt 0.441927 0.911818
vt 0.441927 0.902376
vt 0.930221 0.596321
vt 0.941677 0.596321
vt 0.941677 0.613390
vt 0.930221 0.613390
vt 0.955823 0.753113
vt 0.955823 0.770182
vt 0.945734 0.770182
vt 0.945734 0.753113
vt 0.501844 0.893931
vt 0.514154 0.893931
vt 0.514154 0.911001
vt 0.501844 0.911001
vt 0.177365 0.941259
vt 0.177365 0.950701
vt 0.167271 0.950701
vt 0.167271 0.941259
vt 0.633695 0.897123
vt 0.645887 0.897123
vt 0.645887 0.914192
vt 0.633695 0.914192
vt 0.587577 0.517786
vt 0.616288 0.512299
vt 0.584256 0.500414
vt 0.612968 0.494927
vt 0.581796 0.487543
vt 0.610507 0.482056
vt 0.578514 0.470376
vt 0.607226 0.464889
vt 0.576214 0.458342
vt 0.604925 0.452855
vt 0.572580 0.440880
vt 0.601570 0.435339
vt 0.566469 0.430401
vt 0.599425 0.424079
vt 0.568687 0.410465
vt 0.596018 0.406253
vt 0.570015 0.398710
vt 0.593706 0.394159
vt 0.572573 0.380120
vt 0.590368 0.376695
vt 0.765503 0.603672
vt 0.788041 0.603672
vt 0.765503 0.585986
vt 0.788041 0.585986
vt 0.765503 0.572882
vt 0.788041 0.572882
vt 0.765503 0.555405
vt 0.788041 0.555405
vt 0.765503 0.543153
vt 0.788041 0.543153
vt 0.765503 0.525318
vt 0.786545 0.525318
vt 0.765503 0.513895
vt 0.780355 0.513895
vt 0.534027 0.375072
vt 0.523415 0.377104
vt 0.526820 0.358714
vt 0.516635 0.360664
vt 0.503436 0.317750
vt 0.512211 0.324800
vt 0.502847 0.326593
vt 0.501237 0.318171
vt 0.350580 0.910819
vt 0.350580 0.925671
vt 0.340023 0.925671
vt 0.340023 0.912077
vt 0.924011 0.513895
vt 0.936395 0.513895
vt 0.408607 0.872334
vt 0.408607 0.889404
vt 0.406428 0.889404
vt 0.406428 0.872334
vt 0.913176 0.666630
vt 0.926278 0.666630
vt 0.210581 0.925109
vt 0.210581 0.942179
vt 0.200486 0.942179
vt 0.200486 0.925109
vt 0.525054 0.884489
vt 0.537303 0.884489
vt 0.957384 0.513895
vt 0.957384 0.523337
vt 0.947294 0.523337
vt 0.947294 0.513895
vt 0.930221 0.586878
vt 0.941677 0.586878
vt 0.608542 0.944197
vt 0.608542 0.953640
vt 0.598447 0.953640
vt 0.598447 0.944197
vt 0.501844 0.884489
vt 0.514154 0.884489
vt 0.957573 0.684317
vt 0.957573 0.666631
vt 0.967675 0.666630
vt 0.967675 0.684317
vt 0.633695 0.887680
vt 0.645887 0.887680
vt 0.923412 0.295045
vt 0.952043 0.295045
vt 0.897403 0.312465
vt 0.897403 0.295044
vt 0.923412 0.282850
vt 0.952043 0.282851
vt 0.897403 0.282850
vt 0.923412 0.265070
vt 0.952043 0.265071
vt 0.897403 0.265070
vt 0.952043 0.252758
vt 0.923412 0.252721
vt 0.897403 0.252721
vt 0.897403 0.234608
vt 0.899534 0.234608
vt 0.899534 0.248484
vt 0.897403 0.223150
vt 0.897403 0.205312
vt 0.917897 0.196149
vt 0.917897 0.205312
vt 0.914226 0.205312
vt 0.914226 0.198071
vt 0.923412 0.188827
vt 0.923412 0.193060
vt 0.921264 0.193044
vt 0.899546 0.193049
vt 0.897403 0.193060
vt 0.897403 0.188827
vt 0.952043 0.162478
vt 0.952043 0.175583
vt 0.923412 0.175582
vt 0.923412 0.162478
vt 0.897403 0.175582
vt 0.897403 0.162477
vt 0.971768 0.295045
vt 0.971768 0.282851
vt 0.971768 0.265071
vt 0.971768 0.252758
vt 0.952043 0.234609
vt 0.971768 0.234609
vt 0.952043 0.223151
vt 0.971768 0.223151
vt 0.952043 0.205312
vt 0.971768 0.205313
vt 0.952043 0.193061
vt 0.971768 0.193061
vt 0.971768 0.175583
vt 0.971768 0.162479
vt 0.983345 0.295045
vt 0.983345 0.282851
vt 0.983345 0.265071
vt 0.983345 0.252758
vt 0.983345 0.234609
vt 0.983345 0.223151
vt 0.983345 0.205313
vt 0.983345 0.193061
vt 0.983345 0.175583
vt 0.983345 0.162479
vt 0.989730 0.295027
vt 0.989730 0.282832
vt 0.989730 0.265053
vt 0.989730 0.252740
vt 0.989730 0.234590
vt 0.989730 0.223133
vt 0.989730 0.205294
vt 0.989730 0.193042
vt 0.989730 0.175564
vt 0.989730 0.162460
vt 0.732066 0.721838
vt 0.725713 0.721838
vt 0.732066 0.734032
vt 0.725713 0.734032
vt 0.732066 0.751811
vt 0.725713 0.751811
vt 0.732066 0.764123
vt 0.725713 0.764123
vt 0.732066 0.782272
vt 0.725713 0.782272
vt 0.732066 0.793729
vt 0.724217 0.793729
vt 0.732066 0.811567
vt 0.725713 0.811567
vt 0.732066 0.823819
vt 0.725713 0.823819
vt 0.732066 0.841296
vt 0.725713 0.841296
vt 0.732066 0.854400
vt 0.725713 0.854400
vt 0.875010 0.890800
vt 0.875010 0.913338
vt 0.861431 0.913338
vt 0.861431 0.890800
vt 0.618309 0.844640
vt 0.618309 0.867178
vt 0.598447 0.867178
vt 0.598447 0.844640
vt 0.108898 0.856551
vt 0.086360 0.856551
vt 0.086360 0.810995
vt 0.108898 0.810995
vt 0.765503 0.726136
vt 0.788041 0.726136
vt 0.788041 0.732771
vt 0.765503 0.732771
vt 0.621708 0.844795
vt 0.621708 0.867178
vt 0.610570 0.638076
vt 0.639281 0.632589
vt 0.989730 0.502976
vt 0.983345 0.502995
vt 0.851656 0.483663
vt 0.865085 0.483663
vt 0.865085 0.502968
vt 0.855445 0.498305
vt 0.552660 0.179427
vt 0.536550 0.182529
vt 0.532977 0.163522
vt 0.549036 0.160466
vt 0.464306 0.823467
vt 0.450712 0.823467
vt 0.450712 0.804163
vt 0.467618 0.804163
vt 0.121366 0.790545
vt 0.121366 0.800095
vt 0.554453 0.188809
vt 0.530727 0.193367
vt 0.558601 0.210509
vt 0.545123 0.213108
vt 0.541803 0.210014
vt 0.557914 0.206911
vt 0.121366 0.768456
vt 0.143903 0.768456
vt 0.143903 0.772119
vt 0.121366 0.772119
vt 0.732066 0.564842
vt 0.725713 0.564842
vt 0.725713 0.561179
vt 0.732066 0.561179
vt 0.156371 0.768456
vt 0.156371 0.772119
vt 0.983345 0.452046
vt 0.989730 0.452027
vt 0.989730 0.455690
vt 0.983345 0.455709
vt 0.983345 0.348519
vt 0.989730 0.348500
vt 0.989730 0.357076
vt 0.983345 0.357094
vt 0.143903 0.664950
vt 0.156371 0.664950
vt 0.156371 0.673523
vt 0.143903 0.673523
vt 0.732066 0.668366
vt 0.725713 0.668366
vt 0.725713 0.659791
vt 0.732066 0.659791
vt 0.552280 0.420949
vt 0.565929 0.431295
vt 0.566765 0.441913
vt 0.546563 0.426645
vt 0.121366 0.664950
vt 0.121366 0.673523
vt 0.560318 0.306875
vt 0.576429 0.303772
vt 0.989730 0.370367
vt 0.983345 0.370386
vt 0.156371 0.686812
vt 0.143903 0.686812
vt 0.725713 0.646500
vt 0.732066 0.646500
vt 0.710756 0.659931
vt 0.703330 0.659931
vt 0.703330 0.646546
vt 0.710756 0.646546
vt 0.121366 0.686812
vt 0.568643 0.291751
vt 0.573933 0.290717
vt 0.983345 0.428130
vt 0.989730 0.428111
vt 0.989730 0.441039
vt 0.983345 0.441057
vt 0.143903 0.744545
vt 0.156371 0.744545
vt 0.156371 0.757470
vt 0.143903 0.757470
vt 0.732066 0.588758
vt 0.725713 0.588758
vt 0.725713 0.575830
vt 0.732066 0.575830
vt 0.121366 0.744545
vt 0.121366 0.757470
vt 0.718182 0.588786
vt 0.718182 0.575879
vt 0.725713 0.632711
vt 0.718182 0.632736
vt 0.718182 0.611191
vt 0.725713 0.611165
vt 0.121366 0.700599
vt 0.143903 0.700599
vt 0.143903 0.722141
vt 0.121366 0.722141
vt 0.710756 0.632736
vt 0.703330 0.632736
vt 0.703330 0.611191
vt 0.710735 0.611191
vt 0.732066 0.632711
vt 0.732066 0.611165
vt 0.156371 0.700599
vt 0.156371 0.722141
vt 0.983345 0.384175
vt 0.989730 0.384157
vt 0.989730 0.405703
vt 0.983345 0.405722
vt 0.725713 0.599961
vt 0.718182 0.599988
vt 0.121366 0.733343
vt 0.143903 0.733343
vt 0.732066 0.599961
vt 0.156371 0.733343
vt 0.983345 0.416926
vt 0.989730 0.416907
vt 0.718182 0.646546
vt 0.649372 0.705940
vt 0.649372 0.687944
vt 0.662966 0.687944
vt 0.662966 0.705940
vt 0.649372 0.741324
vt 0.649372 0.723935
vt 0.662966 0.723935
vt 0.662966 0.741324
vt 0.649372 0.812856
vt 0.649372 0.794214
vt 0.662966 0.794214
vt 0.662966 0.812856
vt 0.649372 0.771244
vt 0.662966 0.771244
vt 0.649372 0.753497
vt 0.662966 0.753497
vt 0.649372 0.679369
vt 0.662966 0.679369
vt 0.519516 0.341757
vt 0.509741 0.343629
vt 0.557721 0.401060
vt 0.560850 0.412409
vt 0.542414 0.337380
vt 0.547759 0.354711
vt 0.566199 0.430848
vt 0.350961 0.910819
vt 0.350961 0.925671
vt 0.534729 0.311766
vt 0.537070 0.320049
vt 0.552998 0.371446
vt 0.555651 0.383354
vt 0.513618 0.196567
vt 0.511976 0.187226
vt 0.005450 0.890288
vt 0.005450 0.882863
vt 0.031469 0.882863
vt 0.031469 0.890288
vt 0.351342 0.910819
vt 0.351342 0.925671
vt 0.872982 0.483665
vt 0.872982 0.502970
vt 0.464656 0.823448
vt 0.476846 0.804144
vt 0.464306 0.832917
vt 0.450712 0.832917
vt 0.866733 0.599483
vt 0.866733 0.612690
vt 0.862170 0.612720
vt 0.862170 0.599518
vt 0.821219 0.673266
vt 0.828644 0.673266
vt 0.828644 0.685604
vt 0.821219 0.685604
vt 0.499278 0.230973
vt 0.487287 0.233267
vt 0.484932 0.220947
vt 0.506866 0.216752
vt 0.485089 0.233689
vt 0.482734 0.221368
vt 0.489754 0.246174
vt 0.487556 0.246596
vt 0.495896 0.244998
vt 0.821219 0.660247
vt 0.828644 0.660247
vt 0.344585 0.864272
vt 0.353617 0.864272
vt 0.353617 0.872067
vt 0.344585 0.872067
vt 0.473454 0.293316
vt 0.497154 0.304285
vt 0.489491 0.305749
vt 0.459806 0.295651
vt 0.821219 0.649387
vt 0.828644 0.649387
vt 0.496042 0.256068
vt 0.491801 0.256881
vt 0.489602 0.257303
vt 0.498021 0.289423
vt 0.495823 0.289844
vt 0.491649 0.268010
vt 0.493847 0.267588
vt 0.510597 0.287017
vt 0.500867 0.266244
vt 0.821219 0.616092
vt 0.828644 0.616092
vt 0.828644 0.638431
vt 0.821219 0.638431
vt 0.866733 0.623647
vt 0.866733 0.628334
vt 0.862170 0.640015
vt 0.862170 0.623672
vt 0.866733 0.586878
vt 0.862170 0.586914
vt 0.821219 0.601557
vt 0.828644 0.601557
vt 0.519153 0.300062
vt 0.500728 0.303586
vt 0.498530 0.304008
vt 0.821219 0.586878
vt 0.828644 0.586878
vt 0.649372 0.664950
vt 0.662966 0.664950
vt 0.456163 0.268453
vt 0.447364 0.281944
vt 0.853139 0.599518
vt 0.853139 0.586914
vt 0.853139 0.612720
vt 0.853139 0.623672
vt 0.862170 0.655731
vt 0.853139 0.655731
vt 0.853139 0.640015
vt 0.353617 0.899920
vt 0.344585 0.899920
vt 0.822049 0.903479
vt 0.835644 0.903479
vt 0.831081 0.907710
vt 0.822049 0.907710
vt 0.456709 0.263590
vt 0.461165 0.251640
vt 0.822049 0.891652
vt 0.835644 0.891652
vt 0.466365 0.237267
vt 0.471103 0.223591
vt 0.340023 0.862891
vt 0.353617 0.862891
vt 0.822049 0.874582
vt 0.835644 0.874582
vt 0.806367 0.732055
vt 0.798941 0.732055
vt 0.798941 0.722102
vt 0.806367 0.722102
vt 0.500566 0.209436
vt 0.515449 0.206897
vt 0.498368 0.209857
vt 0.557190 0.203127
vt 0.533464 0.207685
vt 0.527019 0.206643
vt 0.556467 0.199343
vt 0.121366 0.775970
vt 0.143903 0.775970
vt 0.143903 0.779822
vt 0.121366 0.779822
vt 0.710713 0.599988
vt 0.732066 0.557327
vt 0.725713 0.557327
vt 0.725713 0.553474
vt 0.732066 0.553474
vt 0.156371 0.775970
vt 0.156371 0.779822
vt 0.983345 0.459562
vt 0.989730 0.459543
vt 0.989730 0.463396
vt 0.983345 0.463414
vt 0.464306 0.843238
vt 0.450712 0.843238
vt 0.806388 0.710622
vt 0.813793 0.710622
vt 0.813793 0.722102
vt 0.971768 0.348519
vt 0.952043 0.348519
vt 0.897565 0.330491
vt 0.897728 0.348518
vt 0.859286 0.343569
vt 0.866006 0.352421
vt 0.863654 0.357610
vt 0.854940 0.346273
vt 0.849534 0.334986
vt 0.848092 0.335243
vt 0.193783 0.664950
vt 0.210852 0.664950
vt 0.210852 0.779771
vt 0.193783 0.779771
vt 0.865085 0.450332
vt 0.851656 0.450905
vt 0.220295 0.664950
vt 0.220295 0.779771
vt 0.837613 0.450296
vt 0.554868 0.796196
vt 0.554868 0.790987
vt 0.847974 0.927547
vt 0.846543 0.927607
vt 0.210852 0.813131
vt 0.193783 0.813131
vt 0.220295 0.813131
vt 0.837613 0.483663
vt 0.528356 0.698281
vt 0.545425 0.698281
vt 0.554868 0.698281
vt 0.844898 0.493242
vt 0.725713 0.513895
vt 0.732066 0.513895
vt 0.210852 0.822853
vt 0.193783 0.822853
vt 0.220295 0.822853
vt 0.528356 0.664950
vt 0.545425 0.664950
vt 0.554868 0.664950
vt 0.504946 0.168882
vt 0.508401 0.168221
vt 0.062993 0.803755
vt 0.075461 0.803755
vt 0.069191 0.810101
vt 0.062838 0.810101
vt 0.535287 0.088532
vt 0.515466 0.071751
vt 0.511088 0.048999
vt 0.531855 0.070692
vt 0.654143 0.126665
vt 0.643686 0.118029
vt 0.642571 0.112195
vt 0.652495 0.122866
vt 0.057525 0.675740
vt 0.057525 0.685604
vt 0.040455 0.685604
vt 0.040455 0.675740
vt 0.066967 0.675740
vt 0.066967 0.685604
vt 0.066967 0.664950
vt 0.057525 0.664950
vt 0.040455 0.664950
vt 0.542160 0.090641
vt 0.538903 0.073605
vt 0.067535 0.693494
vt 0.057890 0.693494
vt 0.239121 0.672844
vt 0.239688 0.664950
vt 0.249131 0.664950
vt 0.248765 0.672844
vt 0.266200 0.664950
vt 0.266200 0.672844
vt 0.247531 0.699532
vt 0.248035 0.688632
vt 0.266200 0.688632
vt 0.266200 0.699532
vt 0.237203 0.699532
vt 0.237986 0.688632
vt 0.069452 0.720169
vt 0.059124 0.720169
vt 0.058620 0.709275
vt 0.068669 0.709275
vt 0.899682 0.483671
vt 0.899682 0.502976
vt 0.888777 0.502973
vt 0.888777 0.483669
vt 0.972183 0.483688
vt 0.972183 0.502993
vt 0.952499 0.502988
vt 0.952499 0.483684
vt 0.582879 0.086900
vt 0.573146 0.088431
vt 0.570059 0.072283
vt 0.578884 0.068223
vt 0.074659 0.792604
vt 0.062477 0.792604
vt 0.061567 0.772937
vt 0.073245 0.772937
vt 0.231996 0.772004
vt 0.233410 0.752327
vt 0.245089 0.752327
vt 0.244179 0.772004
vt 0.266200 0.752327
vt 0.266200 0.772004
vt 0.243662 0.783161
vt 0.266200 0.783161
vt 0.231195 0.783161
vt 0.553808 0.092125
vt 0.550721 0.075976
vt 0.588305 0.827181
vt 0.610843 0.827181
vt 0.606604 0.833741
vt 0.588305 0.833741
vt 0.861431 0.852606
vt 0.861431 0.834307
vt 0.886933 0.825311
vt 0.886933 0.852606
vt 0.770261 0.743670
vt 0.797555 0.743670
vt 0.794093 0.769726
vt 0.770261 0.769726
vt 0.770261 0.773525
vt 0.795368 0.773366
vt 0.795737 0.775649
vt 0.770261 0.775649
vt 0.652804 0.084172
vt 0.645143 0.079488
vt 0.653842 0.072783
vt 0.658572 0.075930
vt 0.588305 0.815799
vt 0.588305 0.796133
vt 0.609417 0.796133
vt 0.610327 0.815799
vt 0.487732 0.059892
vt 0.482550 0.033048
vt 0.040990 0.834623
vt 0.041064 0.838682
vt 0.023257 0.838682
vt 0.023257 0.834623
vt 0.483897 0.058563
vt 0.481551 0.058209
vt 0.476247 0.030670
vt 0.478627 0.031218
vt 0.825913 0.558333
vt 0.852885 0.558333
vt 0.847445 0.567091
vt 0.825913 0.567091
vt 0.372960 0.037830
vt 0.367663 0.073046
vt 0.356226 0.070547
vt 0.363425 0.039391
vt 0.937178 0.696186
vt 0.937178 0.666630
vt 0.946673 0.673441
vt 0.946673 0.696186
vt 0.578417 0.736222
vt 0.595323 0.736222
vt 0.595323 0.749116
vt 0.578417 0.749116
vt 0.361230 0.124692
vt 0.359722 0.136454
vt 0.345806 0.130629
vt 0.347777 0.119478
vt 0.654588 0.088402
vt 0.660927 0.079810
vt 0.040455 0.693494
vt 0.281317 0.794060
vt 0.281317 0.823616
vt 0.260555 0.823616
vt 0.260555 0.794060
vt 0.500203 0.125133
vt 0.496596 0.125003
vt 0.491821 0.100019
vt 0.495513 0.100600
vt 0.580637 0.127621
vt 0.561299 0.131314
vt 0.558482 0.116577
vt 0.577820 0.112884
vt 0.494340 0.125116
vt 0.489531 0.099956
vt 0.040810 0.825764
vt 0.040878 0.828478
vt 0.023257 0.828478
vt 0.023257 0.825764
vt 0.526031 0.127020
vt 0.522058 0.106237
vt 0.550062 0.131986
vt 0.547091 0.116439
vt 0.591449 0.128371
vt 0.588928 0.115183
vt 0.543570 0.131866
vt 0.540455 0.115571
vt 0.659201 0.134650
vt 0.646393 0.132186
vt 0.645375 0.126862
vt 0.656640 0.132418
vt 0.635140 0.131405
vt 0.623888 0.130623
vt 0.622254 0.122078
vt 0.633815 0.124470
vt 0.827951 0.832618
vt 0.827951 0.821063
vt 0.847125 0.821063
vt 0.847286 0.832618
vt 0.632011 0.115033
vt 0.620809 0.114519
vt 0.619855 0.109527
vt 0.630819 0.108800
vt 0.914079 0.483675
vt 0.914079 0.502979
vt 0.910586 0.502978
vt 0.910586 0.483674
vt 0.070486 0.734553
vt 0.059790 0.734553
vt 0.059629 0.731063
vt 0.070235 0.731063
vt 0.236169 0.713923
vt 0.236420 0.710432
vt 0.247027 0.710432
vt 0.246865 0.713923
vt 0.266200 0.710432
vt 0.266200 0.713923
vt 0.576730 0.927738
vt 0.565768 0.927738
vt 0.565768 0.909069
vt 0.576730 0.908564
vt 0.245573 0.741853
vt 0.246058 0.731380
vt 0.266200 0.731380
vt 0.266200 0.741853
vt 0.234163 0.741853
vt 0.234915 0.731380
vt 0.072493 0.762469
vt 0.061082 0.762469
vt 0.060598 0.752000
vt 0.071740 0.752000
vt 0.942020 0.483681
vt 0.942020 0.502986
vt 0.931542 0.502983
vt 0.931542 0.483679
vt 0.588305 0.786830
vt 0.588305 0.777777
vt 0.608448 0.777777
vt 0.608932 0.786830
vt 0.616679 0.130123
vt 0.602262 0.129122
vt 0.600037 0.117481
vt 0.614848 0.120546
vt 0.615250 0.107967
vt 0.609545 0.089434
vt 0.606042 0.068888
vt 0.613070 0.099153
vt 0.620283 0.130373
vt 0.618551 0.121312
vt 0.827951 0.863683
vt 0.847448 0.863683
vt 0.246704 0.717414
vt 0.266200 0.717414
vt 0.917571 0.483676
vt 0.917571 0.502980
vt 0.235918 0.717414
vt 0.070737 0.738042
vt 0.059952 0.738042
vt 0.588305 0.760016
vt 0.607802 0.760016
vt 0.592059 0.082473
vt 0.586790 0.059354
vt 0.425187 0.872807
vt 0.420933 0.872807
vt 0.420933 0.854642
vt 0.425187 0.854138
vt 0.366524 0.928985
vt 0.362241 0.928985
vt 0.362241 0.911178
vt 0.366524 0.910820
vt 0.771507 0.913847
vt 0.771507 0.931654
vt 0.763960 0.931654
vt 0.763960 0.913847
vt 0.434726 0.854138
vt 0.434726 0.872807
vt 0.318263 0.744145
vt 0.318263 0.762814
vt 0.312105 0.762814
vt 0.312105 0.744145
vt 0.452053 0.854138
vt 0.452053 0.872807
vt 0.443171 0.872807
vt 0.443171 0.854138
vt 0.023257 0.844707
vt 0.041064 0.844707
vt 0.041064 0.850732
vt 0.023257 0.850732
vt 0.041064 0.861558
vt 0.023257 0.861558
vt 0.041064 0.871963
vt 0.023257 0.871963
vt 0.651302 0.116959
vt 0.643669 0.107462
vt 0.644766 0.102729
vt 0.650110 0.111053
vt 0.647744 0.092993
vt 0.650591 0.099884
vt 0.632135 0.102987
vt 0.630098 0.097099
vt 0.637633 0.086801
vt 0.323746 0.744145
vt 0.323746 0.762814
vt 0.480267 0.791113
vt 0.467618 0.790551
vt 0.480267 0.779450
vt 0.450712 0.790551
vt 0.481794 0.098248
vt 0.474657 0.056916
vt 0.795737 0.781786
vt 0.770261 0.781786
vt 0.340231 0.851992
vt 0.340023 0.839342
vt 0.352905 0.839342
vt 0.352749 0.851992
vt 0.365558 0.839342
vt 0.365080 0.851992
vt 0.378015 0.839342
vt 0.377251 0.851992
vt 0.390852 0.839342
vt 0.389732 0.851992
vt 0.565768 0.664950
vt 0.578417 0.666299
vt 0.578417 0.672787
vt 0.565768 0.671247
vt 0.578417 0.685612
vt 0.565768 0.683718
vt 0.578417 0.698357
vt 0.565768 0.696124
vt 0.578417 0.711009
vt 0.565768 0.708455
vt 0.578417 0.723616
vt 0.565768 0.720748
vt 0.565768 0.733041
vt 0.340023 0.822437
vt 0.352905 0.822437
vt 0.365558 0.822437
vt 0.378015 0.822437
vt 0.390852 0.822437
vt 0.595323 0.666299
vt 0.595323 0.672787
vt 0.595323 0.685612
vt 0.595323 0.698356
vt 0.595323 0.711009
vt 0.595323 0.723616
vt 0.470381 0.095729
vt 0.464487 0.055008
vt 0.458967 0.093209
vt 0.454316 0.053100
vt 0.447553 0.090689
vt 0.444146 0.051192
vt 0.436139 0.088170
vt 0.432046 0.049474
vt 0.427010 0.043592
vt 0.430439 0.086904
vt 0.424732 0.085644
vt 0.421966 0.037716
vt 0.413318 0.083124
vt 0.411895 0.036325
vt 0.401905 0.080605
vt 0.401988 0.035797
vt 0.390491 0.078085
vt 0.392213 0.035957
vt 0.379077 0.075565
vt 0.382537 0.036635
vt 0.795737 0.790839
vt 0.770261 0.790839
vt 0.795737 0.799893
vt 0.770261 0.799893
vt 0.795737 0.808946
vt 0.770261 0.808946
vt 0.795737 0.821216
vt 0.770261 0.821216
vt 0.210172 0.860725
vt 0.210172 0.833753
vt 0.219857 0.833753
vt 0.219857 0.860725
vt 0.825913 0.513895
vt 0.852885 0.513895
vt 0.852885 0.522904
vt 0.825913 0.522904
vt 0.852885 0.531839
vt 0.825913 0.531839
vt 0.852885 0.540715
vt 0.825913 0.540715
vt 0.852885 0.549546
vt 0.825913 0.549546
vt 0.200486 0.860725
vt 0.200486 0.835249
vt 0.863785 0.560356
vt 0.863785 0.543450
vt 0.874164 0.543450
vt 0.874164 0.560356
vt 0.875651 0.573006
vt 0.884529 0.573006
vt 0.429309 0.023950
vt 0.424710 0.015020
vt 0.384788 0.010956
vt 0.376423 0.014605
vt 0.393316 0.008167
vt 0.402009 0.006236
vt 0.410920 0.005450
vt 0.420105 0.006095
vt 0.441862 0.025139
vt 0.451211 0.026643
vt 0.460560 0.028147
vt 0.469910 0.029651
vt 0.231195 0.823616
vt 0.231195 0.794060
vt 0.368145 0.018847
vt 0.437443 0.111604
vt 0.430862 0.107505
vt 0.376635 0.097157
vt 0.364809 0.096035
vt 0.388460 0.098279
vt 0.400365 0.099817
vt 0.412429 0.102186
vt 0.424631 0.105282
vt 0.449666 0.114804
vt 0.461233 0.114576
vt 0.473138 0.116114
vt 0.485440 0.119729
vt 0.605034 0.143622
vt 0.594590 0.144799
vt 0.625922 0.141267
vt 0.622441 0.141660
vt 0.618959 0.142052
vt 0.647660 0.138817
vt 0.636791 0.140042
vt 0.547450 0.152163
vt 0.530963 0.152924
vt 0.662390 0.137429
vt 0.553764 0.151351
vt 0.584145 0.145977
vt 0.564808 0.149670
vt 0.506027 0.155707
vt 0.040726 0.822384
vt 0.023257 0.822384
vt 0.502528 0.156138
vt 0.500313 0.156469
vt 0.352464 0.092337
vt 0.292216 0.840521
vt 0.292216 0.823616
vt 0.302795 0.823616
vt 0.302795 0.853171
vt 0.585581 0.153485
vt 0.566243 0.157178
vt 0.480491 0.791184
vt 0.040691 0.821001
vt 0.023257 0.821001
vt 0.555278 0.159273
vt 0.595874 0.151519
vt 0.663695 0.138566
vt 0.648179 0.141530
vt 0.637466 0.143576
vt 0.626754 0.145621
vt 0.619892 0.146932
vt 0.606167 0.149553
vt 0.623323 0.146277
vt 0.439051 0.140810
vt 0.431365 0.133187
vt 0.373569 0.124073
vt 0.385907 0.123454
vt 0.398424 0.123769
vt 0.411297 0.125949
vt 0.424483 0.129764
vt 0.452281 0.144858
vt 0.464040 0.141206
vt 0.476556 0.141521
vt 0.489965 0.146501
vt 0.911872 0.889235
vt 0.911872 0.912904
vt 0.897833 0.912904
vt 0.897833 0.894084
vt 0.310124 0.846360
vt 0.310124 0.823616
vt 0.327728 0.823616
vt 0.327728 0.846360
vt 0.401751 0.851992
vt 0.401751 0.822437
vt 0.408564 0.822437
vt 0.408564 0.846106
vt 0.356731 0.040877
vt 0.360153 0.025998
vt 0.340023 0.113462
vt 0.343213 0.094987
vt 0.844733 0.575978
vt 0.825913 0.575978
vt 0.167271 0.843196
vt 0.167271 0.833753
vt 0.189366 0.833813
vt 0.189587 0.843196
vt 0.392097 0.664950
vt 0.401540 0.664950
vt 0.167271 0.860265
vt 0.189489 0.860265
vt 0.375028 0.664950
vt 0.378111 0.862892
vt 0.395528 0.862892
vt 0.395528 0.872334
vt 0.378111 0.872334
vt 0.395528 0.889404
vt 0.378111 0.889404
vt 0.895428 0.523338
vt 0.913111 0.523338
vt 0.913111 0.540407
vt 0.895428 0.540407
vt 0.897833 0.834753
vt 0.915307 0.834753
vt 0.915307 0.851823
vt 0.897833 0.851823
vt 0.462952 0.863580
vt 0.480787 0.863580
vt 0.480787 0.880650
vt 0.462952 0.880650
vt 0.884131 0.676073
vt 0.902276 0.676073
vt 0.902276 0.693142
vt 0.884131 0.693142
vt 0.894363 0.753113
vt 0.912139 0.753113
vt 0.912139 0.770182
vt 0.894363 0.770182
vt 0.895428 0.513895
vt 0.913111 0.513895
vt 0.897833 0.825311
vt 0.915307 0.825311
vt 0.462952 0.854138
vt 0.480787 0.854138
vt 0.884131 0.666630
vt 0.902276 0.666630
vt 0.894363 0.743670
vt 0.912139 0.743670
vt 0.936296 0.913917
vt 0.936296 0.930986
vt 0.926207 0.930986
vt 0.926207 0.913917
vt 0.062058 0.928424
vt 0.062058 0.945493
vt 0.051964 0.945493
vt 0.051964 0.928424
vt 0.869781 0.193034
vt 0.869781 0.175556
vt 0.525054 0.966192
vt 0.525054 0.948413
vt 0.535156 0.948413
vt 0.535156 0.966192
vt 0.957285 0.913917
vt 0.957285 0.930986
vt 0.947196 0.930986
vt 0.947196 0.913917
vt 0.608542 0.927128
vt 0.598447 0.927128
vt 0.869781 0.223124
vt 0.869781 0.205286
vt 0.897833 0.965622
vt 0.897833 0.947473
vt 0.907935 0.947473
vt 0.907935 0.965622
vt 0.210581 0.951622
vt 0.200486 0.951622
vt 0.957384 0.540407
vt 0.947294 0.540407
vt 0.955823 0.743670
vt 0.945734 0.743670
vt 0.177365 0.924189
vt 0.167271 0.924189
vt 0.869781 0.252731
vt 0.869781 0.234582
vt 0.501844 0.966251
vt 0.501844 0.948413
vt 0.511946 0.948413
vt 0.511946 0.966251
vt 0.753060 0.949064
vt 0.742966 0.949064
vt 0.452017 0.928888
vt 0.441927 0.928888
vt 0.936296 0.904474
vt 0.926207 0.904474
vt 0.408607 0.862892
vt 0.406428 0.862892
vt 0.869781 0.312439
vt 0.869781 0.295018
vt 0.431028 0.928888
vt 0.420933 0.928888
vt 0.869781 0.282824
vt 0.869781 0.265044
vt 0.957573 0.712694
vt 0.957573 0.695217
vt 0.967675 0.695216
vt 0.967675 0.712694
vt 0.062058 0.954936
vt 0.051964 0.954936
vt 0.957285 0.904474
vt 0.947196 0.904474
vt 0.867993 0.038316
vt 0.573813 0.888222
vt 0.573813 0.897665
vt 0.565768 0.888387
vt 0.565768 0.886254
vt 0.636274 0.616855
vt 0.607562 0.622343
vt 0.765503 0.710118
vt 0.788041 0.710118
vt 0.732066 0.911379
vt 0.725713 0.911379
vt 0.983345 0.105498
vt 0.989730 0.105480
vt 0.971768 0.105498
vt 0.957413 0.834753
vt 0.957413 0.851823
vt 0.948902 0.851823
vt 0.948902 0.836721
vt 0.952043 0.105498
vt 0.897403 0.128952
vt 0.897403 0.105497
vt 0.896626 0.586878
vt 0.896626 0.596321
vt 0.896626 0.613390
vt 0.923412 0.093239
vt 0.923412 0.038342
vt 0.923412 0.105497
vt 0.747565 0.843526
vt 0.766107 0.843526
vt 0.766107 0.858628
vt 0.747565 0.858628
vt 0.747565 0.841393
vt 0.766107 0.841393
vt 0.875223 0.777297
vt 0.875223 0.748435
vt 0.883463 0.753200
vt 0.883463 0.771745
vt 0.573813 0.871153
vt 0.565768 0.871153
vt 0.742966 0.832116
vt 0.771822 0.832116
vt 0.957413 0.825311
vt 0.948902 0.834588
vt 0.553930 0.884489
vt 0.553930 0.893931
vt 0.548203 0.893931
vt 0.548203 0.884489
vt 0.862441 0.101886
vt 0.862441 0.034730
vt 0.587548 0.871153
vt 0.587548 0.888222
vt 0.581858 0.888222
vt 0.581858 0.871153
vt 0.861431 0.814411
vt 0.861431 0.747256
vt 0.866983 0.743670
vt 0.866983 0.810826
vt 0.553930 0.911001
vt 0.548203 0.911001
vt 0.587548 0.897665
vt 0.581858 0.897665
vt 0.847646 0.666630
vt 0.847646 0.676073
vt 0.839544 0.676073
vt 0.839544 0.666630
vt 0.858321 0.037113
vt 0.858321 0.076378
vt 0.854201 0.068357
vt 0.854201 0.039495
vt 0.577835 0.871153
vt 0.577835 0.888222
vt 0.871103 0.785318
vt 0.871103 0.746053
vt 0.847646 0.693142
vt 0.839544 0.693142
vt 0.577835 0.897665
vt 0.873231 0.676073
vt 0.873231 0.693142
vt 0.873231 0.666630
vt 0.139322 0.926868
vt 0.146727 0.926868
vt 0.146727 0.934106
vt 0.139322 0.934106
vt 0.139322 0.890190
vt 0.146727 0.890190
vt 0.146727 0.899770
vt 0.139322 0.899770
vt 0.471410 0.951261
vt 0.471410 0.958665
vt 0.462952 0.958665
vt 0.462952 0.951261
vt 0.475339 0.951261
vt 0.475339 0.958665
vt 0.477761 0.929026
vt 0.470357 0.929026
vt 0.470357 0.918061
vt 0.477761 0.918061
vt 0.406750 0.941624
vt 0.406750 0.934220
vt 0.409721 0.934220
vt 0.409721 0.941624
vt 0.146727 0.914154
vt 0.139322 0.914154
vt 0.989730 0.448364
vt 0.983345 0.448383
vt 0.156371 0.764794
vt 0.143903 0.764794
vt 0.725713 0.568505
vt 0.732066 0.568505
vt 0.121366 0.764794
vt 0.560665 0.221302
vt 0.555082 0.222392
vt 0.548443 0.216203
vt 0.559289 0.214107
vt 0.400806 0.941624
vt 0.400806 0.934220
vt 0.403778 0.934220
vt 0.403778 0.941624
vt 0.718182 0.564960
vt 0.718182 0.568599
vt 0.710713 0.568599
vt 0.710713 0.564960
vt 0.710713 0.575879
vt 0.798941 0.710622
vt 0.798941 0.704404
vt 0.806410 0.704404
vt 0.710713 0.588786
vt 0.718182 0.561320
vt 0.710713 0.561320
vt 0.798941 0.696504
vt 0.806410 0.696504
vt 0.477761 0.940361
vt 0.470357 0.940361
vt 0.868835 0.946775
vt 0.876240 0.946775
vt 0.876240 0.957110
vt 0.868835 0.957110
vt 0.656787 0.938860
vt 0.656787 0.931456
vt 0.663536 0.931456
vt 0.663536 0.938860
vt 0.813793 0.732055
vt 0.813793 0.638431
vt 0.813793 0.649387
vt 0.813793 0.586878
vt 0.813793 0.601557
vt 0.813793 0.616092
vt 0.813793 0.660247
vt 0.813793 0.673266
vt 0.813793 0.685604
vt 0.005450 0.897714
vt 0.031469 0.897714
vt 0.876240 0.963704
vt 0.868835 0.963704
vt 0.718182 0.659931
vt 0.538579 0.817523
vt 0.543805 0.813446
vt 0.543748 0.816621
vt 0.541080 0.820580
vt 0.531248 0.824506
vt 0.535254 0.828896
vt 0.525301 0.834429
vt 0.531887 0.840267
vt 0.522679 0.863144
vt 0.530123 0.861007
vt 0.543920 0.872430
vt 0.532200 0.873589
vt 0.527712 0.847718
vt 0.534957 0.854442
vt 0.528917 0.854362
vt 0.543480 0.864902
vt 0.504929 0.834309
vt 0.507329 0.830457
vt 0.517520 0.839087
vt 0.516923 0.844336
vt 0.512129 0.822753
vt 0.518715 0.828591
vt 0.501844 0.846792
vt 0.502529 0.838161
vt 0.516326 0.849584
vt 0.513347 0.852805
vt 0.523237 0.815724
vt 0.527243 0.820115
vt 0.533579 0.811410
vt 0.536079 0.814467
vt 0.543920 0.807096
vt 0.543863 0.810271
vt 0.510368 0.856027
vt 0.515236 0.865281
vt 0.502057 0.853317
vt 0.519348 0.870841
vt 0.039941 0.926970
vt 0.039941 0.930715
vt 0.028145 0.930715
vt 0.028145 0.926970
vt 0.276585 0.950035
vt 0.288381 0.950035
vt 0.288381 0.953815
vt 0.276585 0.953815
vt 0.039941 0.923466
vt 0.028145 0.923466
vt 0.288381 0.957662
vt 0.276585 0.957662
vt 0.265686 0.868253
vt 0.253890 0.868253
vt 0.253890 0.864071
vt 0.265686 0.864071
vt 0.934834 0.811934
vt 0.923039 0.811934
vt 0.923039 0.807776
vt 0.934834 0.807776
vt 0.265686 0.928090
vt 0.253890 0.928126
vt 0.253890 0.918568
vt 0.265686 0.915742
vt 0.288381 0.961426
vt 0.276585 0.961426
vt 0.039941 0.941938
vt 0.039941 0.945196
vt 0.028145 0.945196
vt 0.028145 0.941938
vt 0.934834 0.807681
vt 0.923039 0.791485
vt 0.934834 0.790264
vt 0.288381 0.964964
vt 0.276585 0.964964
vt 0.039941 0.938346
vt 0.028145 0.938346
vt 0.265686 0.932345
vt 0.253890 0.932345
vt 0.934834 0.743670
vt 0.934834 0.747949
vt 0.923039 0.747913
vt 0.923039 0.743670
vt 0.039941 0.934556
vt 0.028145 0.934556
vt 0.276585 0.943245
vt 0.288381 0.943245
vt 0.288381 0.946466
vt 0.276585 0.946466
vt 0.017245 0.926970
vt 0.017245 0.930715
vt 0.005450 0.930715
vt 0.005450 0.926970
vt 0.299281 0.950035
vt 0.311076 0.950035
vt 0.311076 0.953815
vt 0.299281 0.953815
vt 0.005450 0.923478
vt 0.017245 0.923466
vt 0.311076 0.957662
vt 0.299281 0.957662
vt 0.323901 0.669153
vt 0.312105 0.669153
vt 0.312105 0.664971
vt 0.323901 0.664950
vt 0.794517 0.900395
vt 0.782721 0.900379
vt 0.782721 0.896222
vt 0.794517 0.896222
vt 0.323901 0.723204
vt 0.323901 0.729027
vt 0.312105 0.729027
vt 0.312105 0.725472
vt 0.311076 0.961426
vt 0.299281 0.961426
vt 0.005450 0.941938
vt 0.017245 0.941938
vt 0.017245 0.945196
vt 0.005450 0.945179
vt 0.794517 0.882979
vt 0.782721 0.883249
vt 0.782721 0.870641
vt 0.794517 0.869877
vt 0.311076 0.964964
vt 0.299281 0.964964
vt 0.017245 0.938346
vt 0.005450 0.938346
vt 0.323901 0.733245
vt 0.312105 0.733245
vt 0.794517 0.832116
vt 0.794517 0.836358
vt 0.782721 0.836358
vt 0.782721 0.832116
vt 0.017245 0.934556
vt 0.005450 0.934556
vt 0.299281 0.943245
vt 0.311076 0.943245
vt 0.311076 0.946466
vt 0.299281 0.946466
vt 0.389906 0.930320
vt 0.389906 0.934065
vt 0.378111 0.934065
vt 0.378111 0.930320
vt 0.139322 0.951796
vt 0.151118 0.951796
vt 0.151118 0.955577
vt 0.139322 0.955577
vt 0.389906 0.926816
vt 0.378111 0.926816
vt 0.151118 0.959423
vt 0.139322 0.959423
vt 0.311076 0.868253
vt 0.299281 0.868253
vt 0.299281 0.864071
vt 0.311076 0.864071
vt 0.098156 0.935715
vt 0.086360 0.935715
vt 0.086360 0.931557
vt 0.098156 0.931557
vt 0.299281 0.928126
vt 0.299281 0.923984
vt 0.311076 0.923148
vt 0.311076 0.928126
vt 0.151118 0.963187
vt 0.139322 0.963187
vt 0.389906 0.945288
vt 0.389906 0.948546
vt 0.378111 0.948546
vt 0.378111 0.945288
vt 0.086360 0.877354
vt 0.098156 0.876671
vt 0.151118 0.966725
vt 0.139322 0.966725
vt 0.389906 0.941695
vt 0.378111 0.941695
vt 0.311076 0.932345
vt 0.299281 0.932345
vt 0.086360 0.867451
vt 0.098156 0.867451
vt 0.098156 0.871694
vt 0.086360 0.871694
vt 0.389906 0.937906
vt 0.378111 0.937905
vt 0.139322 0.945006
vt 0.151118 0.945006
vt 0.151118 0.948227
vt 0.139322 0.948227
vt 0.899534 0.205312
vt 0.899534 0.223150
vt 0.902918 0.223150
vt 0.902918 0.234608
vt 0.902918 0.205312
vt 0.902918 0.245363
vt 0.906589 0.234608
vt 0.906589 0.243441
vt 0.906589 0.205312
vt 0.906589 0.223150
vt 0.902918 0.196149
vt 0.910408 0.205312
vt 0.910408 0.223150
vt 0.910408 0.234608
vt 0.906589 0.198071
vt 0.910408 0.242792
vt 0.914226 0.234608
vt 0.914226 0.243441
vt 0.914226 0.223150
vt 0.910408 0.198720
vt 0.917897 0.223150
vt 0.917897 0.234608
vt 0.917897 0.245363
vt 0.921254 0.205312
vt 0.921265 0.223150
vt 0.921272 0.234608
vt 0.921281 0.248485
vt 0.923412 0.205312
vt 0.923412 0.223151
vt 0.923412 0.234608
vt 0.899534 0.105497
vt 0.899534 0.124751
vt 0.897403 0.093238
vt 0.902918 0.105497
vt 0.902918 0.121630
vt 0.899534 0.097439
vt 0.906589 0.105497
vt 0.906589 0.119708
vt 0.902918 0.100560
vt 0.906589 0.102483
vt 0.910408 0.105497
vt 0.910408 0.119059
vt 0.914226 0.105497
vt 0.914226 0.119708
vt 0.910408 0.103132
vt 0.917897 0.105497
vt 0.917897 0.121630
vt 0.914226 0.102483
vt 0.921281 0.105497
vt 0.921281 0.124751
vt 0.917897 0.100561
vt 0.923412 0.128952
vt 0.921281 0.097439
vt 0.899728 0.022323
vt 0.899534 0.029162
vt 0.899811 0.013635
vt 0.903025 0.022323
vt 0.902918 0.026041
vt 0.903382 0.013075
vt 0.907113 0.012491
vt 0.906671 0.022323
vt 0.906589 0.024119
vt 0.910432 0.022323
vt 0.910408 0.023470
vt 0.910903 0.011897
vt 0.915027 0.011250
vt 0.914347 0.022323
vt 0.914226 0.024119
vt 0.918151 0.022323
vt 0.917897 0.026041
vt 0.919126 0.010608
vt 0.921676 0.022323
vt 0.921281 0.029163
vt 0.922691 0.010049
vt 0.924032 0.022323
vt 0.923412 0.033363
vt 0.924953 0.009695
vt 0.897403 0.312560
vt 0.899673 0.330491
vt 0.899856 0.348518
vt 0.902982 0.330491
vt 0.903092 0.348518
vt 0.899534 0.316761
vt 0.902918 0.319882
vt 0.906588 0.330491
vt 0.906588 0.348518
vt 0.910352 0.330491
vt 0.910229 0.348518
vt 0.906589 0.321805
vt 0.910408 0.322454
vt 0.914231 0.330492
vt 0.914244 0.348518
vt 0.914226 0.321805
vt 0.917611 0.330492
vt 0.917127 0.348518
vt 0.917897 0.319883
vt 0.920896 0.330492
vt 0.920392 0.348518
vt 0.921281 0.316761
vt 0.922410 0.348518
vt 0.253890 0.885651
vt 0.265686 0.868349
vt 0.265686 0.885769
vt 0.265686 0.897963
vt 0.253890 0.899239
vt 0.923039 0.779332
vt 0.934834 0.778072
vt 0.923039 0.761266
vt 0.934834 0.760295
vt 0.782721 0.852178
vt 0.794517 0.852195
vt 0.782721 0.842079
vt 0.794517 0.842180
vt 0.323901 0.682398
vt 0.312105 0.681277
vt 0.323901 0.695502
vt 0.312105 0.695585
vt 0.323901 0.713188
vt 0.312105 0.715045
vt 0.827715 0.940687
vt 0.828101 0.935676
vt 0.833729 0.935233
vt 0.833344 0.940244
vt 0.786454 0.927733
vt 0.786209 0.923197
vt 0.791854 0.923197
vt 0.792099 0.927733
vt 0.827413 0.944645
vt 0.833041 0.944202
vt 0.657838 0.908653
vt 0.657912 0.904118
vt 0.663558 0.904118
vt 0.663484 0.908653
vt 0.828798 0.926689
vt 0.829116 0.922622
vt 0.834744 0.922180
vt 0.834426 0.926246
vt 0.828489 0.930659
vt 0.834117 0.930217
vt 0.827191 0.948571
vt 0.832819 0.948129
vt 0.657620 0.913014
vt 0.663265 0.913014
vt 0.656787 0.920556
vt 0.657265 0.917033
vt 0.662910 0.917033
vt 0.662432 0.920556
vt 0.785484 0.918836
vt 0.791129 0.918836
vt 0.829397 0.952030
vt 0.835026 0.951587
vt 0.784306 0.914817
vt 0.782721 0.911295
vt 0.788366 0.911295
vt 0.789951 0.914817
vt 0.829397 0.919052
vt 0.835026 0.918610
vt 0.328428 0.921614
vt 0.328428 0.934081
vt 0.321976 0.934081
vt 0.321976 0.921614
vt 0.352490 0.770420
vt 0.340023 0.770420
vt 0.340023 0.750720
vt 0.352490 0.750720
vt 0.792363 0.330466
vt 0.792611 0.348493
vt 0.775610 0.348518
vt 0.775610 0.330491
vt 0.712282 0.022324
vt 0.692556 0.022324
vt 0.692556 0.015871
vt 0.712282 0.005450
vt 0.478476 0.685541
vt 0.473008 0.664950
vt 0.352490 0.687472
vt 0.340023 0.687472
vt 0.348516 0.670452
vt 0.357959 0.670452
vt 0.775610 0.022323
vt 0.766783 0.022323
vt 0.766673 0.013973
vt 0.775610 0.015374
vt 0.057183 0.644566
vt 0.009687 0.654050
vt 0.005450 0.639271
vt 0.026295 0.633565
vt 0.460474 0.758741
vt 0.464835 0.757392
vt 0.468854 0.755200
vt 0.472376 0.752251
vt 0.475327 0.748543
vt 0.478476 0.748429
vt 0.478476 0.768551
vt 0.340023 0.721125
vt 0.340023 0.719109
vt 0.340023 0.715849
vt 0.340023 0.712970
vt 0.340023 0.708960
vt 0.340023 0.705323
vt 0.340023 0.701831
vt 0.340023 0.698600
vt 0.340023 0.696474
vt 0.478607 0.730893
vt 0.477416 0.726992
vt 0.475268 0.723001
vt 0.472376 0.719503
vt 0.468854 0.716632
vt 0.464835 0.714499
vt 0.460474 0.713185
vt 0.477416 0.744660
vt 0.478607 0.740760
vt 0.877632 0.630460
vt 0.880611 0.630460
vt 0.511286 0.796196
vt 0.511286 0.790987
vt 0.766922 0.033363
vt 0.775610 0.038342
vt 0.766922 0.038342
vt 0.712282 0.038342
vt 0.692556 0.038343
vt 0.796333 0.019319
vt 0.796333 0.022298
vt 0.633695 0.876780
vt 0.633695 0.867338
vt 0.662966 0.867338
vt 0.662966 0.876780
vt 0.674595 0.872086
vt 0.680948 0.872086
vt 0.680948 0.882102
vt 0.674595 0.882102
vt 0.087722 0.329900
vt 0.091107 0.312194
vt 0.107216 0.315296
vt 0.103832 0.333002
vt 0.680980 0.038343
vt 0.680980 0.022324
vt 0.352490 0.781981
vt 0.340023 0.781981
vt 0.051964 0.833469
vt 0.063531 0.833469
vt 0.674595 0.038325
vt 0.674595 0.022306
vt 0.680980 0.474139
vt 0.680980 0.483691
vt 0.674595 0.483672
vt 0.674595 0.474121
vt 0.069881 0.833624
vt 0.063531 0.821001
vt 0.069881 0.827271
vt 0.098828 0.790545
vt 0.098828 0.800095
vt 0.086360 0.800095
vt 0.086360 0.790545
vt 0.051964 0.821001
vt 0.674595 0.542750
vt 0.674595 0.533198
vt 0.680948 0.533198
vt 0.680948 0.542750
vt 0.130415 0.386587
vt 0.141030 0.388620
vt 0.133937 0.405365
vt 0.123718 0.403409
vt 0.846543 0.884025
vt 0.847982 0.884025
vt 0.877632 0.639902
vt 0.880611 0.639902
vt 0.479185 0.735826
vt 0.490944 0.685541
vt 0.490944 0.694416
vt 0.490944 0.696560
vt 0.490944 0.700107
vt 0.490944 0.703812
vt 0.490944 0.707575
vt 0.490944 0.711671
vt 0.490944 0.715741
vt 0.490944 0.719281
vt 0.490944 0.721528
vt 0.490944 0.748429
vt 0.490944 0.768551
vt 0.674595 0.978532
vt 0.680948 0.978532
vt 0.680948 0.994550
vt 0.674595 0.994550
vt 0.482451 0.664950
vt 0.742966 0.642965
vt 0.742966 0.613688
vt 0.680980 0.144793
vt 0.674595 0.144774
vt 0.674595 0.134757
vt 0.680980 0.134776
vt 0.692556 0.144792
vt 0.692556 0.134775
vt 0.045479 0.550894
vt 0.050976 0.522137
vt 0.079688 0.527624
vt 0.074191 0.556381
vt 0.712282 0.144792
vt 0.712282 0.134775
vt 0.740912 0.134775
vt 0.740912 0.144792
vt 0.766922 0.144791
vt 0.766922 0.134774
vt 0.775610 0.134774
vt 0.775610 0.144791
vt 0.796333 0.105472
vt 0.796333 0.134749
vt 0.775610 0.105497
vt 0.740912 0.312561
vt 0.741414 0.330492
vt 0.712282 0.330492
vt 0.712282 0.312466
vt 0.740912 0.312465
vt 0.692556 0.330492
vt 0.692556 0.312466
vt 0.680980 0.330493
vt 0.680980 0.312466
vt 0.674595 0.330474
vt 0.674595 0.312448
vt 0.431028 0.911818
vt 0.420933 0.911818
vt 0.420933 0.902376
vt 0.431028 0.902376
vt 0.162989 0.197926
vt 0.160627 0.187889
vt 0.162825 0.188310
vt 0.165187 0.198347
vt 0.081067 0.364717
vt 0.084338 0.347606
vt 0.100447 0.350708
vt 0.097177 0.367819
vt 0.674595 0.686392
vt 0.680948 0.686392
vt 0.680948 0.704418
vt 0.674595 0.704418
vt 0.784443 0.295019
vt 0.792363 0.312439
vt 0.775610 0.312465
vt 0.775610 0.295044
vt 0.784443 0.144766
vt 0.784443 0.162452
vt 0.775610 0.162477
vt 0.784443 0.175557
vt 0.775610 0.175582
vt 0.784443 0.193035
vt 0.775610 0.193060
vt 0.784443 0.205286
vt 0.775610 0.205311
vt 0.784443 0.223125
vt 0.775610 0.223150
vt 0.784443 0.234583
vt 0.775610 0.234608
vt 0.784443 0.252732
vt 0.775610 0.252757
vt 0.784443 0.265045
vt 0.775610 0.265070
vt 0.784443 0.282825
vt 0.775610 0.282850
vt 0.924011 0.557476
vt 0.936394 0.557476
vt 0.794545 0.144766
vt 0.794545 0.162452
vt 0.913176 0.710212
vt 0.926278 0.710212
vt 0.742966 0.905482
vt 0.753060 0.905482
vt 0.525054 0.928070
vt 0.537303 0.928070
vt 0.452017 0.955400
vt 0.441927 0.955400
vt 0.441927 0.945957
vt 0.452017 0.945957
vt 0.930221 0.630460
vt 0.941677 0.630460
vt 0.955823 0.787252
vt 0.945734 0.787252
vt 0.501844 0.928070
vt 0.514154 0.928070
vt 0.177365 0.907120
vt 0.167271 0.907120
vt 0.167271 0.897677
vt 0.177365 0.897677
vt 0.633695 0.931262
vt 0.645887 0.931262
vt 0.052857 0.512298
vt 0.081568 0.517785
vt 0.056178 0.494927
vt 0.084889 0.500414
vt 0.058638 0.482055
vt 0.087349 0.487542
vt 0.061919 0.464888
vt 0.090631 0.470375
vt 0.064220 0.452854
vt 0.092931 0.458341
vt 0.067575 0.435338
vt 0.096565 0.440879
vt 0.069720 0.424079
vt 0.102675 0.430400
vt 0.073128 0.406252
vt 0.100458 0.410463
vt 0.075439 0.394158
vt 0.099129 0.398709
vt 0.078777 0.376695
vt 0.096572 0.380118
vt 0.742966 0.603672
vt 0.742966 0.585986
vt 0.742966 0.572882
vt 0.742966 0.555405
vt 0.742966 0.543153
vt 0.744462 0.525318
vt 0.750652 0.513895
vt 0.135117 0.375071
vt 0.145729 0.377103
vt 0.142325 0.358712
vt 0.152509 0.360663
vt 0.165709 0.317748
vt 0.167907 0.318170
vt 0.166297 0.326592
vt 0.156933 0.324799
vt 0.350580 0.940523
vt 0.340023 0.939266
vt 0.924011 0.566919
vt 0.936394 0.566919
vt 0.408607 0.906473
vt 0.406428 0.906473
vt 0.913176 0.719655
vt 0.926278 0.719655
vt 0.200486 0.908040
vt 0.210581 0.908040
vt 0.525054 0.937513
vt 0.537303 0.937513
vt 0.957384 0.566919
vt 0.947294 0.566919
vt 0.947294 0.557476
vt 0.957384 0.557476
vt 0.930221 0.639902
vt 0.941677 0.639902
vt 0.608542 0.910058
vt 0.598447 0.910058
vt 0.598447 0.900616
vt 0.608542 0.900616
vt 0.501844 0.937513
vt 0.514154 0.937513
vt 0.633695 0.940704
vt 0.645887 0.940704
vt 0.740912 0.295045
vt 0.712282 0.295045
vt 0.766922 0.312465
vt 0.766922 0.295044
vt 0.740912 0.282850
vt 0.712282 0.282851
vt 0.766922 0.282850
vt 0.740912 0.265070
vt 0.712282 0.265071
vt 0.766922 0.265070
vt 0.712282 0.252758
vt 0.740912 0.252721
vt 0.766922 0.252721
vt 0.764790 0.248484
vt 0.764790 0.234608
vt 0.766922 0.234608
vt 0.766922 0.223150
vt 0.766922 0.205312
vt 0.746427 0.196149
vt 0.750099 0.198071
vt 0.750099 0.205312
vt 0.746427 0.205312
vt 0.740912 0.188827
vt 0.743061 0.193044
vt 0.740912 0.193060
vt 0.764779 0.193049
vt 0.766922 0.188827
vt 0.766922 0.193060
vt 0.712282 0.162478
vt 0.740912 0.162478
vt 0.740912 0.175582
vt 0.712282 0.175583
vt 0.766922 0.175582
vt 0.766922 0.162477
vt 0.692556 0.295045
vt 0.692556 0.282851
vt 0.692556 0.265071
vt 0.692556 0.252758
vt 0.692556 0.234609
vt 0.712282 0.234609
vt 0.692556 0.223151
vt 0.712282 0.223151
vt 0.692556 0.205313
vt 0.712282 0.205312
vt 0.692556 0.193061
vt 0.712282 0.193061
vt 0.692556 0.175583
vt 0.692556 0.162479
vt 0.680980 0.295045
vt 0.680980 0.282851
vt 0.680980 0.265071
vt 0.680980 0.252758
vt 0.680980 0.234609
vt 0.680980 0.223151
vt 0.680980 0.205313
vt 0.680980 0.193061
vt 0.680980 0.175583
vt 0.680980 0.162479
vt 0.674595 0.295027
vt 0.674595 0.282833
vt 0.674595 0.265053
vt 0.674595 0.252740
vt 0.674595 0.234591
vt 0.674595 0.223133
vt 0.674595 0.205294
vt 0.674595 0.193043
vt 0.674595 0.175565
vt 0.674595 0.162460
vt 0.680948 0.721838
vt 0.674595 0.721838
vt 0.680948 0.734032
vt 0.674595 0.734032
vt 0.680948 0.751811
vt 0.674595 0.751811
vt 0.680948 0.764123
vt 0.674595 0.764123
vt 0.680948 0.782272
vt 0.674595 0.782272
vt 0.682444 0.793729
vt 0.674595 0.793729
vt 0.680948 0.811567
vt 0.674595 0.811567
vt 0.680948 0.823819
vt 0.674595 0.823819
vt 0.680948 0.841296
vt 0.674595 0.841296
vt 0.680948 0.854400
vt 0.674595 0.854400
vt 0.875010 0.935876
vt 0.861431 0.935876
vt 0.618309 0.889716
vt 0.598447 0.889716
vt 0.131436 0.810995
vt 0.131436 0.856551
vt 0.742966 0.732771
vt 0.742966 0.726136
vt 0.621708 0.889561
vt 0.058575 0.638076
vt 0.029864 0.632589
vt 0.680980 0.502995
vt 0.674595 0.502977
vt 0.812669 0.483664
vt 0.808881 0.498305
vt 0.799241 0.502968
vt 0.799241 0.483664
vt 0.116485 0.179427
vt 0.120110 0.160465
vt 0.136169 0.163522
vt 0.132595 0.182528
vt 0.437118 0.823467
vt 0.433807 0.804163
vt 0.114692 0.188808
vt 0.138418 0.193365
vt 0.110544 0.210509
vt 0.111232 0.206911
vt 0.127341 0.210013
vt 0.124021 0.213107
vt 0.098828 0.772119
vt 0.098828 0.768456
vt 0.674595 0.564842
vt 0.674595 0.561179
vt 0.680948 0.561179
vt 0.680948 0.564842
vt 0.086360 0.772119
vt 0.086360 0.768456
vt 0.680980 0.452046
vt 0.680980 0.455709
vt 0.674595 0.455691
vt 0.674595 0.452028
vt 0.680980 0.348519
vt 0.680980 0.357094
vt 0.674595 0.357076
vt 0.674595 0.348501
vt 0.098828 0.664950
vt 0.098828 0.673523
vt 0.086360 0.673523
vt 0.086360 0.664950
vt 0.674595 0.668366
vt 0.674595 0.659791
vt 0.680948 0.659791
vt 0.680948 0.668366
vt 0.116864 0.420947
vt 0.122582 0.426644
vt 0.102379 0.441912
vt 0.103215 0.431294
vt 0.092717 0.303772
vt 0.108826 0.306873
vt 0.680980 0.370386
vt 0.674595 0.370368
vt 0.098828 0.686812
vt 0.086360 0.686812
vt 0.674595 0.646500
vt 0.680948 0.646500
vt 0.695905 0.659931
vt 0.695905 0.646546
vt 0.095212 0.290717
vt 0.100501 0.291750
vt 0.680980 0.428130
vt 0.680980 0.441058
vt 0.674595 0.441039
vt 0.674595 0.428111
vt 0.098828 0.744545
vt 0.098828 0.757470
vt 0.086360 0.757470
vt 0.086360 0.744545
vt 0.674595 0.588758
vt 0.674595 0.575830
vt 0.680948 0.575830
vt 0.680948 0.588758
vt 0.688479 0.575879
vt 0.688479 0.588786
vt 0.680948 0.632711
vt 0.680948 0.611165
vt 0.688479 0.611191
vt 0.688479 0.632736
vt 0.098828 0.722141
vt 0.098828 0.700599
vt 0.695905 0.632736
vt 0.695926 0.611191
vt 0.674595 0.632711
vt 0.674595 0.611165
vt 0.086360 0.722141
vt 0.086360 0.700599
vt 0.680980 0.384175
vt 0.680980 0.405722
vt 0.674595 0.405703
vt 0.674595 0.384157
vt 0.680948 0.599961
vt 0.688479 0.599988
vt 0.098828 0.733343
vt 0.674595 0.599961
vt 0.086360 0.733343
vt 0.680980 0.416926
vt 0.674595 0.416907
vt 0.688479 0.646546
vt 0.635778 0.705940
vt 0.635778 0.687944
vt 0.635778 0.741324
vt 0.635778 0.723935
vt 0.635778 0.812856
vt 0.635778 0.794214
vt 0.635778 0.771244
vt 0.635778 0.753497
vt 0.635778 0.679369
vt 0.149629 0.341756
vt 0.159403 0.343627
vt 0.111424 0.401059
vt 0.108294 0.412408
vt 0.126730 0.337379
vt 0.121386 0.354710
vt 0.102945 0.430847
vt 0.350961 0.940523
vt 0.134416 0.311764
vt 0.132075 0.320047
vt 0.116147 0.371445
vt 0.113493 0.383353
vt 0.155527 0.196566
vt 0.157169 0.187225
vt 0.005450 0.905140
vt 0.031469 0.905140
vt 0.031469 0.912566
vt 0.005450 0.912566
vt 0.351342 0.940523
vt 0.791343 0.483666
vt 0.791343 0.502970
vt 0.436768 0.823448
vt 0.424578 0.804144
vt 0.437118 0.832917
vt 0.839544 0.599483
vt 0.844107 0.599518
vt 0.844107 0.612720
vt 0.839544 0.612690
vt 0.806367 0.673266
vt 0.806367 0.685604
vt 0.798941 0.685604
vt 0.798941 0.673266
vt 0.169867 0.230972
vt 0.162278 0.216751
vt 0.184213 0.220946
vt 0.181858 0.233266
vt 0.186411 0.221367
vt 0.184056 0.233687
vt 0.179390 0.246173
vt 0.181589 0.246594
vt 0.173248 0.244997
vt 0.806367 0.660247
vt 0.798941 0.660247
vt 0.362648 0.864272
vt 0.362648 0.872067
vt 0.195690 0.293315
vt 0.209338 0.295650
vt 0.179652 0.305748
vt 0.171990 0.304283
vt 0.806367 0.649387
vt 0.798941 0.649387
vt 0.173103 0.256067
vt 0.177344 0.256880
vt 0.179542 0.257301
vt 0.171123 0.289422
vt 0.175297 0.267587
vt 0.177495 0.268008
vt 0.173322 0.289843
vt 0.158548 0.287016
vt 0.168278 0.266243
vt 0.806367 0.616092
vt 0.806367 0.638431
vt 0.798941 0.638431
vt 0.798941 0.616092
vt 0.839544 0.623647
vt 0.844107 0.623672
vt 0.844107 0.640015
vt 0.839544 0.628334
vt 0.839544 0.586878
vt 0.844107 0.586914
vt 0.806367 0.601557
vt 0.798941 0.601557
vt 0.149991 0.300061
vt 0.168416 0.303585
vt 0.170614 0.304006
vt 0.806367 0.586878
vt 0.798941 0.586878
vt 0.635778 0.664950
vt 0.212981 0.268452
vt 0.221780 0.281943
vt 0.844107 0.655731
vt 0.362648 0.899920
vt 0.813018 0.907710
vt 0.808455 0.903479
vt 0.207980 0.251639
vt 0.212436 0.263588
vt 0.808455 0.891652
vt 0.198042 0.223590
vt 0.202780 0.237266
vt 0.367211 0.862891
vt 0.808455 0.874582
vt 0.821219 0.732055
vt 0.821219 0.722102
vt 0.828644 0.722102
vt 0.828644 0.732055
vt 0.153696 0.206896
vt 0.168578 0.209435
vt 0.170777 0.209856
vt 0.111955 0.203127
vt 0.112678 0.199342
vt 0.142126 0.206642
vt 0.135681 0.207684
vt 0.098828 0.779822
vt 0.098828 0.775970
vt 0.695948 0.599988
vt 0.674595 0.557327
vt 0.674595 0.553474
vt 0.680948 0.553474
vt 0.680948 0.557327
vt 0.086360 0.779822
vt 0.086360 0.775970
vt 0.680980 0.459562
vt 0.680980 0.463414
vt 0.674595 0.463396
vt 0.674595 0.459543
vt 0.437118 0.843238
vt 0.821197 0.710622
vt 0.692556 0.348519
vt 0.712282 0.348519
vt 0.766597 0.348518
vt 0.766759 0.330491
vt 0.805039 0.343570
vt 0.809385 0.346273
vt 0.800671 0.357611
vt 0.798320 0.352422
vt 0.814792 0.334987
vt 0.816234 0.335244
vt 0.176713 0.779771
vt 0.176713 0.664950
vt 0.812669 0.450905
vt 0.799241 0.450333
vt 0.167271 0.779771
vt 0.167271 0.664950
vt 0.826713 0.450297
vt 0.501843 0.796196
vt 0.501843 0.790987
vt 0.846543 0.874582
vt 0.847974 0.874642
vt 0.176713 0.813131
vt 0.167271 0.813131
vt 0.826713 0.483664
vt 0.511286 0.698281
vt 0.501844 0.698281
vt 0.819427 0.493242
vt 0.674595 0.513895
vt 0.680948 0.513895
vt 0.176713 0.822853
vt 0.167271 0.822853
vt 0.511286 0.664950
vt 0.501844 0.664950
vt 0.160745 0.168220
vt 0.164200 0.168881
vt 0.017918 0.803755
vt 0.018072 0.810101
vt 0.011720 0.810101
vt 0.005450 0.803755
vt 0.133859 0.088532
vt 0.137290 0.070691
vt 0.158058 0.048998
vt 0.153680 0.071751
vt 0.015002 0.126664
vt 0.016650 0.122864
vt 0.026574 0.112194
vt 0.025459 0.118028
vt 0.023386 0.675740
vt 0.023386 0.685604
vt 0.013943 0.675740
vt 0.013943 0.685604
vt 0.013943 0.664950
vt 0.023386 0.664950
vt 0.126986 0.090641
vt 0.130242 0.073604
vt 0.013376 0.693494
vt 0.023021 0.693494
vt 0.293279 0.672844
vt 0.283635 0.672844
vt 0.283270 0.664950
vt 0.292712 0.664950
vt 0.284869 0.699532
vt 0.284365 0.688632
vt 0.295197 0.699532
vt 0.294414 0.688632
vt 0.011458 0.720169
vt 0.012242 0.709275
vt 0.022290 0.709275
vt 0.021786 0.720169
vt 0.764644 0.483672
vt 0.775548 0.483670
vt 0.775548 0.502974
vt 0.764644 0.502976
vt 0.692141 0.483688
vt 0.711826 0.483684
vt 0.711826 0.502988
vt 0.692141 0.502993
vt 0.086266 0.086900
vt 0.090261 0.068222
vt 0.099087 0.072282
vt 0.096000 0.088431
vt 0.006251 0.792604
vt 0.007665 0.772937
vt 0.019344 0.772937
vt 0.018434 0.792604
vt 0.300404 0.772004
vt 0.288222 0.772004
vt 0.287311 0.752327
vt 0.298990 0.752327
vt 0.288738 0.783161
vt 0.301205 0.783161
vt 0.115337 0.092124
vt 0.118424 0.075975
vt 0.570007 0.833741
vt 0.565768 0.827181
vt 0.886933 0.879901
vt 0.861431 0.870904
vt 0.746428 0.769726
vt 0.742966 0.743670
vt 0.744784 0.775649
vt 0.745153 0.773366
vt 0.016341 0.084171
vt 0.010573 0.075929
vt 0.015303 0.072782
vt 0.024002 0.079487
vt 0.566284 0.815799
vt 0.567194 0.796133
vt 0.186596 0.033047
vt 0.181415 0.059893
vt 0.005524 0.834623
vt 0.005450 0.838682
vt 0.185250 0.058563
vt 0.190519 0.031218
vt 0.192899 0.030670
vt 0.187596 0.058210
vt 0.804381 0.567091
vt 0.798941 0.558333
vt 0.296187 0.037831
vt 0.305721 0.039392
vt 0.312920 0.070547
vt 0.301483 0.073046
vt 0.946673 0.718930
vt 0.937178 0.725741
vt 0.612228 0.736222
vt 0.612228 0.749116
vt 0.307916 0.124692
vt 0.321369 0.119478
vt 0.323339 0.130628
vt 0.309423 0.136453
vt 0.014557 0.088400
vt 0.008218 0.079809
vt 0.281317 0.853171
vt 0.260555 0.853171
vt 0.168944 0.125133
vt 0.173633 0.100600
vt 0.177326 0.100019
vt 0.172550 0.125003
vt 0.088509 0.127620
vt 0.091326 0.112883
vt 0.110663 0.116577
vt 0.107846 0.131313
vt 0.179616 0.099957
vt 0.174807 0.125116
vt 0.005704 0.825764
vt 0.005636 0.828478
vt 0.143115 0.127021
vt 0.147088 0.106237
vt 0.122055 0.116438
vt 0.119083 0.131985
vt 0.077696 0.128371
vt 0.080217 0.115182
vt 0.128690 0.115570
vt 0.125576 0.131865
vt 0.009944 0.134648
vt 0.012505 0.132417
vt 0.023770 0.126861
vt 0.022752 0.132185
vt 0.034005 0.131404
vt 0.035331 0.124469
vt 0.046891 0.122077
vt 0.045258 0.130623
vt 0.808617 0.832618
vt 0.808778 0.821063
vt 0.037134 0.115032
vt 0.038326 0.108799
vt 0.049290 0.109526
vt 0.048336 0.114518
vt 0.750247 0.483675
vt 0.753739 0.483674
vt 0.753739 0.502979
vt 0.750247 0.502980
vt 0.010424 0.734553
vt 0.010675 0.731063
vt 0.021282 0.731063
vt 0.021120 0.734553
vt 0.296231 0.713923
vt 0.285535 0.713923
vt 0.285373 0.710432
vt 0.295980 0.710432
vt 0.576730 0.946911
vt 0.565768 0.946407
vt 0.286827 0.741853
vt 0.286343 0.731380
vt 0.298238 0.741853
vt 0.297485 0.731380
vt 0.008418 0.762469
vt 0.009170 0.752000
vt 0.020313 0.752000
vt 0.019828 0.762469
vt 0.722304 0.483682
vt 0.732783 0.483679
vt 0.732783 0.502983
vt 0.722304 0.502986
vt 0.567678 0.786830
vt 0.568163 0.777777
vt 0.052466 0.130122
vt 0.054297 0.120545
vt 0.069108 0.117480
vt 0.066883 0.129121
vt 0.053895 0.107966
vt 0.056076 0.099152
vt 0.063103 0.068887
vt 0.059600 0.089433
vt 0.048862 0.130372
vt 0.050594 0.121311
vt 0.808455 0.863683
vt 0.285696 0.717414
vt 0.746754 0.483676
vt 0.746754 0.502980
vt 0.296482 0.717414
vt 0.010174 0.738042
vt 0.020959 0.738042
vt 0.568809 0.760016
vt 0.082356 0.059353
vt 0.077087 0.082472
vt 0.425187 0.891476
vt 0.420933 0.890972
vt 0.366524 0.947150
vt 0.362241 0.946791
vt 0.763960 0.896040
vt 0.771507 0.896040
vt 0.434726 0.891476
vt 0.318263 0.781484
vt 0.312105 0.781484
vt 0.452053 0.891476
vt 0.443171 0.891476
vt 0.005450 0.850732
vt 0.005450 0.844707
vt 0.005450 0.861558
vt 0.005450 0.871963
vt 0.017843 0.116958
vt 0.019035 0.111052
vt 0.024379 0.102728
vt 0.025476 0.107461
vt 0.018554 0.099883
vt 0.021401 0.092992
vt 0.039048 0.097098
vt 0.037010 0.102986
vt 0.031512 0.086799
vt 0.323746 0.781484
vt 0.421157 0.791113
vt 0.421157 0.779450
vt 0.433807 0.790551
vt 0.194489 0.056917
vt 0.187352 0.098249
vt 0.744784 0.781786
vt 0.340231 0.792881
vt 0.352749 0.792881
vt 0.352905 0.805531
vt 0.340023 0.805531
vt 0.365080 0.792881
vt 0.365558 0.805531
vt 0.377251 0.792881
vt 0.378015 0.805531
vt 0.389732 0.792881
vt 0.390852 0.805531
vt 0.624878 0.664950
vt 0.624878 0.671247
vt 0.612228 0.672787
vt 0.612228 0.666299
vt 0.624878 0.683718
vt 0.612228 0.685612
vt 0.624878 0.696124
vt 0.612228 0.698356
vt 0.624878 0.708455
vt 0.612228 0.711009
vt 0.624878 0.720748
vt 0.612228 0.723616
vt 0.624878 0.733041
vt 0.204660 0.055009
vt 0.198766 0.095729
vt 0.214830 0.053101
vt 0.210180 0.093209
vt 0.225001 0.051193
vt 0.221593 0.090690
vt 0.237100 0.049475
vt 0.233007 0.088170
vt 0.242137 0.043593
vt 0.247180 0.037717
vt 0.244415 0.085645
vt 0.238708 0.086905
vt 0.257252 0.036326
vt 0.255828 0.083125
vt 0.267159 0.035797
vt 0.267242 0.080605
vt 0.276934 0.035958
vt 0.278656 0.078086
vt 0.286610 0.036636
vt 0.290070 0.075566
vt 0.744784 0.790839
vt 0.744784 0.799893
vt 0.744784 0.808946
vt 0.744784 0.821216
vt 0.219857 0.887698
vt 0.210172 0.887698
vt 0.798941 0.522904
vt 0.798941 0.513895
vt 0.798941 0.531839
vt 0.798941 0.540715
vt 0.798941 0.549546
vt 0.200486 0.886201
vt 0.863785 0.526545
vt 0.874164 0.526545
vt 0.875651 0.513895
vt 0.884529 0.513895
vt 0.239837 0.023950
vt 0.244436 0.015020
vt 0.284359 0.010957
vt 0.292723 0.014605
vt 0.275830 0.008167
vt 0.267137 0.006236
vt 0.258226 0.005450
vt 0.249041 0.006095
vt 0.227284 0.025139
vt 0.217935 0.026643
vt 0.208586 0.028147
vt 0.199236 0.029651
vt 0.231195 0.853171
vt 0.301001 0.018847
vt 0.238285 0.107506
vt 0.231703 0.111605
vt 0.304338 0.096036
vt 0.292512 0.097158
vt 0.280687 0.098280
vt 0.268782 0.099818
vt 0.256718 0.102186
vt 0.244515 0.105282
vt 0.219480 0.114805
vt 0.207913 0.114576
vt 0.196008 0.116114
vt 0.183706 0.119730
vt 0.064111 0.143621
vt 0.074556 0.144799
vt 0.043223 0.141266
vt 0.046704 0.141659
vt 0.050186 0.142051
vt 0.021485 0.138816
vt 0.032354 0.140041
vt 0.121696 0.152162
vt 0.138184 0.152924
vt 0.006755 0.137428
vt 0.115381 0.151351
vt 0.085000 0.145976
vt 0.104338 0.149669
vt 0.163119 0.155707
vt 0.005788 0.822384
vt 0.166618 0.156138
vt 0.168833 0.156470
vt 0.316682 0.092337
vt 0.292216 0.806710
vt 0.302795 0.794060
vt 0.083565 0.153484
vt 0.102902 0.157178
vt 0.420933 0.791184
vt 0.005822 0.821001
vt 0.113867 0.159272
vt 0.073271 0.151518
vt 0.005450 0.138565
vt 0.020966 0.141528
vt 0.031679 0.143574
vt 0.042391 0.145620
vt 0.049253 0.146931
vt 0.062978 0.149552
vt 0.045822 0.146276
vt 0.237781 0.133187
vt 0.230095 0.140811
vt 0.295577 0.124073
vt 0.283239 0.123454
vt 0.270722 0.123769
vt 0.257849 0.125950
vt 0.244663 0.129764
vt 0.216865 0.144858
vt 0.205107 0.141206
vt 0.192590 0.141521
vt 0.179181 0.146501
vt 0.911872 0.936573
vt 0.897833 0.931724
vt 0.310124 0.800871
vt 0.327728 0.800871
vt 0.401751 0.792881
vt 0.408564 0.798767
vt 0.308993 0.025998
vt 0.312415 0.040877
vt 0.325933 0.094986
vt 0.329123 0.113462
vt 0.807093 0.575978
vt 0.167271 0.877335
vt 0.189587 0.877335
vt 0.189366 0.886717
vt 0.167271 0.886777
vt 0.348516 0.664950
vt 0.357959 0.664950
vt 0.378111 0.915916
vt 0.378111 0.906473
vt 0.395528 0.906473
vt 0.395528 0.915916
vt 0.895428 0.557476
vt 0.913111 0.557476
vt 0.897833 0.868892
vt 0.915307 0.868892
vt 0.462952 0.897719
vt 0.480787 0.897719
vt 0.884131 0.710212
vt 0.902276 0.710212
vt 0.894363 0.787252
vt 0.912139 0.787252
vt 0.895428 0.566919
vt 0.913111 0.566919
vt 0.897833 0.878335
vt 0.915307 0.878335
vt 0.462952 0.907162
vt 0.480787 0.907162
vt 0.884131 0.719655
vt 0.902276 0.719655
vt 0.894363 0.796695
vt 0.912139 0.796695
vt 0.936296 0.948056
vt 0.926207 0.948056
vt 0.051964 0.911354
vt 0.062058 0.911354
vt 0.794545 0.175557
vt 0.794545 0.193034
vt 0.957285 0.948056
vt 0.947196 0.948056
vt 0.794545 0.205286
vt 0.794545 0.223125
vt 0.200486 0.898597
vt 0.210581 0.898597
vt 0.955823 0.796694
vt 0.945734 0.796694
vt 0.794545 0.234583
vt 0.794545 0.252732
vt 0.742966 0.896040
vt 0.753060 0.896040
vt 0.936296 0.957498
vt 0.926207 0.957498
vt 0.408607 0.915916
vt 0.406428 0.915916
vt 0.794545 0.295019
vt 0.794545 0.312439
vt 0.794545 0.265045
vt 0.794545 0.282824
vt 0.051964 0.901912
vt 0.062058 0.901912
vt 0.957285 0.957498
vt 0.947196 0.957498
vt 0.796333 0.038316
vt 0.573813 0.854083
vt 0.565768 0.856051
vt 0.565768 0.853918
vt 0.573813 0.844640
vt 0.032871 0.616855
vt 0.061583 0.622342
vt 0.742966 0.710118
vt 0.680948 0.911379
vt 0.674595 0.911379
vt 0.674595 0.105480
vt 0.680980 0.105498
vt 0.692556 0.105498
vt 0.957413 0.868892
vt 0.948902 0.866924
vt 0.712282 0.105498
vt 0.766922 0.128952
vt 0.766922 0.105497
vt 0.896626 0.630460
vt 0.896626 0.639902
vt 0.740912 0.093239
vt 0.740912 0.105497
vt 0.740912 0.038342
vt 0.747565 0.873729
vt 0.766107 0.873729
vt 0.747565 0.875862
vt 0.766107 0.875862
vt 0.742966 0.885140
vt 0.771822 0.885140
vt 0.957413 0.878335
vt 0.948902 0.869057
vt 0.553930 0.937513
vt 0.548203 0.937513
vt 0.548203 0.928070
vt 0.553930 0.928070
vt 0.801885 0.034731
vt 0.801885 0.101886
vt 0.581858 0.854083
vt 0.587548 0.854083
vt 0.581858 0.844640
vt 0.587548 0.844640
vt 0.847646 0.719655
vt 0.839544 0.719655
vt 0.839544 0.710212
vt 0.847646 0.710212
vt 0.806005 0.037113
vt 0.810125 0.039496
vt 0.810125 0.068358
vt 0.806005 0.076379
vt 0.577835 0.854083
vt 0.577835 0.844640
vt 0.873231 0.710212
vt 0.873231 0.719655
vt 0.154131 0.926868
vt 0.154131 0.934106
vt 0.154131 0.890190
vt 0.154131 0.899770
vt 0.471410 0.966070
vt 0.462952 0.966070
vt 0.475339 0.966070
vt 0.462952 0.929026
vt 0.462952 0.918061
vt 0.406750 0.926816
vt 0.409721 0.926816
vt 0.154131 0.914154
vt 0.680980 0.448383
vt 0.674595 0.448365
vt 0.098828 0.764794
vt 0.086360 0.764794
vt 0.674595 0.568505
vt 0.680948 0.568505
vt 0.108481 0.221302
vt 0.109856 0.214106
vt 0.120702 0.216202
vt 0.114062 0.222391
vt 0.400806 0.926816
vt 0.403778 0.926816
vt 0.688479 0.564960
vt 0.695948 0.564960
vt 0.695948 0.568599
vt 0.688479 0.568599
vt 0.695948 0.575879
vt 0.828644 0.710622
vt 0.821175 0.704404
vt 0.828644 0.704404
vt 0.695948 0.588786
vt 0.688479 0.561320
vt 0.695948 0.561320
vt 0.821175 0.696504
vt 0.828644 0.696504
vt 0.462952 0.940361
vt 0.861431 0.957110
vt 0.861431 0.946775
vt 0.663536 0.946265
vt 0.656787 0.946265
vt 0.861431 0.963704
vt 0.688479 0.659931
vt 0.813796 0.754098
vt 0.811295 0.757155
vt 0.808626 0.753196
vt 0.808569 0.750021
vt 0.821126 0.761080
vt 0.817121 0.765471
vt 0.827074 0.771004
vt 0.820488 0.776842
vt 0.829695 0.799719
vt 0.820175 0.810163
vt 0.808455 0.809004
vt 0.822252 0.797581
vt 0.824663 0.784293
vt 0.817418 0.791017
vt 0.823458 0.790937
vt 0.808895 0.801477
vt 0.847446 0.770883
vt 0.835452 0.780910
vt 0.834854 0.775662
vt 0.845046 0.767032
vt 0.833660 0.765166
vt 0.840246 0.759328
vt 0.850531 0.783367
vt 0.839028 0.789380
vt 0.836049 0.786158
vt 0.849846 0.774735
vt 0.825132 0.756690
vt 0.829137 0.752299
vt 0.816296 0.751041
vt 0.818796 0.747985
vt 0.808512 0.746845
vt 0.808455 0.743670
vt 0.842007 0.792602
vt 0.837139 0.801856
vt 0.850318 0.789892
vt 0.833027 0.807416
vt 0.952577 0.623012
vt 0.964372 0.623012
vt 0.964372 0.626757
vt 0.952577 0.626757
vt 0.265686 0.950035
vt 0.265686 0.953815
vt 0.253890 0.953815
vt 0.253890 0.950035
vt 0.952577 0.619508
vt 0.964372 0.619508
vt 0.265686 0.957662
vt 0.253890 0.957662
vt 0.231195 0.868253
vt 0.231195 0.864071
vt 0.242990 0.864071
vt 0.242990 0.868253
vt 0.109056 0.935714
vt 0.109056 0.931557
vt 0.120851 0.931557
vt 0.120851 0.935714
vt 0.231195 0.928090
vt 0.231195 0.915742
vt 0.242990 0.918568
vt 0.242990 0.928126
vt 0.265686 0.961426
vt 0.253890 0.961426
vt 0.952577 0.637980
vt 0.964372 0.637980
vt 0.964372 0.641238
vt 0.952577 0.641238
vt 0.109056 0.931462
vt 0.109056 0.914044
vt 0.120851 0.915266
vt 0.265686 0.964964
vt 0.253890 0.964964
vt 0.952577 0.634388
vt 0.964372 0.634388
vt 0.242990 0.932345
vt 0.231195 0.932345
vt 0.109056 0.867451
vt 0.120851 0.867451
vt 0.120851 0.871694
vt 0.109056 0.871730
vt 0.952577 0.630598
vt 0.964372 0.630598
vt 0.265686 0.943245
vt 0.265686 0.946466
vt 0.253890 0.946466
vt 0.253890 0.943245
vt 0.952577 0.590382
vt 0.964372 0.590382
vt 0.964372 0.594127
vt 0.952577 0.594127
vt 0.120851 0.953404
vt 0.120851 0.957185
vt 0.109056 0.957185
vt 0.109056 0.953404
vt 0.964372 0.586890
vt 0.952577 0.586878
vt 0.120851 0.961031
vt 0.109056 0.961031
vt 0.142335 0.815198
vt 0.142335 0.810995
vt 0.154131 0.811016
vt 0.154131 0.815198
vt 0.907526 0.655157
vt 0.907526 0.650984
vt 0.919322 0.650984
vt 0.919322 0.655141
vt 0.142335 0.869249
vt 0.154131 0.871517
vt 0.154131 0.875072
vt 0.142335 0.875072
vt 0.120851 0.964795
vt 0.109056 0.964795
vt 0.964372 0.605350
vt 0.964372 0.608591
vt 0.952577 0.608608
vt 0.952577 0.605350
vt 0.907526 0.637742
vt 0.907526 0.624640
vt 0.919322 0.625404
vt 0.919322 0.638011
vt 0.120851 0.968333
vt 0.109056 0.968333
vt 0.952577 0.601758
vt 0.964372 0.601758
vt 0.154131 0.879290
vt 0.142335 0.879290
vt 0.907526 0.586878
vt 0.919322 0.586878
vt 0.919322 0.591120
vt 0.907526 0.591120
vt 0.952577 0.597968
vt 0.964372 0.597968
vt 0.120851 0.946614
vt 0.120851 0.949835
vt 0.109056 0.949835
vt 0.109056 0.946614
vt 0.231195 0.946749
vt 0.242990 0.946749
vt 0.242990 0.950494
vt 0.231195 0.950494
vt 0.098156 0.953404
vt 0.098156 0.957185
vt 0.086360 0.957185
vt 0.086360 0.953404
vt 0.231195 0.943245
vt 0.242990 0.943245
vt 0.098156 0.961031
vt 0.086360 0.961031
vt 0.276585 0.868253
vt 0.276585 0.864071
vt 0.288381 0.864071
vt 0.288381 0.868253
vt 0.926207 0.893574
vt 0.926207 0.889417
vt 0.938002 0.889417
vt 0.938002 0.893574
vt 0.288381 0.928126
vt 0.276585 0.928126
vt 0.276585 0.923148
vt 0.288381 0.923984
vt 0.098156 0.964795
vt 0.086360 0.964795
vt 0.231195 0.961717
vt 0.242990 0.961717
vt 0.242990 0.964975
vt 0.231195 0.964975
vt 0.926207 0.834531
vt 0.938002 0.835213
vt 0.098156 0.968333
vt 0.086360 0.968333
vt 0.231195 0.958125
vt 0.242990 0.958125
vt 0.288381 0.932345
vt 0.276585 0.932345
vt 0.938002 0.825311
vt 0.938002 0.829553
vt 0.926207 0.829553
vt 0.926207 0.825311
vt 0.231195 0.954335
vt 0.242990 0.954335
vt 0.098156 0.946614
vt 0.098156 0.949835
vt 0.086360 0.949835
vt 0.086360 0.946614
vt 0.764790 0.223150
vt 0.764790 0.205312
vt 0.761407 0.234608
vt 0.761407 0.223150
vt 0.761407 0.205312
vt 0.761407 0.245363
vt 0.757735 0.243441
vt 0.757735 0.234608
vt 0.757735 0.223150
vt 0.757735 0.205312
vt 0.761407 0.196149
vt 0.753917 0.223150
vt 0.753917 0.205312
vt 0.753917 0.234608
vt 0.757735 0.198071
vt 0.753917 0.242792
vt 0.750099 0.243441
vt 0.750099 0.234608
vt 0.750099 0.223150
vt 0.753917 0.198720
vt 0.746427 0.223150
vt 0.746427 0.245363
vt 0.746427 0.234608
vt 0.743059 0.223151
vt 0.743071 0.205312
vt 0.743052 0.234608
vt 0.743044 0.248485
vt 0.740912 0.205312
vt 0.740912 0.234608
vt 0.740912 0.223151
vt 0.764790 0.124751
vt 0.764790 0.105497
vt 0.766922 0.093238
vt 0.761407 0.121630
vt 0.761407 0.105497
vt 0.764790 0.097439
vt 0.757735 0.119708
vt 0.757735 0.105497
vt 0.761407 0.100560
vt 0.757735 0.102483
vt 0.753917 0.119059
vt 0.753917 0.105497
vt 0.750099 0.119708
vt 0.750099 0.105497
vt 0.753917 0.103132
vt 0.746427 0.121630
vt 0.746427 0.105497
vt 0.750099 0.102483
vt 0.743043 0.124751
vt 0.743043 0.105497
vt 0.746427 0.100561
vt 0.740912 0.128952
vt 0.743043 0.097439
vt 0.764790 0.029162
vt 0.764597 0.022323
vt 0.764514 0.013635
vt 0.761407 0.026041
vt 0.761299 0.022323
vt 0.760942 0.013075
vt 0.757654 0.022323
vt 0.757211 0.012491
vt 0.757735 0.024119
vt 0.753917 0.023470
vt 0.753893 0.022323
vt 0.753422 0.011897
vt 0.749978 0.022323
vt 0.749297 0.011250
vt 0.750099 0.024119
vt 0.746427 0.026041
vt 0.746173 0.022323
vt 0.745199 0.010608
vt 0.743043 0.029163
vt 0.742649 0.022323
vt 0.741633 0.010049
vt 0.740912 0.033363
vt 0.740293 0.022323
vt 0.739371 0.009695
vt 0.766922 0.312560
vt 0.764468 0.348518
vt 0.764652 0.330491
vt 0.761233 0.348518
vt 0.761343 0.330491
vt 0.764790 0.316761
vt 0.761407 0.319883
vt 0.757737 0.348518
vt 0.757737 0.330492
vt 0.754095 0.348518
vt 0.753973 0.330492
vt 0.757735 0.321805
vt 0.753917 0.322454
vt 0.750080 0.348518
vt 0.750093 0.330492
vt 0.750099 0.321805
vt 0.747197 0.348518
vt 0.746713 0.330492
vt 0.746427 0.319883
vt 0.743933 0.348518
vt 0.743428 0.330492
vt 0.743044 0.316761
vt 0.741914 0.348518
vt 0.242990 0.885651
vt 0.231195 0.885769
vt 0.231195 0.868349
vt 0.231195 0.897963
vt 0.242990 0.899239
vt 0.109056 0.901852
vt 0.120851 0.903113
vt 0.109056 0.884076
vt 0.120851 0.885047
vt 0.907526 0.606957
vt 0.919322 0.606940
vt 0.907526 0.596942
vt 0.919322 0.596841
vt 0.142335 0.828443
vt 0.154131 0.827322
vt 0.142335 0.841547
vt 0.154131 0.841630
vt 0.142335 0.859233
vt 0.154131 0.861090
vt 0.815766 0.940687
vt 0.810138 0.940245
vt 0.809752 0.935234
vt 0.815381 0.935677
vt 0.791854 0.932268
vt 0.786209 0.932268
vt 0.816069 0.944646
vt 0.810440 0.944203
vt 0.657838 0.899583
vt 0.663484 0.899583
vt 0.814684 0.926690
vt 0.809055 0.926247
vt 0.808737 0.922180
vt 0.814365 0.922623
vt 0.809364 0.930218
vt 0.814993 0.930660
vt 0.816291 0.948572
vt 0.810662 0.948129
vt 0.657620 0.895222
vt 0.663265 0.895222
vt 0.656787 0.887680
vt 0.662432 0.887680
vt 0.662910 0.891203
vt 0.657265 0.891203
vt 0.791129 0.936629
vt 0.785484 0.936629
vt 0.814084 0.952030
vt 0.808455 0.951587
vt 0.784306 0.940648
vt 0.789951 0.940648
vt 0.788366 0.944171
vt 0.782721 0.944171
vt 0.808455 0.918610
vt 0.814084 0.919053
s 1
usemtl Material.001
f 396/438/10 408/439/10 329/440/10 314/441/10
f 402/442/11 404/443/11 352/444/11 362/445/11
f 736/446/12 741/447/13 373/448/14 359/449/15
f 375/450/16 371/451/16 314/452/16 329/453/16
f 406/454/17 398/455/18 349/456/18 372/457/17
f 405/458/11 400/459/11 359/460/11 373/461/11
f 382/462/19 369/463/20 1351/464/16 1359/465/16
f 561/466/21 560/467/22 559/468/16 558/469/16
f 346/470/23 396/471/23 403/472/23 1403/473/23 1406/474/23 1405/475/23 1407/476/23 1408/477/23 1409/478/23
f 1385/479/11 352/444/11 404/443/11 405/458/11 373/461/11 1369/480/11 1372/481/11 1374/482/11 1375/483/11 1377/484/11 1380/485/11 1382/486/11 1383/487/11
f 406/454/17 372/457/17 1418/488/24 1417/489/24 1419/490/24 1414/491/24 1415/492/24 1416/493/24 1412/494/24 1413/495/24
f 1403/473/25 403/472/26 1411/496/27 1410/497/25
f 398/498/28 407/499/28 378/500/28 349/501/28
f 1083/502/29 1078/503/29 751/504/30 748/505/30
f 1301/506/16 1307/507/16 1132/508/19 382/462/19 1359/465/16
f 1136/509/16 375/450/16 329/453/16 1137/510/16
f 322/511/31 369/463/20 382/462/19 376/512/31
f 1122/513/28 415/514/28 423/515/28 1126/516/28
f 534/517/10 420/518/10 421/519/10 545/520/10
f 739/521/32 742/522/33 409/523/33 413/524/32
f 1137/510/16 329/453/16 390/525/16 1139/526/16
f 402/442/11 362/445/11 388/527/11 411/528/11
f 408/529/34 381/530/34 389/531/34 412/532/34
f 1139/526/35 390/525/35 394/533/35 1140/534/35
f 725/535/35 730/536/35 568/537/35 567/538/35
f 412/532/34 389/531/34 393/539/34 414/540/34
f 390/541/34 412/532/34 414/540/34 394/542/34
f 731/543/28 725/544/28 567/545/28 566/546/28
f 329/547/34 408/529/34 412/532/34 390/541/34
f 367/548/11 402/442/11 411/528/11 391/549/11
f 730/550/10 726/551/10 569/552/10 568/553/10
f 635/554/36 519/555/37 626/556/38 625/557/39
f 1080/558/40 1081/559/41 755/560/42 753/561/40
f 322/562/28 376/563/28 407/499/28 398/498/28
f 403/472/26 371/564/24 1367/565/24 1358/566/24 1357/567/24 1356/568/24 1355/569/24 1354/570/24 1353/571/24 1352/572/24 1351/573/24 369/574/43 406/454/17 1413/495/24 1421/575/24 1411/496/27
f 337/576/11 374/577/11 405/458/11 404/443/11
f 314/578/23 371/564/23 403/472/23 396/471/23
f 1140/579/10 394/580/10 414/581/10 1141/582/10
f 374/577/11 357/583/11 400/459/11 405/458/11
f 369/574/43 322/584/18 398/455/18 406/454/17
f 367/548/11 337/576/11 404/443/11 402/442/11
f 346/585/10 381/586/10 408/439/10 396/438/10
f 1127/587/10 418/588/10 422/589/10 1125/590/10
f 523/591/35 419/592/35 420/593/35 534/594/35
f 479/595/16 385/596/16 419/592/16 523/591/16
f 1130/597/44 1125/598/44 422/599/44 421/600/44
f 490/601/16 384/602/16 385/596/16 479/595/16
f 1269/603/16 384/602/16 490/601/16 1271/604/16
f 1272/605/16 456/606/16 417/607/45 1270/608/16
f 1126/516/28 423/515/28 416/609/28 1120/610/28
f 1122/611/46 1121/612/19 417/607/45 415/613/47
f 1242/614/16 1241/615/16 425/616/16 735/617/16 1386/618/16
f 735/617/16 425/616/16 424/619/16 734/620/16
f 734/620/16 424/619/16 429/621/16 737/622/16
f 737/622/35 429/621/35 430/623/35 738/624/35
f 468/625/34 511/626/34 1084/627/34 1099/628/34
f 727/629/48 724/630/49 649/631/50 650/632/51
f 555/633/52 457/634/53 433/635/33 431/636/32
f 738/637/10 430/638/10 431/639/10 739/640/10
f 427/641/54 435/642/54 1088/643/54 1087/644/54
f 511/645/55 446/646/56 432/647/57 426/648/58
f 415/613/47 417/607/45 456/606/59 501/649/60
f 501/649/60 456/606/59 455/650/61 502/651/61
f 502/651/61 455/650/61 454/652/61 503/653/61
f 503/653/61 454/652/61 453/654/61 504/655/61
f 504/655/61 453/654/61 452/656/61 505/657/61
f 505/657/61 452/656/61 451/658/61 506/659/61
f 506/659/61 451/658/61 450/660/61 507/661/61
f 507/661/61 450/660/61 449/662/61 508/663/61
f 508/663/61 449/662/61 448/664/61 509/665/61
f 509/665/61 448/664/61 447/666/61 510/667/61
f 510/667/61 447/666/61 446/646/56 511/645/55
f 423/668/62 478/669/62 445/670/62 416/671/62
f 501/649/16 502/651/16 1111/672/16 1110/673/16
f 477/674/28 476/675/28 443/676/28 444/677/28
f 443/678/34 476/679/34 1107/680/34 1096/681/34
f 475/682/28 474/683/28 441/684/28 442/685/28
f 510/686/11 469/687/11 1100/688/11 1119/689/11
f 473/690/28 472/691/28 439/692/28 440/693/28
f 477/694/11 444/695/11 1097/696/11 1108/697/11
f 471/698/28 470/699/28 437/700/28 438/701/28
f 470/702/34 509/703/34 1118/704/34 1101/705/34
f 469/706/28 468/707/28 435/708/28 436/709/28
f 421/600/44 422/599/44 467/710/44 545/711/44
f 545/711/44 467/710/44 466/712/44 546/713/44
f 546/713/44 466/712/44 465/714/44 547/715/44
f 547/715/44 465/714/44 464/716/44 548/717/44
f 548/717/44 464/716/44 463/718/63 549/719/64
f 549/719/64 463/718/63 462/720/65 550/721/66
f 550/721/66 462/720/65 461/722/67 551/723/68
f 551/723/68 461/722/67 460/724/69 552/725/70
f 552/725/70 460/724/69 459/726/71 553/727/72
f 553/727/72 459/726/71 458/728/73 554/729/74
f 554/729/74 458/728/73 457/634/53 555/633/52
f 418/588/10 512/730/10 467/731/10 422/589/10
f 512/730/10 513/732/10 466/733/10 467/731/10
f 513/732/10 514/734/10 465/735/10 466/733/10
f 514/734/10 515/736/10 464/737/10 465/735/10
f 515/736/10 516/738/75 463/739/76 464/737/10
f 516/738/75 517/740/77 462/741/78 463/739/76
f 517/740/77 518/742/79 461/743/79 462/741/78
f 638/744/80 635/554/36 625/557/39 624/745/81
f 636/746/82 638/744/80 624/745/81 623/747/83
f 386/748/84 521/749/85 619/750/86 633/751/87
f 428/752/88 522/753/88 629/754/88 628/755/88
f 415/756/62 501/757/62 478/669/62 423/668/62
f 434/758/11 427/759/11 1087/760/11 1086/761/11
f 502/762/28 503/763/28 476/675/28 477/674/28
f 445/764/34 478/765/34 1109/766/34 1098/767/34
f 504/768/28 505/769/28 474/683/28 475/682/28
f 508/770/11 471/771/11 1102/772/11 1117/773/11
f 506/774/28 507/775/28 472/691/28 473/690/28
f 472/776/34 507/777/34 1116/778/34 1103/779/34
f 508/780/28 509/781/28 470/699/28 471/698/28
f 444/782/54 445/783/54 1098/784/54 1097/785/54
f 510/786/28 511/787/28 468/707/28 469/706/28
f 1252/788/16 500/789/16 425/616/16 1241/615/16
f 1245/790/16 432/647/57 446/646/16 1253/791/16
f 1254/792/16 499/793/16 500/789/16 1252/788/16
f 1253/791/16 446/646/16 447/666/16 1255/794/16
f 1256/795/16 498/796/16 499/793/16 1254/792/16
f 1255/794/16 447/666/16 448/664/16 1257/797/16
f 497/798/16 498/796/16 1256/795/16 1258/799/16
f 1257/797/16 448/664/16 449/662/16 1259/800/16
f 1259/800/16 1320/801/16 1324/802/16 1263/803/16
f 450/660/16 451/658/16 1317/804/16 1320/801/16
f 451/658/16 452/656/16 1318/805/16 1317/804/16
f 1273/806/16 1338/807/16 1335/808/16 1277/809/16
f 1283/810/16 1345/811/16 1274/812/16
f 1275/813/16 1319/814/16 1280/815/16
f 491/816/16 492/817/16 1281/818/16 1286/819/16
f 1282/820/16 454/652/16 455/650/16 1287/821/16
f 1271/604/16 490/601/16 491/816/16 1286/819/16
f 1287/821/16 455/650/16 456/606/16 1272/605/16
f 425/616/16 500/789/16 489/822/16 424/619/16
f 500/789/16 499/793/16 488/823/16 489/822/16
f 499/793/16 498/796/16 487/824/16 488/823/16
f 498/796/16 497/798/16 486/825/16 487/824/16
f 497/798/16 496/826/16 485/827/16 486/825/16
f 496/826/16 495/828/16 484/829/16 485/827/16
f 495/828/16 494/830/16 483/831/16 484/829/16
f 494/830/16 493/832/16 482/833/16 483/831/16
f 493/832/16 492/817/16 481/834/16 482/833/16
f 492/817/16 491/816/16 480/835/16 481/834/16
f 491/816/16 490/601/16 479/595/16 480/835/16
f 424/619/16 489/822/16 533/836/16 429/621/16
f 489/822/16 488/823/16 532/837/16 533/836/16
f 488/823/16 487/824/16 531/838/16 532/837/16
f 487/824/16 486/825/16 530/839/16 531/838/16
f 486/825/16 485/827/16 529/840/16 530/839/16
f 485/827/16 484/829/16 528/841/16 529/840/16
f 484/829/16 483/831/16 527/842/16 528/841/16
f 483/831/16 482/833/16 526/843/16 527/842/16
f 482/833/16 481/834/16 525/844/16 526/843/16
f 481/834/16 480/835/16 524/845/16 525/844/16
f 480/835/16 479/595/16 523/591/16 524/845/16
f 429/621/35 533/836/35 544/846/35 430/623/35
f 533/836/35 532/837/35 543/847/35 544/846/35
f 532/837/35 531/838/35 542/848/35 543/847/35
f 531/838/35 530/839/35 541/849/35 542/848/35
f 530/839/35 529/840/35 540/850/35 541/849/35
f 529/840/35 528/841/35 539/851/35 540/850/35
f 528/841/35 527/842/35 538/852/35 539/851/35
f 527/842/35 526/843/35 537/853/35 538/852/35
f 526/843/35 525/844/35 536/854/35 537/853/35
f 525/844/35 524/845/35 535/855/35 536/854/35
f 524/845/35 523/591/35 534/594/35 535/855/35
f 430/638/10 544/856/10 555/857/10 431/639/10
f 544/856/10 543/858/10 554/859/10 555/857/10
f 543/858/10 542/860/10 553/861/10 554/859/10
f 542/860/10 541/862/10 552/863/10 553/861/10
f 541/862/10 540/864/10 551/865/10 552/863/10
f 540/864/10 539/866/10 550/867/10 551/865/10
f 539/866/10 538/868/10 549/869/10 550/867/10
f 538/868/10 537/870/10 548/871/10 549/869/10
f 537/870/10 536/872/10 547/873/10 548/871/10
f 536/872/10 535/874/10 546/875/10 547/873/10
f 535/874/10 534/517/10 545/520/10 546/875/10
f 559/876/89 556/877/89 557/878/89 558/879/89
f 560/880/90 562/881/90 556/882/90 559/883/90
f 563/884/91 561/885/91 558/886/91 557/887/91
f 387/888/92 410/889/92 561/890/93 563/891/93
f 414/892/90 393/893/90 562/881/90 560/880/90
f 410/894/94 414/895/95 560/467/22 561/466/21
f 567/538/35 568/537/35 770/896/35 769/897/35
f 762/898/16 754/899/96 777/900/97 778/901/16
f 569/902/98 564/903/99 767/904/100 771/905/101
f 649/906/102 651/907/103 774/908/10 772/909/104
f 733/910/28 731/543/28 566/546/28 565/911/28
f 726/912/105 732/913/106 564/903/99 569/902/98
f 1179/914/107 1184/915/108 575/916/109 571/917/110
f 1185/918/28 1183/919/28 573/920/28 576/921/28
f 1182/922/10 1179/923/10 571/924/10 570/925/10
f 1183/919/28 1180/926/28 572/927/28 573/920/28
f 1180/928/35 1182/929/35 570/930/35 572/931/35
f 388/932/35 392/933/35 577/934/35 582/935/35
f 411/936/28 388/937/28 582/938/28 578/939/28
f 392/940/10 413/941/10 581/942/10 577/943/10
f 637/944/111 428/945/112 628/946/113 627/947/114
f 391/948/28 411/936/28 578/939/28 580/949/28
f 413/524/32 409/523/33 579/950/115 581/951/116
f 582/935/35 577/934/35 587/952/35 585/953/35
f 578/939/28 582/938/28 585/954/28 588/955/28
f 577/943/10 581/942/10 584/956/117 587/957/10
f 1193/958/118 583/959/118 586/960/119 1194/961/119
f 580/949/28 578/939/28 588/955/28 590/962/28
f 581/951/116 579/950/115 589/963/120 584/964/117
f 606/965/35 608/966/35 594/967/35 592/968/35
f 609/969/28 606/970/28 592/971/28 595/972/28
f 608/973/10 605/974/121 591/975/10 594/976/10
f 611/977/28 609/969/28 595/972/28 597/978/28
f 605/974/121 610/979/122 596/980/123 591/975/124
f 616/981/125 614/982/126 600/983/127 602/984/128
f 615/985/28 613/986/28 599/987/28 601/988/28
f 1196/989/129 618/990/129 604/991/10 1195/992/130
f 612/993/10 616/981/125 602/984/128 598/994/10
f 613/986/28 617/995/28 603/996/28 599/987/28
f 617/997/35 612/998/35 598/999/35 603/1000/35
f 686/1001/131 684/1002/132 610/979/122 605/974/121
f 685/1003/28 683/1004/28 609/969/28 611/977/28
f 682/1005/10 686/1001/131 605/974/121 608/973/10
f 683/1004/28 687/1006/28 606/970/28 609/969/28
f 687/1007/35 682/1008/35 608/966/35 606/965/35
f 585/953/35 587/952/35 612/998/35 617/997/35
f 588/955/28 585/954/28 617/995/28 613/986/28
f 587/957/10 584/956/117 616/981/125 612/993/10
f 1194/961/119 586/960/119 618/990/129 1196/989/129
f 590/962/28 588/955/28 613/986/28 615/985/28
f 584/956/117 589/1009/120 614/982/126 616/981/125
f 744/1010/133 620/1011/134 619/1012/134 745/1013/133
f 622/1014/135 621/1015/136 623/1016/136 624/1017/135
f 629/1018/137 630/1019/138 627/1020/138 628/1021/137
f 630/1019/138 631/1022/139 626/1023/139 627/1020/138
f 631/1022/139 632/1024/140 625/1025/140 626/1023/139
f 632/1024/140 622/1014/135 624/1017/135 625/1025/140
f 619/1012/134 620/1011/134 634/1026/10 633/1027/10
f 746/1028/141 636/746/82 623/747/83 745/1029/142
f 519/555/37 637/944/111 627/947/114 626/556/38
f 641/1030/16 644/1031/16 637/944/111 519/555/37
f 747/1032/16 643/1033/16 636/746/82 746/1028/141
f 644/1031/16 639/1034/16 428/945/112 637/944/111
f 639/1035/143 645/1036/143 522/753/143 428/752/143
f 640/1037/144 646/1038/145 521/749/85 386/748/84
f 643/1033/16 648/1039/16 638/744/80 636/746/82
f 648/1039/16 647/1040/16 635/554/36 638/744/80
f 729/1041/146 727/629/48 650/632/51 652/1042/147
f 647/1040/16 641/1030/16 519/555/37 635/554/36
f 458/728/73 459/726/71 641/1030/16 647/1040/16
f 1193/1043/11 579/1044/11 640/1045/11 1197/1046/11
f 457/634/53 458/728/73 647/1040/16 648/1039/16
f 433/635/33 457/634/53 648/1039/16 643/1033/16
f 579/950/115 409/523/33 646/1038/145 640/1037/144
f 461/1047/143 518/1048/143 645/1036/143 639/1035/143
f 460/724/69 461/722/67 639/1034/16 644/1031/16
f 742/522/33 433/635/33 643/1033/16 747/1032/16
f 459/726/71 460/724/69 644/1031/16 641/1030/16
f 823/1049/148 826/1050/148 777/900/97 754/899/96
f 650/1051/149 649/906/102 772/909/104 773/1052/150
f 564/903/99 732/913/106 729/1041/146 652/1042/147
f 724/1053/151 728/1054/151 651/907/103 649/906/102
f 676/1055/152 708/1056/153 698/1057/154 694/1058/155
f 1199/1059/156 657/1060/156 653/1061/157 1198/1062/157
f 657/1063/158 660/1064/159 654/1065/160 653/1066/161
f 660/1064/159 659/1067/162 520/1068/163 654/1065/160
f 665/1069/164 664/1070/162 659/1067/162 660/1064/159
f 662/1071/165 665/1069/164 660/1064/159 657/1063/158
f 1200/1072/166 662/1073/166 657/1060/156 1199/1059/156
f 666/1074/34 711/1075/34 707/1076/167 706/1077/167
f 710/1078/168 666/1079/169 706/1080/170 702/1081/171
f 1204/1082/172 692/1083/172 662/1073/166 1200/1072/166
f 692/1084/173 690/1085/174 665/1069/164 662/1071/165
f 690/1085/174 689/1086/162 664/1070/162 665/1069/164
f 675/1087/175 674/1088/176 669/1089/162 670/1090/177
f 672/1091/178 675/1087/175 670/1090/177 667/1092/179
f 1202/1093/180 672/1094/180 667/1095/181 1201/1096/181
f 691/1097/182 709/1098/183 703/1099/183 700/1100/184
f 671/1101/185 676/1055/152 694/1058/155 695/1102/185
f 1203/1103/186 677/1104/186 672/1094/180 1202/1093/180
f 677/1105/187 680/1106/188 675/1087/175 672/1091/178
f 680/1106/188 679/1107/189 674/1088/176 675/1087/175
f 386/748/84 633/751/87 679/1107/189 680/1106/188
f 640/1037/144 386/748/84 680/1106/188 677/1105/187
f 1197/1108/190 640/1109/190 677/1104/186 1203/1103/186
f 633/1027/10 634/1026/10 681/1110/10 679/1111/10
f 603/1000/35 598/999/35 682/1008/35 687/1007/35
f 599/987/28 603/996/28 687/1006/28 683/1004/28
f 598/994/10 602/984/128 686/1001/131 682/1005/10
f 601/988/28 599/987/28 683/1004/28 685/1003/28
f 602/984/128 600/983/127 684/1002/132 686/1001/131
f 670/1090/177 669/1089/162 689/1086/162 690/1085/174
f 667/1092/179 670/1090/177 690/1085/174 692/1084/173
f 1201/1096/181 667/1095/181 692/1083/172 1204/1082/172
f 709/1112/191 710/1078/168 702/1081/171 703/1113/192
f 694/1058/193 696/1114/193 697/1115/194 695/1102/194
f 698/1057/195 699/1116/195 696/1114/193 694/1058/193
f 700/1100/196 701/1117/196 699/1116/195 698/1057/195
f 702/1118/197 704/1119/197 705/1120/198 703/1099/198
f 706/1077/167 707/1076/167 704/1121/197 702/1122/197
f 703/1099/199 705/1120/199 701/1117/196 700/1100/196
f 661/1123/11 671/1124/11 695/1125/11 697/1126/11
f 708/1056/153 691/1097/182 700/1100/184 698/1057/154
f 664/1070/162 689/1086/162 691/1127/16 708/1128/16
f 656/1129/200 520/1130/200 671/1124/11 661/1123/11
f 669/1089/162 674/1088/176 710/1078/168 709/1112/191
f 520/1068/163 659/1067/162 676/1131/16 671/1132/16
f 689/1086/162 669/1089/162 709/1112/191 691/1127/16
f 674/1088/176 679/1107/189 666/1079/169 710/1078/168
f 679/1133/34 681/1134/34 711/1075/34 666/1074/34
f 659/1067/162 664/1070/162 708/1128/16 676/1131/16
f 520/1130/200 656/1129/200 714/1135/201 712/1136/201
f 1198/1137/157 653/1138/157 715/1139/202 1205/1140/202
f 653/1066/161 654/1065/160 713/1141/203 715/1142/204
f 654/1065/160 520/1068/163 712/1143/205 713/1141/203
f 1190/1144/206 1188/1145/207 722/1146/208 717/1147/209
f 1189/1148/28 1187/1149/28 721/1150/28 723/1151/28
f 684/1002/132 600/983/127 1195/992/130 1227/1152/210
f 1186/1153/10 1190/1154/10 717/1155/10 720/1156/10
f 1187/1149/28 1191/1157/28 718/1158/28 721/1150/28
f 1191/1159/35 1186/1160/35 720/1161/35 718/1162/35
f 712/1163/201 714/1164/201 728/1054/151 724/1053/151
f 1206/1165/211 719/1166/212 716/1167/212 1205/1140/212
f 732/913/106 722/1146/208 715/1142/204 729/1041/146
f 715/1142/204 713/1141/203 727/629/48 729/1041/146
f 717/1147/209 722/1146/208 732/913/106 726/912/105
f 723/1151/28 721/1150/28 731/543/28 733/910/28
f 713/1141/203 712/1143/205 724/630/49 727/629/48
f 720/1156/10 717/1155/10 726/551/10 730/550/10
f 721/1150/28 718/1158/28 725/544/28 731/543/28
f 718/1162/35 720/1161/35 730/536/35 725/535/35
f 409/523/33 742/522/33 747/1032/16 646/1038/145
f 646/1038/145 747/1032/16 746/1028/141 521/749/85
f 521/749/85 746/1028/141 745/1029/142 619/750/86
f 621/1015/136 744/1010/133 745/1013/133 623/1016/136
f 392/940/10 738/637/10 739/640/10 413/941/10
f 388/932/35 737/622/35 738/624/35 392/933/35
f 362/1168/16 734/620/16 737/622/16 388/932/16
f 352/1169/16 735/617/16 734/620/16 362/1168/16
f 373/448/14 741/447/13 1370/1170/16 1369/1171/16
f 1077/1172/213 1082/1173/214 749/1174/215 750/1175/216
f 431/636/32 433/635/33 742/522/33 739/521/32
f 1079/1176/217 1077/1172/213 750/1175/216 756/1177/218
f 426/648/58 432/647/57 741/447/13 736/446/12
f 753/1178/219 755/1179/219 760/1180/220 759/1181/220
f 750/1175/216 749/1174/215 743/1182/16 757/1183/16
f 755/1179/219 756/1184/219 761/1185/220 760/1180/220
f 756/1177/218 750/1175/216 757/1183/16 761/1186/16
f 1082/1187/29 1083/502/29 748/505/30 749/1188/30
f 1081/559/41 1079/1189/221 756/1190/221 755/560/42
f 759/1181/220 760/1180/220 765/1191/28 764/1192/28
f 757/1183/16 743/1182/16 754/899/96 762/898/16
f 760/1180/220 761/1185/220 766/1193/28 765/1191/28
f 761/1186/16 757/1183/16 762/898/16 766/1194/16
f 748/505/30 751/504/30 758/1195/76 740/1196/76
f 749/1188/30 748/505/30 740/1196/76 743/1197/76
f 766/1194/16 762/898/16 778/901/16 784/1198/16
f 568/553/10 569/552/10 771/1199/10 770/1200/10
f 764/1192/222 765/1191/222 783/1201/223 781/1202/223
f 765/1191/222 766/1193/222 784/1203/223 783/1201/223
f 740/1196/76 758/1195/76 763/1204/10 752/1205/10
f 743/1197/76 740/1196/76 752/1205/10 754/1206/10
f 652/1042/224 650/632/225 773/1207/226 775/1208/227
f 564/903/99 652/1042/224 775/1208/227 767/904/100
f 768/1209/11 769/1210/11 770/1211/11 771/1212/11
f 976/1213/228 979/1214/229 800/1215/230 805/1216/230
f 985/1217/231 986/1218/232 813/1219/233 828/1220/234
f 782/1221/235 776/1222/236 779/1223/236 780/1224/235
f 778/1225/235 777/1226/237 776/1222/236 782/1221/235
f 784/1227/223 778/1225/235 782/1221/235 783/1228/223
f 783/1228/223 782/1221/235 780/1224/235 781/1229/223
f 978/1230/238 976/1213/239 805/1216/240 804/1231/241
f 826/1232/11 824/1233/11 776/1222/236 777/1226/237
f 823/1234/34 754/1235/34 752/1236/34 822/1237/34
f 822/1237/34 752/1236/34 763/1238/34 827/1239/34
f 850/1240/34 785/1241/34 789/1242/34 854/1243/34
f 851/1244/34 786/1245/34 785/1241/34 850/1240/34
f 853/1246/11 852/1247/11 787/1248/11 788/1249/11
f 851/1250/148 853/1251/148 788/1252/148 786/1253/148
f 796/1254/148 798/1255/148 793/1256/148 791/1257/148
f 994/1258/242 977/1259/243 814/1260/244 887/1261/245
f 798/1262/11 797/1263/11 792/1264/11 793/1265/11
f 796/1266/34 791/1267/34 790/1268/34 795/1269/34
f 795/1269/34 790/1268/34 794/1270/34 799/1271/34
f 566/1272/34 795/1269/34 799/1271/34 565/1273/34
f 567/1274/34 796/1266/34 795/1269/34 566/1272/34
f 769/1210/11 768/1209/11 797/1263/11 798/1262/11
f 987/1275/246 978/1230/238 804/1231/241 816/1276/246
f 567/538/148 769/897/148 798/1255/148 796/1254/148
f 803/1277/247 804/1278/248 805/1279/249 802/1280/250
f 802/1281/250 805/1282/249 800/1283/251 801/1284/252
f 801/1285/252 800/1286/251 810/1287/253 811/1288/254
f 809/1289/255 807/1290/256 806/1291/257 808/1292/258
f 811/1288/254 810/1287/253 807/1290/256 809/1289/255
f 898/1293/259 904/1294/260 890/1295/261 891/1296/262
f 817/1297/263 815/1298/264 814/1299/265 816/1300/266
f 803/1277/247 817/1297/263 816/1300/266 804/1278/248
f 979/1214/267 980/1301/268 810/1302/269 800/1215/270
f 985/1303/271 828/1304/272 829/1305/273 984/1306/271
f 988/1307/274 981/1308/275 806/1309/276 807/1310/277
f 977/1259/243 987/1275/246 816/1276/246 814/1260/244
f 941/1311/278 930/1312/279 821/1313/280 820/1314/281
f 1005/1315/282 940/1316/283 838/1317/284 982/1318/285
f 980/1301/268 988/1307/274 807/1310/277 810/1302/269
f 1017/1319/286 1016/1320/286 1074/1321/286 1076/1322/286
f 961/1323/287 951/1324/287 818/1325/288 819/1326/288
f 1067/1327/289 961/1328/290 819/1329/291 1047/1330/291
f 899/1331/292 898/1293/259 891/1296/262 894/1332/293
f 785/1241/34 822/1237/34 827/1239/34 789/1242/34
f 786/1245/34 823/1234/34 822/1237/34 785/1241/34
f 788/1249/11 787/1248/11 824/1233/11 826/1232/11
f 779/1223/236 776/1222/236 824/1233/11 825/1333/11
f 786/1253/148 788/1252/148 826/1050/148 823/1049/148
f 1016/1334/294 1017/1335/294 839/1336/295 838/1337/295
f 1014/1338/296 1010/1339/297 837/1340/298 835/1341/299
f 1011/1342/246 1008/1343/246 832/1344/246 831/1345/300
f 1010/1339/297 1015/1346/301 836/1347/302 837/1340/298
f 1019/1348/303 841/1349/304 840/1350/305 1018/1351/303
f 1013/1352/306 1014/1338/296 835/1341/299 834/1353/307
f 1008/1343/246 1012/1354/308 833/1355/309 832/1344/246
f 1025/1356/246 1011/1342/246 831/1345/300 889/1357/310
f 1012/1354/308 1009/1358/311 812/1359/312 833/1355/309
f 1019/1360/313 1007/1361/314 830/1362/315 841/1363/316
f 1009/1358/311 1013/1352/306 834/1353/317 812/1359/317
f 1021/1364/246 1020/1365/246 849/1366/318 857/1367/246
f 869/1368/319 848/1369/320 847/1370/320 871/1371/321
f 990/1372/246 989/1373/322 847/1374/323 855/1375/324
f 879/1376/148 874/1377/148 845/1378/148 843/1379/148
f 874/1380/11 877/1381/11 844/1382/11 845/1383/11
f 879/1384/34 843/1385/34 842/1386/34 881/1387/34
f 881/1387/34 842/1386/34 846/1388/34 872/1389/34
f 986/1218/232 990/1372/246 855/1375/324 813/1219/233
f 1007/1361/314 1021/1364/246 857/1367/246 830/1362/315
f 848/1390/325 856/1391/325 855/1392/325 847/1393/325
f 843/1379/148 845/1378/148 853/1251/148 851/1250/148
f 845/1383/11 844/1382/11 852/1247/11 853/1246/11
f 843/1385/34 851/1244/34 850/1240/34 842/1386/34
f 842/1386/34 850/1240/34 854/1243/34 846/1388/34
f 882/1394/34 858/1395/34 862/1396/34 886/1397/34
f 883/1398/34 859/1399/34 858/1395/34 882/1394/34
f 885/1400/11 884/1401/11 860/1402/11 861/1403/11
f 883/1404/148 885/1405/148 861/1406/148 859/1407/148
f 888/1408/326 864/1409/327 863/1410/327 887/1411/328
f 1023/1412/246 1022/1413/246 865/1414/329 880/1415/330
f 993/1416/331 992/1417/332 876/1418/333 871/1419/334
f 1024/1420/246 1023/1412/246 880/1415/330 867/1421/335
f 878/1422/336 869/1368/319 871/1371/321 876/1423/336
f 858/1395/34 866/1424/34 875/1425/34 862/1396/34
f 868/1426/148 873/1427/148 874/1377/148 879/1376/148
f 859/1399/34 868/1428/34 866/1424/34 858/1395/34
f 873/1429/11 870/1430/11 877/1381/11 874/1380/11
f 861/1403/11 860/1402/11 870/1430/11 873/1429/11
f 868/1428/34 879/1384/34 881/1387/34 866/1424/34
f 859/1407/148 861/1406/148 873/1427/148 868/1426/148
f 866/1424/34 881/1387/34 872/1389/34 875/1425/34
f 864/1409/337 878/1431/337 876/1432/337 863/1410/337
f 989/1373/322 993/1416/331 871/1419/334 847/1374/323
f 1020/1365/246 1024/1420/246 867/1421/335 849/1366/318
f 992/1417/332 991/1433/338 863/1434/339 876/1418/333
f 815/1298/264 888/1408/326 887/1411/328 814/1299/265
f 791/1257/148 793/1256/148 885/1405/148 883/1404/148
f 793/1265/11 792/1264/11 884/1401/11 885/1400/11
f 791/1267/34 883/1398/34 882/1394/34 790/1268/34
f 790/1268/34 882/1394/34 886/1397/34 794/1270/34
f 1022/1413/246 1025/1356/246 889/1357/310 865/1414/329
f 991/1433/338 994/1258/242 887/1261/245 863/1434/339
f 892/1435/340 893/1436/341 891/1437/342 890/1438/340
f 893/1439/341 895/1440/343 894/1441/343 891/1442/342
f 905/1443/344 899/1444/344 894/1445/345 895/1446/345
f 904/1447/346 908/1448/346 892/1435/347 890/1438/347
f 915/1449/348 913/1450/348 910/1451/348 902/1452/348
f 902/1453/349 910/1454/349 909/1455/350 903/1456/350
f 903/1456/350 909/1455/350 908/1448/346 904/1447/346
f 912/1457/351 911/1458/351 901/1459/352 907/1460/352
f 907/1460/352 901/1459/352 900/1461/353 906/1462/353
f 906/1462/353 900/1461/353 899/1463/344 905/1464/344
f 911/1465/354 914/1466/355 896/1467/356 901/1468/357
f 901/1468/357 896/1467/356 897/1469/358 900/1470/359
f 900/1470/359 897/1469/358 898/1293/259 899/1331/292
f 914/1466/355 915/1471/360 902/1472/361 896/1467/356
f 896/1467/356 902/1472/361 903/1473/362 897/1469/358
f 897/1469/358 903/1473/362 904/1294/260 898/1293/259
f 813/1219/233 855/1375/324 915/1471/360 914/1466/355
f 828/1220/234 813/1219/233 914/1466/355 911/1465/354
f 829/1305/273 828/1304/272 911/1458/351 912/1457/351
f 855/1474/363 856/1475/363 913/1450/363 915/1449/363
f 1046/1476/364 772/909/104 919/1477/365 1057/1478/366
f 772/909/104 774/908/367 918/1479/368 919/1477/365
f 981/1308/275 836/1347/302 920/1480/16 995/1481/369
f 808/1292/258 806/1291/257 916/1482/370 917/1483/370
f 1057/1484/366 919/1485/365 970/1486/371 1058/1487/372
f 1058/1487/372 970/1486/371 969/1488/373 1059/1489/374
f 1059/1489/374 969/1488/373 968/1490/375 1060/1491/376
f 1060/1491/376 968/1490/375 967/1492/377 1061/1493/378
f 1068/1494/379 975/1495/380 966/1496/381 1062/1497/382
f 1062/1497/382 966/1496/381 965/1498/383 1063/1499/384
f 1063/1499/384 965/1498/383 964/1500/385 1064/1501/386
f 1064/1501/386 964/1500/385 963/1502/387 1065/1503/388
f 1065/1503/388 963/1502/387 962/1504/389 1066/1505/390
f 1066/1505/390 962/1504/389 961/1323/290 1067/1506/289
f 919/1485/365 918/1507/368 960/1508/391 970/1486/391
f 970/1486/391 960/1508/391 959/1509/392 969/1488/392
f 969/1488/392 959/1509/392 958/1510/393 968/1490/393
f 968/1490/394 958/1510/394 957/1511/394 967/1492/394
f 975/1495/395 974/1512/395 956/1513/396 966/1496/396
f 966/1496/396 956/1513/396 955/1514/397 965/1498/397
f 965/1498/397 955/1514/397 954/1515/398 964/1500/398
f 964/1500/398 954/1515/398 953/1516/399 963/1502/399
f 963/1502/399 953/1516/399 952/1517/400 962/1504/400
f 962/1504/400 952/1517/400 951/1324/287 961/1323/287
f 995/1481/369 920/1480/16 931/1518/16 996/1519/401
f 996/1519/401 931/1518/16 932/1520/16 997/1521/402
f 997/1521/402 932/1520/16 933/1522/16 998/1523/403
f 998/1523/403 933/1522/16 934/1524/404 999/1525/405
f 1006/1526/406 972/1527/407 935/1528/16 1000/1529/408
f 1000/1529/408 935/1528/16 936/1530/16 1001/1531/409
f 1001/1531/409 936/1530/16 937/1532/16 1002/1533/410
f 1002/1533/410 937/1532/16 938/1534/16 1003/1535/411
f 1003/1535/411 938/1534/16 939/1536/16 1004/1537/412
f 1004/1537/412 939/1536/16 940/1316/283 1005/1315/282
f 917/1483/370 916/1482/370 921/1538/370 950/1539/370
f 950/1539/370 921/1538/370 922/1540/370 949/1541/370
f 949/1541/370 922/1540/370 923/1542/413 948/1543/413
f 948/1543/413 923/1542/413 924/1544/414 947/1545/414
f 973/1546/415 971/1547/415 925/1548/415 946/1549/415
f 946/1550/416 925/1551/416 926/1552/417 945/1553/417
f 945/1553/417 926/1552/417 927/1554/418 944/1555/418
f 944/1555/418 927/1554/418 928/1556/419 943/1557/419
f 943/1557/419 928/1556/419 929/1558/420 942/1559/420
f 942/1559/420 929/1558/420 930/1312/279 941/1311/278
f 947/1560/415 924/1561/415 971/1547/415 973/1546/415
f 999/1525/405 934/1524/404 972/1527/407 1006/1526/406
f 967/1562/421 957/1563/421 974/1564/395 975/1565/395
f 1061/1566/378 967/1562/377 975/1565/380 1068/1567/379
f 924/1568/422 999/1525/405 1006/1526/406 971/1569/423
f 929/1570/424 1004/1537/412 1005/1315/282 930/1571/425
f 928/1572/426 1003/1535/411 1004/1537/412 929/1570/424
f 927/1573/427 1002/1533/410 1003/1535/411 928/1572/426
f 926/1574/428 1001/1531/409 1002/1533/410 927/1573/427
f 925/1575/429 1000/1529/408 1001/1531/409 926/1574/428
f 971/1569/423 1006/1526/406 1000/1529/408 925/1575/429
f 923/1576/430 998/1523/403 999/1525/405 924/1568/431
f 922/1577/432 997/1521/402 998/1523/403 923/1576/430
f 921/1578/433 996/1519/401 997/1521/402 922/1577/432
f 916/1579/434 995/1481/369 996/1519/401 921/1578/433
f 806/1309/276 981/1308/275 995/1481/369 916/1579/434
f 865/1414/329 889/1357/310 994/1258/242 991/1433/338
f 880/1415/330 865/1414/329 991/1433/338 992/1417/332
f 849/1366/318 867/1421/335 993/1416/331 989/1373/322
f 867/1421/335 880/1415/330 992/1417/332 993/1416/331
f 830/1362/315 857/1367/246 990/1372/246 986/1218/232
f 857/1367/246 849/1366/318 989/1373/322 990/1372/246
f 838/1337/295 839/1336/295 983/1580/435 982/1581/435
f 835/1341/299 837/1340/298 988/1307/274 980/1301/268
f 930/1571/436 1005/1315/282 982/1318/285 821/1582/437
f 831/1345/300 832/1344/246 987/1275/246 977/1259/243
f 837/1340/298 836/1347/302 981/1308/275 988/1307/274
f 841/1349/304 985/1303/271 984/1306/271 840/1350/305
f 834/1353/307 835/1341/299 980/1301/268 979/1214/267
f 832/1344/246 833/1355/309 978/1230/238 987/1275/246
f 889/1357/310 831/1345/300 977/1259/243 994/1258/242
f 833/1355/309 812/1359/312 976/1213/239 978/1230/238
f 841/1363/316 830/1362/315 986/1218/232 985/1217/231
f 812/1359/317 834/1353/317 979/1214/229 976/1213/228
f 934/1524/404 1030/1583/438 1037/1584/439 972/1527/407
f 939/1536/16 1035/1585/440 1036/1586/441 940/1316/283
f 938/1534/16 1034/1587/442 1035/1585/440 939/1536/16
f 937/1532/16 1033/1588/443 1034/1587/442 938/1534/16
f 936/1530/16 1032/1589/444 1033/1588/443 937/1532/16
f 935/1528/16 1031/1590/445 1032/1589/444 936/1530/16
f 972/1527/407 1037/1584/439 1031/1590/445 935/1528/16
f 933/1522/16 1029/1591/446 1030/1583/438 934/1524/404
f 932/1520/16 1028/1592/447 1029/1591/446 933/1522/16
f 931/1518/16 1027/1593/448 1028/1592/447 932/1520/16
f 920/1480/16 1026/1594/449 1027/1593/448 931/1518/16
f 836/1347/302 1015/1346/301 1026/1594/449 920/1480/16
f 1053/1595/246 1056/1596/246 1025/1356/246 1022/1413/246
f 1051/1597/246 1055/1598/246 1024/1420/246 1020/1365/246
f 1055/1598/246 1054/1599/246 1023/1412/246 1024/1420/246
f 1054/1599/246 1053/1595/246 1022/1413/246 1023/1412/246
f 1038/1600/450 1052/1601/246 1021/1364/246 1007/1361/314
f 1052/1601/246 1051/1597/246 1020/1365/246 1021/1364/246
f 1041/1602/451 1044/1603/452 1013/1352/306 1009/1358/311
f 1050/1604/453 1038/1600/450 1007/1361/314 1019/1360/313
f 1043/1605/454 1041/1602/451 1009/1358/311 1012/1354/308
f 1056/1596/246 1042/1606/246 1011/1342/246 1025/1356/246
f 1039/1607/246 1043/1605/454 1012/1354/308 1008/1343/246
f 1044/1603/452 1045/1608/455 1014/1338/296 1013/1352/306
f 1050/1609/456 1019/1348/303 1018/1351/303 1049/1610/456
f 1040/1611/457 1046/1612/458 1015/1346/301 1010/1339/297
f 1042/1606/246 1039/1607/246 1008/1343/246 1011/1342/246
f 1045/1608/455 1040/1611/457 1010/1339/297 1014/1338/296
f 940/1316/283 1036/1586/441 1016/1613/459 838/1317/284
f 819/1614/294 818/1615/294 1048/1616/294 1047/1617/294
f 775/1208/227 773/1207/226 1040/1611/457 1045/1608/455
f 792/1618/246 797/1619/246 1039/1607/246 1042/1606/246
f 773/1052/150 772/909/104 1046/1476/364 1040/1620/460
f 824/1621/456 1050/1609/456 1049/1610/456 825/1622/456
f 767/904/100 775/1208/227 1045/1608/455 1044/1603/452
f 797/1619/246 768/1623/461 1043/1605/454 1039/1607/246
f 884/1624/246 792/1618/246 1042/1606/246 1056/1596/246
f 768/1623/461 771/905/101 1041/1602/451 1043/1605/454
f 824/1625/462 787/1626/463 1038/1600/450 1050/1604/453
f 771/905/101 767/904/100 1044/1603/452 1041/1602/451
f 852/1627/246 844/1628/246 1051/1597/246 1052/1601/246
f 787/1626/463 852/1627/246 1052/1601/246 1038/1600/450
f 870/1629/246 860/1630/246 1053/1595/246 1054/1599/246
f 877/1631/246 870/1629/246 1054/1599/246 1055/1598/246
f 844/1628/246 877/1631/246 1055/1598/246 1051/1597/246
f 860/1630/246 884/1624/246 1056/1596/246 1053/1595/246
f 1030/1583/438 1061/1632/464 1068/1633/465 1037/1584/439
f 1035/1585/440 1066/1634/466 1067/1327/467 1036/1586/441
f 1034/1587/442 1065/1635/468 1066/1634/466 1035/1585/440
f 1033/1588/443 1064/1636/469 1065/1635/468 1034/1587/442
f 1032/1589/444 1063/1637/470 1064/1636/469 1033/1588/443
f 1031/1590/445 1062/1638/471 1063/1637/470 1032/1589/444
f 1037/1584/439 1068/1633/465 1062/1638/471 1031/1590/445
f 1029/1591/446 1060/1639/472 1061/1632/464 1030/1583/438
f 1028/1592/447 1059/1640/473 1060/1639/472 1029/1591/446
f 1027/1593/448 1058/1641/474 1059/1640/473 1028/1592/447
f 1026/1594/449 1057/1642/475 1058/1641/474 1027/1593/448
f 1015/1346/301 1046/1612/458 1057/1642/475 1026/1594/449
f 1036/1586/441 1067/1327/467 1047/1330/476 1016/1613/459
f 1071/1643/435 1072/1644/435 1069/1645/435 1070/1646/435
f 1073/1647/294 1075/1648/294 1076/1649/294 1074/1650/294
f 982/1651/477 983/1652/477 1072/1653/477 1071/1654/477
f 1047/1617/478 1048/1616/478 1075/1648/478 1073/1647/478
f 821/1582/437 982/1318/285 1071/1655/479 1070/1656/479
f 1016/1613/459 1047/1330/476 1073/1657/480 1074/1658/480
f 820/1314/281 821/1313/280 1070/1659/481 1069/1660/481
f 434/1661/482 426/1662/483 1079/1663/483 1081/1664/482
f 359/460/484 400/459/484 1083/1665/484 1082/1666/484
f 426/648/58 736/446/12 1077/1172/213 1079/1176/217
f 736/446/12 359/449/15 1082/1173/214 1077/1172/213
f 427/1667/485 434/1661/482 1081/1664/482 1080/1668/485
f 400/459/484 357/583/484 1078/1669/484 1083/1665/484
f 1084/1670/28 1085/1671/28 1086/1672/28 1099/1673/28
f 1099/1673/28 1086/1672/28 1087/1674/28 1088/1675/28
f 1109/1676/28 1108/1677/28 1097/1678/28 1098/1679/28
f 1107/1680/28 1106/1681/28 1095/1682/28 1096/1683/28
f 1105/1684/28 1104/1685/28 1093/1686/28 1094/1687/28
f 1103/1688/28 1102/1689/28 1091/1690/28 1092/1691/28
f 1101/1692/28 1100/1693/28 1089/1694/28 1090/1695/28
f 1110/1696/28 1111/1697/28 1108/1677/28 1109/1676/28
f 1112/1698/28 1113/1699/28 1106/1681/28 1107/1680/28
f 1114/1700/28 1115/1701/28 1104/1685/28 1105/1684/28
f 1116/1702/28 1117/1703/28 1102/1689/28 1103/1688/28
f 1118/1704/28 1119/1705/28 1100/1693/28 1101/1692/28
f 475/1706/11 442/1707/11 1095/1708/11 1106/1709/11
f 441/1710/34 474/1711/34 1105/1712/34 1094/1713/34
f 503/653/16 504/655/16 1113/1714/16 1112/1715/16
f 436/1716/54 437/1717/54 1090/1718/54 1089/1719/54
f 473/1720/11 440/1721/11 1093/1722/11 1104/1723/11
f 439/1724/34 472/776/34 1103/779/34 1092/1725/34
f 505/657/16 506/659/16 1115/1726/16 1114/1727/16
f 438/1728/54 439/1729/54 1092/1730/54 1091/1731/54
f 478/765/34 501/1732/34 1110/1733/34 1109/766/34
f 471/771/11 438/1734/11 1091/1735/11 1102/772/11
f 502/1736/11 477/694/11 1108/697/11 1111/1737/11
f 437/1738/34 470/702/34 1101/705/34 1090/1739/34
f 507/661/16 508/663/16 1117/1740/16 1116/1741/16
f 440/1742/54 441/1743/54 1094/1744/54 1093/1745/54
f 476/679/34 503/1746/34 1112/1747/34 1107/680/34
f 469/687/11 436/1748/11 1089/1749/11 1100/688/11
f 504/1750/11 475/1706/11 1106/1709/11 1113/1751/11
f 426/1752/11 434/758/11 1086/761/11 1085/1753/11
f 511/645/16 426/648/16 1085/1754/16 1084/1755/16
f 435/1756/34 468/625/34 1099/628/34 1088/1757/34
f 509/665/16 510/667/16 1119/1758/16 1118/1759/16
f 442/1760/54 443/1761/54 1096/1762/54 1095/1763/54
f 474/1711/34 505/1764/34 1114/1765/34 1105/1712/34
f 506/1766/11 473/1720/11 1104/1723/11 1115/1767/11
f 1135/1768/486 1132/508/19 1121/612/19 1122/611/46
f 1159/1769/487 1155/1770/487 1142/1771/487 1147/1772/487
f 1141/1773/44 1133/1774/44 1125/598/44 1130/597/44
f 1138/1775/10 1127/587/10 1125/590/10 1133/1776/10
f 420/518/10 1129/1777/10 1130/1778/10 421/519/10
f 419/592/35 1128/1779/35 1129/1780/35 420/593/35
f 385/596/16 1124/1781/16 1128/1779/16 419/592/16
f 1158/1782/488 1154/1783/488 1145/1784/489 1144/1785/489
f 384/602/16 1123/1786/16 1124/1781/16 385/596/16
f 1292/1787/16 1270/608/16 417/607/45 1121/612/19 1284/1788/16
f 376/563/28 1135/1789/28 1134/1790/28 407/499/28
f 387/888/92 1138/1775/10 1133/1776/10 410/889/92
f 414/895/95 410/894/94 1133/1774/44 1141/1773/44
f 407/499/28 1134/1790/28 1131/1791/28 378/500/28
f 376/512/31 382/462/19 1132/508/19 1135/1768/486
f 1129/1777/10 1140/579/10 1141/582/10 1130/1778/10
f 1128/1779/35 1139/526/35 1140/534/35 1129/1780/35
f 1124/1781/16 1137/510/16 1139/526/16 1128/1779/16
f 1123/1786/16 1136/509/16 1137/510/16 1124/1781/16
f 1309/1792/16 1306/1793/16 1136/509/16 1123/1786/16 1350/1794/16
f 1147/1795/28 1144/1796/28 1145/1797/28 1146/1798/28
f 1142/1799/28 1143/1800/28 1144/1796/28 1147/1795/28
f 1154/1801/54 1156/1802/54 1146/1803/54 1145/1804/54
f 1156/1805/487 1159/1769/487 1147/1772/487 1146/1806/487
f 1155/1807/490 1157/1808/490 1143/1800/490 1142/1799/490
f 1157/1809/491 1158/1782/488 1144/1785/489 1143/1810/489
f 1122/1811/492 1126/1812/492 1149/1813/492 1153/1814/492
f 1135/1768/486 1122/611/46 1153/1815/16 1150/1816/16
f 1131/1817/493 1134/1818/493 1151/1819/493 1152/1820/493
f 1120/1821/54 1131/1822/54 1152/1823/54 1148/1824/54
f 1126/1812/492 1120/1825/492 1148/1826/492 1149/1813/492
f 1134/1818/493 1135/1827/493 1150/1828/493 1151/1819/493
f 1165/1829/494 1160/1830/494 1158/1831/488 1157/1832/491
f 1163/1833/16 1165/1834/16 1157/1835/16 1155/1836/16
f 1164/1837/487 1161/1838/487 1159/1769/487 1156/1805/487
f 1162/1839/54 1164/1840/54 1156/1802/54 1154/1801/54
f 1160/1830/494 1162/1841/494 1154/1842/488 1158/1831/488
f 1161/1838/487 1163/1843/487 1155/1770/487 1159/1769/487
f 1151/1819/487 1150/1828/487 1163/1843/487 1161/1838/487
f 1149/1844/495 1148/1845/495 1162/1841/494 1160/1830/494
f 1148/1824/54 1152/1823/54 1164/1840/54 1162/1839/54
f 1152/1820/487 1151/1819/487 1161/1838/487 1164/1837/487
f 1150/1816/16 1153/1815/16 1165/1834/16 1163/1833/16
f 1153/1846/495 1149/1844/495 1160/1830/494 1165/1829/494
f 1218/1847/496 1181/1848/496 1167/1849/496 1207/1850/496
f 1210/1851/497 1168/1852/497 1166/1853/498 1208/1854/498
f 1211/1855/499 1170/1856/499 1168/1857/497 1210/1858/497
f 1209/1859/500 1169/1860/500 1170/1856/499 1211/1855/499
f 1219/1861/501 1192/1862/501 1171/1863/502 1212/1864/502
f 1215/1865/503 1176/1866/503 1169/1867/503 1209/1868/503
f 1208/1854/498 1166/1853/498 1174/1869/504 1213/1870/504
f 592/968/35 594/967/35 688/1871/35 607/1872/35
f 595/972/28 592/971/28 607/1873/28 574/1874/28
f 594/976/10 591/975/10 593/1875/10 688/1876/10
f 597/978/28 595/972/28 574/1874/28 1173/1877/28
f 591/1878/124 596/1879/123 1172/1880/505 593/1881/506
f 1195/1882/503 604/1883/503 1175/1884/503 1214/1885/503
f 1214/1885/503 1175/1884/503 1176/1866/503 1215/1865/503
f 1184/1886/507 1172/1887/507 1224/1888/507 1230/1889/507
f 1172/1887/507 596/980/508 1225/1890/508 1224/1888/507
f 722/1891/509 1188/1892/510 1221/1893/510 1206/1165/211
f 610/979/122 684/1002/132 1227/1152/210 1228/1894/511
f 575/1895/512 1184/1886/507 1230/1889/507 1222/1896/512
f 1188/1892/510 575/1897/512 1222/1898/512 1221/1893/510
f 1213/1870/504 1174/1869/504 1181/1848/513 1218/1847/513
f 607/1872/35 688/1871/35 1182/929/35 1180/928/35
f 574/1874/28 607/1873/28 1180/926/28 1183/919/28
f 688/1876/10 593/1875/10 1179/923/10 1182/922/10
f 1173/1877/28 574/1874/28 1183/919/28 1185/918/28
f 593/1881/506 1172/1880/505 1184/915/108 1179/914/107
f 596/980/508 610/979/122 1228/1894/511 1225/1890/508
f 1207/1899/514 1167/1900/514 1192/1862/501 1219/1861/501
f 572/931/35 570/930/35 1186/1160/35 1191/1159/35
f 573/920/28 572/927/28 1191/1157/28 1187/1149/28
f 570/925/10 571/924/10 1190/1154/10 1186/1153/10
f 576/921/28 573/920/28 1187/1149/28 1189/1148/28
f 571/917/110 575/916/109 1188/1145/207 1190/1144/206
f 1178/1901/515 1216/1902/515 1217/1903/516 1177/1904/516
f 719/1905/517 1206/1906/517 1216/1907/517 1178/1908/517
f 722/1891/509 1206/1165/211 1205/1140/212 715/1139/212
f 655/1909/157 1198/1137/157 1205/1140/202 716/1167/202
f 668/1910/181 1201/1096/181 1204/1082/172 693/1911/172
f 642/1912/190 1197/1108/190 1203/1103/186 678/1913/186
f 678/1913/186 1203/1103/186 1202/1093/180 673/1914/180
f 673/1914/180 1202/1093/180 1201/1096/181 668/1910/181
f 693/1911/172 1204/1082/172 1200/1072/166 663/1915/166
f 663/1915/166 1200/1072/166 1199/1059/156 658/1916/156
f 658/1916/156 1199/1059/156 1198/1062/157 655/1917/157
f 583/1918/11 1193/1043/11 1197/1046/11 642/1919/11
f 589/1009/120 1194/961/119 1196/989/129 614/982/126
f 614/982/126 1196/989/129 1195/992/130 600/983/127
f 1177/1904/516 1217/1903/516 1212/1920/518 1171/1921/518
f 579/1922/118 1193/958/118 1194/961/119 589/1009/120
f 1223/1923/519 1215/1924/520 1209/1925/521 1211/1926/522
f 1229/1927/523 1223/1923/519 1211/1926/522 1210/1928/524
f 1234/1929/525 1229/1927/523 1210/1928/524 1208/1930/526
f 1240/1931/527 1220/1932/528 1207/1933/529 1219/1934/530
f 1231/1935/531 1234/1929/525 1208/1930/526 1213/1936/532
f 1238/1937/533 1231/1935/531 1213/1936/532 1218/1938/534
f 1230/1939/16 1224/1940/16 1236/1941/16 1237/1942/16
f 1237/1942/16 1236/1941/16 1231/1935/531 1238/1937/533
f 1224/1940/16 1225/1943/16 1226/1944/16 1236/1941/16
f 1236/1941/16 1226/1944/16 1234/1929/525 1231/1935/531
f 1221/1945/535 1222/1946/16 1232/1947/16 1239/1948/536
f 1239/1948/536 1232/1947/16 1220/1932/528 1240/1931/527
f 1225/1943/16 1228/1949/16 1235/1950/16 1226/1944/16
f 1226/1944/16 1235/1950/16 1229/1927/523 1234/1929/525
f 1228/1949/16 1227/1951/537 1233/1952/538 1235/1950/16
f 1235/1950/16 1233/1952/538 1223/1923/519 1229/1927/523
f 1227/1951/537 1195/1953/539 1214/1954/540 1233/1952/538
f 1233/1952/538 1214/1954/540 1215/1924/520 1223/1923/519
f 1232/1947/16 1237/1942/16 1238/1937/533 1220/1932/528
f 1222/1946/16 1230/1939/16 1237/1942/16 1232/1947/16
f 1220/1932/528 1238/1937/533 1218/1938/534 1207/1933/529
f 1216/1955/541 1239/1948/536 1240/1931/527 1217/1956/542
f 1206/1957/543 1221/1945/535 1239/1948/536 1216/1955/541
f 1217/1956/542 1240/1931/527 1219/1934/530 1212/1958/544
f 328/1959/545 335/1960/546 1250/1961/546 1251/1962/545
f 364/1963/547 1262/1964/547 1260/1965/11 360/1966/11
f 319/1967/548 328/1959/545 1251/1962/545 1243/1968/548
f 360/1966/11 1260/1965/11 1261/1969/549 356/1970/549
f 1246/1971/550 395/1972/550 319/1973/548 1243/1974/548
f 1244/1975/551 354/1976/551 355/1977/552 1242/1978/552
f 1259/1979/553 370/1980/554 1389/1981/10 1257/1982/10
f 356/1970/549 1261/1969/549 1265/1983/555 397/1984/555
f 347/1985/556 354/1986/551 1244/1987/551 1247/1988/556
f 1241/1989/28 1242/1978/552 355/1977/552 1390/1990/28 1252/1991/28
f 397/1984/555 1265/1983/555 1266/1992/557 399/1993/557
f 343/1994/558 347/1985/556 1247/1988/556 1249/1995/558
f 1259/1979/553 1263/1996/559 368/1997/559 370/1980/554
f 1266/1998/557 1258/1999/560 401/2000/561 399/2001/557
f 341/2002/34 343/1994/558 1249/1995/558 1248/2003/34
f 368/2004/559 1263/2005/559 1264/2006/562 366/2007/562
f 335/1960/546 341/2002/34 1248/2003/34 1250/1961/546
f 366/2007/562 1264/2006/562 1262/1964/547 364/1963/547
f 318/2008/563 324/2009/546 1278/2010/546 1279/2011/563
f 348/2012/547 1290/2013/547 1288/2014/11 345/2015/11
f 1275/2016/564 316/2017/565 318/2008/563 1279/2011/563
f 345/2015/11 1288/2014/11 1289/2018/549 344/2019/549
f 1280/2020/566 377/2021/566 316/2022/565 1275/2023/564
f 1274/2024/567 340/2025/568 342/2026/569 1283/2027/569
f 1270/2028/10 1292/2029/570 353/2030/570 1402/2031/10
f 344/2019/549 1289/2018/549 1294/2032/555 379/2033/555
f 1273/2034/556 334/2035/556 340/2036/568 1274/2037/567
f 1281/2038/28 1393/2039/28 1394/2040/28 1286/2041/28
f 379/2033/555 1294/2032/555 1295/2042/571 380/2043/571
f 331/2044/558 334/2035/556 1273/2034/556 1277/2045/558
f 1292/2029/570 1293/2046/572 351/2047/572 353/2030/570
f 1295/2048/571 1296/2049/573 383/2050/573 380/2051/571
f 326/2052/34 331/2044/558 1277/2045/558 1276/2053/34
f 351/2054/572 1293/2055/572 1291/2056/562 350/2057/562
f 324/2009/546 326/2052/34 1276/2053/34 1278/2010/546
f 350/2057/562 1291/2056/562 1290/2013/547 348/2012/547
f 315/2058/545 317/2059/546 1313/2060/546 1316/2061/545
f 333/2062/547 1300/2063/547 1297/2064/11 332/2065/11
f 313/2066/548 315/2058/545 1316/2061/545 1311/2067/548
f 332/2065/11 1297/2064/11 1299/2068/549 330/2069/549
f 1308/2070/550 358/2071/550 313/2072/548 1311/2073/548
f 1310/2074/551 325/2075/551 327/2076/552 1309/2077/552
f 339/2078/570 1398/2079/10 1307/2080/10 1301/2081/570
f 330/2069/549 1299/2068/549 1298/2082/555 361/2083/555
f 323/2084/556 325/2085/551 1310/2086/551 1314/2087/556
f 1309/2077/552 327/2076/552 1397/2088/28 1306/2089/28
f 361/2083/555 1298/2082/555 1302/2090/571 363/2091/571
f 321/2092/558 323/2084/556 1314/2087/556 1315/2093/558
f 1301/2081/570 1303/2094/572 338/2095/572 339/2078/570
f 363/2096/571 1302/2097/571 1305/2098/573 365/2099/573
f 320/2100/34 321/2092/558 1315/2093/558 1312/2101/34
f 338/2102/572 1303/2103/572 1304/2104/562 336/2105/562
f 317/2059/546 320/2100/34 1312/2101/34 1313/2060/546
f 336/2105/562 1304/2104/562 1300/2063/547 333/2062/547
f 1317/804/16 1318/805/16 1322/2106/16 1321/2107/16
f 1319/814/16 1318/805/16 452/656/16 453/654/16
f 1320/801/16 1259/800/16 449/662/16 450/660/16
f 1280/815/16 1319/814/16 453/654/16 454/652/16 1282/820/16
f 1320/801/16 1317/804/16 1321/2107/16 1324/802/16
f 1324/802/16 1321/2107/16 1325/2108/16 1327/2109/16
f 1321/2107/16 1322/2106/16 1326/2110/16 1325/2108/16
f 1275/813/16 1322/2106/16 1318/805/16 1319/814/16
f 1263/803/16 1324/802/16 1327/2109/16 1264/2111/16
f 1264/2111/16 1327/2109/16 1330/2112/16 1262/2113/16
f 1325/2108/16 1326/2110/16 1329/2114/16 1328/2115/16
f 1327/2109/16 1325/2108/16 1328/2115/16 1330/2112/16
f 1279/2116/16 1326/2110/16 1322/2106/16 1275/813/16
f 1328/2115/16 1329/2114/16 1332/2117/16 1331/2118/16
f 1330/2112/16 1328/2115/16 1331/2118/16 1333/2119/16
f 1278/2120/16 1329/2114/16 1326/2110/16 1279/2116/16
f 1262/2113/16 1330/2112/16 1333/2119/16 1260/2121/16
f 1260/2121/16 1333/2119/16 1336/2122/16 1261/2123/16
f 1333/2119/16 1331/2118/16 1334/2124/16 1336/2122/16
f 1331/2118/16 1332/2117/16 1335/808/16 1334/2124/16
f 1276/2125/16 1332/2117/16 1329/2114/16 1278/2120/16
f 1334/2124/16 1335/808/16 1338/807/16 1337/2126/16
f 1261/2123/16 1336/2122/16 1339/2127/16 1265/2128/16
f 1277/809/16 1335/808/16 1332/2117/16 1276/2125/16
f 1336/2122/16 1334/2124/16 1337/2126/16 1339/2127/16
f 1337/2126/16 1338/807/16 1341/2129/16 1340/2130/16
f 1339/2127/16 1337/2126/16 1340/2130/16 1342/2131/16
f 1265/2128/16 1339/2127/16 1342/2131/16 1266/2132/16
f 1338/807/16 1273/806/16 1274/812/16 1341/2129/16
f 1341/2129/16 1274/812/16 1345/811/16 1344/2133/16
f 1342/2131/16 1340/2130/16 1343/2134/16 1346/2135/16
f 1266/2132/16 1342/2131/16 1346/2135/16 1258/799/16
f 1340/2130/16 1341/2129/16 1344/2133/16 1343/2134/16
f 1284/1788/16 1323/2136/16 1293/2137/16 1292/1787/16
f 1283/810/16 1281/818/16 492/817/16 493/832/16 1345/811/16
f 1344/2133/16 1345/811/16 493/832/16 494/830/16
f 1346/2135/16 1343/2134/16 495/828/16 496/826/16
f 1258/799/16 1346/2135/16 496/826/16 497/798/16
f 1343/2134/16 1344/2133/16 494/830/16 495/828/16
f 1308/2138/16 1284/1788/16 1121/612/19 1132/508/19 1307/507/16
f 1293/2137/16 1323/2136/16 1285/2139/16 1291/2140/16
f 1311/2141/16 1323/2136/16 1284/1788/16 1308/2138/16
f 1291/2140/16 1285/2139/16 1268/2142/16 1290/2143/16
f 1316/2144/16 1285/2139/16 1323/2136/16 1311/2141/16
f 1313/2145/16 1268/2142/16 1285/2139/16 1316/2144/16
f 1290/2143/16 1268/2142/16 1267/2146/16 1288/2147/16
f 1288/2147/16 1267/2146/16 1347/2148/16 1289/2149/16
f 1312/2150/16 1267/2146/16 1268/2142/16 1313/2145/16
f 1289/2149/16 1347/2148/16 1348/2151/16 1294/2152/16
f 1315/2153/16 1347/2148/16 1267/2146/16 1312/2150/16
f 1294/2152/16 1348/2151/16 1349/2154/16 1295/2155/16
f 1314/2156/16 1348/2151/16 1347/2148/16 1315/2153/16
f 1295/2155/16 1349/2154/16 1350/1794/16 1296/2157/16
f 1310/2158/16 1349/2154/16 1348/2151/16 1314/2156/16
f 1350/1794/16 1123/1786/16 384/602/16 1269/603/16 1296/2157/16
f 1309/1792/16 1350/1794/16 1349/2154/16 1310/2158/16
f 1301/506/16 1359/465/16 1360/2159/16 1303/2160/16
f 1359/465/16 1351/464/16 1352/2161/16 1360/2159/16
f 1303/2160/16 1360/2159/16 1361/2162/16 1304/2163/16
f 1360/2159/16 1352/2161/16 1353/2164/16 1361/2162/16
f 1361/2162/16 1353/2164/16 1354/2165/16 1362/2166/16
f 1304/2163/16 1361/2162/16 1362/2166/16 1300/2167/16
f 1300/2167/16 1362/2166/16 1363/2168/16 1297/2169/16
f 1362/2166/16 1354/2165/16 1355/2170/16 1363/2168/16
f 1363/2168/16 1355/2170/16 1356/2171/16 1364/2172/16
f 1297/2169/16 1363/2168/16 1364/2172/16 1299/2173/16
f 1299/2173/16 1364/2172/16 1365/2174/16 1298/2175/16
f 1364/2172/16 1356/2171/16 1357/2176/16 1365/2174/16
f 1298/2175/16 1365/2174/16 1366/2177/16 1302/2178/16
f 1365/2174/16 1357/2176/16 1358/2179/16 1366/2177/16
f 1302/2178/16 1366/2177/16 1368/2180/16 1305/2181/16
f 1366/2177/16 1358/2179/16 1367/2182/16 1368/2180/16
f 1368/2180/16 375/450/16 1136/509/16 1306/1793/16 1305/2181/16
f 1368/2180/16 1367/2182/16 371/451/16 375/450/16
f 1246/2183/16 1370/1170/16 741/447/13 432/647/57 1245/790/16
f 1369/1171/16 1370/1170/16 1371/2184/16 1372/2185/16
f 1372/2185/16 1371/2184/16 1373/2186/16 1374/2187/16
f 1243/2188/16 1371/2184/16 1370/1170/16 1246/2183/16
f 1251/2189/16 1373/2186/16 1371/2184/16 1243/2188/16
f 1374/2187/16 1373/2186/16 1376/2190/16 1375/2191/16
f 1375/2191/16 1376/2190/16 1378/2192/16 1377/2193/16
f 1250/2194/16 1376/2190/16 1373/2186/16 1251/2189/16
f 1248/2195/16 1378/2192/16 1376/2190/16 1250/2194/16
f 1377/2193/16 1378/2192/16 1379/2196/16 1380/2197/16
f 1249/2198/16 1379/2196/16 1378/2192/16 1248/2195/16
f 1380/2197/16 1379/2196/16 1381/2199/16 1382/2200/16
f 1247/2201/16 1381/2199/16 1379/2196/16 1249/2198/16
f 1382/2200/16 1381/2199/16 1384/2202/16 1383/2203/16
f 1244/2204/16 1384/2202/16 1381/2199/16 1247/2201/16
f 1383/2203/16 1384/2202/16 1386/618/16 1385/2205/16
f 1386/618/16 1384/2202/16 1244/2204/16 1242/614/16
f 1385/2205/16 1386/618/16 735/617/16 352/1169/16
f 1387/2206/10 395/1972/550 1246/1971/550 1245/2207/10 1253/2208/10
f 1255/2209/10 1388/2210/10 1387/2206/10 1253/2208/10
f 1257/1982/10 1389/1981/10 1388/2210/10 1255/2209/10
f 1252/1991/28 1390/1990/28 1391/2211/28 1254/2212/28
f 1254/2212/28 1391/2211/28 1392/2213/28 1256/2214/28
f 1256/2214/28 1392/2213/28 401/2000/561 1258/1999/560
f 1393/2039/28 1281/2038/28 1283/2027/569 342/2026/569
f 1286/2041/28 1394/2040/28 1395/2215/28 1271/2216/28
f 1271/2216/28 1395/2215/28 1396/2217/28 1269/2218/28
f 1269/2218/28 1396/2217/28 383/2050/573 1296/2049/573
f 1306/2089/28 1397/2088/28 365/2099/573 1305/2098/573
f 1307/2080/10 1398/2079/10 358/2071/550 1308/2070/550
f 1282/2219/10 1399/2220/10 377/2021/566 1280/2020/566
f 1287/2221/10 1400/2222/10 1399/2220/10 1282/2219/10
f 1272/2223/10 1401/2224/10 1400/2222/10 1287/2221/10
f 1402/2031/10 1401/2224/10 1272/2223/10 1270/2028/10
f 1411/2225/574 1421/2226/575 1436/2227/576 1427/2228/577
f 1409/2229/28 1408/2230/578 1424/2231/579 1425/2232/28
f 1410/2233/580 1411/2225/574 1427/2228/577 1426/2234/581
f 1417/2235/582 1418/2236/10 1434/2237/10 1433/2238/583
f 1412/2239/584 1416/2240/585 1432/2241/586 1428/2242/587
f 1421/2226/575 1413/2243/588 1429/2244/589 1436/2227/576
f 1403/2245/590 1410/2233/580 1426/2234/581 1404/2246/591
f 1419/2247/592 1417/2235/582 1433/2238/583 1435/2248/593
f 1415/2249/594 1414/2250/595 1430/2251/596 1431/2252/597
f 1408/2230/578 1407/2253/598 1423/2254/599 1424/2231/579
f 1414/2250/595 1419/2247/592 1435/2248/593 1430/2251/596
f 1406/2255/600 1403/2245/590 1404/2246/591 1422/2256/601
f 1405/2257/602 1406/2258/600 1422/2259/601 1420/2260/603
f 1416/2240/585 1415/2261/594 1431/2262/597 1432/2241/586
f 1413/2243/588 1412/2239/584 1428/2242/587 1429/2244/589
f 1407/2253/598 1405/2257/602 1420/2260/603 1423/2254/599
f 1507/2263/10 1438/2264/10 1453/2265/10 1519/2266/10
f 1513/2267/11 1482/2268/11 1473/2269/11 1515/2270/11
f 1773/2271/604 1479/2272/605 1491/2273/606 1778/2274/607
f 1492/2275/54 1453/2276/54 1438/2277/54 1490/2278/54
f 1517/2279/17 372/457/17 349/456/18 1509/2280/18
f 1516/2281/11 1491/2282/11 1479/2283/11 1511/2284/11
f 1497/2285/608 2268/2286/54 2260/2287/54 1488/2288/609
f 1648/2289/610 1645/2290/54 1646/2291/54 1647/2292/611
f 346/470/23 1409/478/23 2317/2293/23 2316/2294/23 2314/2295/23 2315/2296/23 2312/2297/23 1514/2298/23 1507/2299/23
f 2294/2300/11 2292/2301/11 2291/2302/11 2289/2303/11 2286/2304/11 2284/2305/11 2283/2306/11 2281/2307/11 2278/2308/11 1491/2282/11 1516/2281/11 1515/2270/11 1473/2269/11
f 1517/2279/17 2321/2309/24 2320/2310/24 2324/2311/24 2323/2312/24 2322/2313/24 2326/2314/24 2325/2315/24 1418/488/24 372/457/17
f 2312/2297/612 2318/2316/612 2319/2317/613 1514/2298/614
f 1509/2318/28 349/501/28 378/500/28 1518/2319/28
f 2032/2320/29 1784/2321/30 751/504/30 1078/503/29
f 2210/2322/54 2268/2286/54 1497/2285/608 2066/2323/608 2216/2324/54
f 2070/2325/54 2071/2326/54 1453/2276/54 1492/2275/54
f 1446/2327/615 1493/2328/615 1497/2285/608 1488/2288/609
f 2058/2329/28 2062/2330/28 1532/2331/28 1526/2332/28
f 1623/2333/10 1634/2334/10 1530/2335/10 1529/2336/10
f 1776/2337/616 1524/2338/616 1520/2339/617 1779/2340/617
f 2071/2326/54 2072/2341/54 1503/2342/54 1453/2276/54
f 1513/2267/11 1522/2343/11 1502/2344/11 1482/2268/11
f 1519/2345/34 1523/2346/34 389/531/34 381/530/34
f 2072/2341/594 2073/2347/594 1505/2348/594 1503/2342/594
f 1764/2349/594 1651/2350/594 1652/2351/594 1768/2352/594
f 1523/2346/34 1525/2353/34 393/539/34 389/531/34
f 1503/2354/34 1505/2355/34 1525/2353/34 1523/2346/34
f 1769/2356/28 1650/2357/28 1651/2358/28 1764/2359/28
f 1453/2360/34 1503/2354/34 1523/2346/34 1519/2345/34
f 367/548/11 391/549/11 1522/2343/11 1513/2267/11
f 1768/2361/10 1652/2362/10 1653/2363/10 1765/2364/10
f 1700/2365/618 1695/2366/619 1696/2367/620 1609/2368/621
f 1080/558/40 753/561/40 1789/2369/622 2030/2370/623
f 1446/2371/28 1509/2318/28 1518/2319/28 1493/2372/28
f 1514/2298/614 2319/2317/613 2328/2373/24 2321/2309/24 1517/2279/17 1488/2374/43 2260/2375/24 2261/2376/24 2262/2377/24 2263/2378/24 2264/2379/24 2265/2380/24 2266/2381/24 2267/2382/24 2276/2383/24 1490/2384/24
f 337/576/11 1515/2270/11 1516/2281/11 374/577/11
f 1438/2385/23 1507/2299/23 1514/2298/23 1490/2384/23
f 2073/2386/10 2074/2387/10 1525/2388/10 1505/2389/10
f 374/577/11 1516/2281/11 1511/2284/11 357/583/11
f 1488/2374/43 1517/2279/17 1509/2280/18 1446/2390/18
f 367/548/11 1513/2267/11 1515/2270/11 337/576/11
f 346/585/10 1507/2263/10 1519/2266/10 381/586/10
f 1127/587/10 2061/2391/10 1531/2392/10 418/588/10
f 1612/2393/594 1623/2394/594 1529/2395/594 1528/2396/594
f 1576/2397/54 1612/2393/54 1528/2396/54 1500/2398/54
f 2065/2399/624 1530/2400/624 1531/2401/624 2061/2402/624
f 1587/2403/54 1576/2397/54 1500/2398/54 1499/2404/54
f 2178/2405/54 2180/2406/54 1587/2403/54 1499/2404/54
f 2181/2407/54 2179/2408/54 1527/2409/625 1553/2410/54
f 2062/2330/28 1120/610/28 416/609/28 1532/2331/28
f 2058/2411/626 1526/2412/627 1527/2409/625 2057/2413/608
f 2151/2414/54 2295/2415/54 1772/2416/54 1534/2417/54 2150/2418/54
f 1772/2416/54 1771/2419/54 1533/2420/54 1534/2417/54
f 1771/2419/54 1774/2421/54 1537/2422/54 1533/2420/54
f 1774/2421/594 1775/2423/594 1538/2424/594 1537/2422/594
f 1565/2425/34 2036/2426/34 2033/2427/34 1608/2428/34
f 1766/2429/628 1713/2430/629 1712/2431/630 1763/2432/631
f 1644/2433/632 1539/2434/616 1541/2435/617 1554/2436/633
f 1775/2437/10 1776/2438/10 1539/2439/10 1538/2440/10
f 1608/2441/634 1535/2442/635 1540/2443/636 1543/2444/637
f 1526/2412/627 1598/2445/638 1553/2410/639 1527/2409/625
f 1598/2445/638 1599/2446/640 1552/2447/640 1553/2410/639
f 1599/2446/640 1600/2448/640 1551/2449/640 1552/2447/640
f 1600/2448/640 1601/2450/640 1550/2451/640 1551/2449/640
f 1601/2450/640 1602/2452/640 1549/2453/640 1550/2451/640
f 1602/2452/640 1603/2454/640 1548/2455/640 1549/2453/640
f 1603/2454/640 1604/2456/640 1547/2457/640 1548/2455/640
f 1604/2456/640 1605/2458/640 1546/2459/640 1547/2457/640
f 1605/2458/640 1606/2460/640 1545/2461/640 1546/2459/640
f 1606/2460/640 1607/2462/640 1544/2463/640 1545/2461/640
f 1607/2462/640 1608/2441/634 1543/2444/637 1544/2463/640
f 1532/2464/62 416/671/62 445/670/62 1575/2465/62
f 1598/2445/54 2047/2466/54 2048/2467/54 1599/2446/54
f 1574/2468/28 444/677/28 443/676/28 1573/2469/28
f 443/678/34 1096/681/34 2044/2470/34 1573/2471/34
f 1572/2472/28 442/685/28 441/684/28 1571/2473/28
f 1607/2474/11 2056/2475/11 2037/2476/11 1566/2477/11
f 1570/2478/28 440/693/28 439/692/28 1569/2479/28
f 1574/2480/11 2045/2481/11 1097/696/11 444/695/11
f 1568/2482/28 438/701/28 437/700/28 1567/2483/28
f 1567/2484/34 2038/2485/34 2055/2486/34 1606/2487/34
f 1566/2488/28 436/709/28 435/708/28 1565/2489/28
f 1530/2400/624 1634/2490/624 1564/2491/624 1531/2401/624
f 1634/2490/624 1635/2492/624 1563/2493/624 1564/2491/624
f 1635/2492/624 1636/2494/624 1562/2495/624 1563/2493/624
f 1636/2494/624 1637/2496/624 1561/2497/624 1562/2495/624
f 1637/2496/624 1638/2498/641 1560/2499/642 1561/2497/624
f 1638/2498/641 1639/2500/643 1559/2501/644 1560/2499/642
f 1639/2500/643 1640/2502/645 1558/2503/646 1559/2501/644
f 1640/2502/645 1641/2504/647 1557/2505/648 1558/2503/646
f 1641/2504/647 1642/2506/649 1556/2507/650 1557/2505/648
f 1642/2506/649 1643/2508/651 1555/2509/652 1556/2507/650
f 1643/2508/651 1644/2433/632 1554/2436/633 1555/2509/652
f 418/588/10 1531/2392/10 1564/2510/10 512/730/10
f 512/730/10 1564/2510/10 1563/2511/10 513/732/10
f 513/732/10 1563/2511/10 1562/2512/10 514/734/10
f 514/734/10 1562/2512/10 1561/2513/10 515/736/10
f 515/736/10 1561/2513/10 1560/2514/76 516/738/75
f 516/738/75 1560/2514/76 1559/2515/78 517/740/77
f 517/740/77 1559/2515/78 1558/2516/79 518/742/79
f 1703/2517/653 1694/2518/654 1695/2366/619 1700/2365/618
f 1701/2519/655 1693/2520/656 1694/2518/654 1703/2517/653
f 1501/2521/657 1699/2522/658 1692/2523/659 1611/2524/660
f 1536/2525/88 1698/2526/88 629/754/88 522/753/88
f 1526/2527/62 1532/2464/62 1575/2465/62 1598/2528/62
f 1542/2529/11 2035/2530/11 1087/760/11 427/759/11
f 1599/2531/28 1574/2468/28 1573/2469/28 1600/2532/28
f 445/764/34 1098/767/34 2046/2533/34 1575/2534/34
f 1601/2535/28 1572/2472/28 1571/2473/28 1602/2536/28
f 1605/2537/11 2054/2538/11 2039/2539/11 1568/2540/11
f 1603/2541/28 1570/2478/28 1569/2479/28 1604/2542/28
f 1569/2543/34 2040/2544/34 2053/2545/34 1604/2546/34
f 1605/2547/28 1568/2482/28 1567/2483/28 1606/2548/28
f 1607/2549/28 1566/2488/28 1565/2489/28 1608/2550/28
f 2161/2551/54 2150/2418/54 1534/2417/54 1597/2552/54
f 2154/2553/54 2162/2554/54 1543/2444/54 1540/2443/636
f 2163/2555/54 2161/2551/54 1597/2552/54 1596/2556/54
f 2162/2554/54 2164/2557/54 1544/2463/54 1543/2444/54
f 2165/2558/54 2163/2555/54 1596/2556/54 1595/2559/54
f 2164/2557/54 2166/2560/54 1545/2461/54 1544/2463/54
f 1594/2561/54 2167/2562/54 2165/2558/54 1595/2559/54
f 2166/2560/54 2168/2563/54 1546/2459/54 1545/2461/54
f 2168/2563/54 2172/2564/54 2233/2565/54 2229/2566/54
f 1547/2457/54 2229/2566/54 2226/2567/54 1548/2455/54
f 1548/2455/54 2226/2567/54 2227/2568/54 1549/2453/54
f 2182/2569/54 2186/2570/54 2244/2571/54 2247/2572/54
f 2192/2573/54 2183/2574/54 2254/2575/54
f 2184/2576/54 2189/2577/54 2228/2578/54
f 1588/2579/54 2195/2580/54 2190/2581/54 1589/2582/54
f 2191/2583/54 2196/2584/54 1552/2447/54 1551/2449/54
f 2180/2406/54 2195/2580/54 1588/2579/54 1587/2403/54
f 2196/2584/54 2181/2407/54 1553/2410/54 1552/2447/54
f 1534/2417/54 1533/2420/54 1586/2585/54 1597/2552/54
f 1597/2552/54 1586/2585/54 1585/2586/54 1596/2556/54
f 1596/2556/54 1585/2586/54 1584/2587/54 1595/2559/54
f 1595/2559/54 1584/2587/54 1583/2588/54 1594/2561/54
f 1594/2561/54 1583/2588/54 1582/2589/54 1593/2590/54
f 1593/2590/54 1582/2589/54 1581/2591/54 1592/2592/54
f 1592/2592/54 1581/2591/54 1580/2593/54 1591/2594/54
f 1591/2594/54 1580/2593/54 1579/2595/54 1590/2596/54
f 1590/2596/54 1579/2595/54 1578/2597/54 1589/2582/54
f 1589/2582/54 1578/2597/54 1577/2598/54 1588/2579/54
f 1588/2579/54 1577/2598/54 1576/2397/54 1587/2403/54
f 1533/2420/54 1537/2422/54 1622/2599/54 1586/2585/54
f 1586/2585/54 1622/2599/54 1621/2600/54 1585/2586/54
f 1585/2586/54 1621/2600/54 1620/2601/54 1584/2587/54
f 1584/2587/54 1620/2601/54 1619/2602/54 1583/2588/54
f 1583/2588/54 1619/2602/54 1618/2603/54 1582/2589/54
f 1582/2589/54 1618/2603/54 1617/2604/54 1581/2591/54
f 1581/2591/54 1617/2604/54 1616/2605/54 1580/2593/54
f 1580/2593/54 1616/2605/54 1615/2606/54 1579/2595/54
f 1579/2595/54 1615/2606/54 1614/2607/54 1578/2597/54
f 1578/2597/54 1614/2607/54 1613/2608/54 1577/2598/54
f 1577/2598/54 1613/2608/54 1612/2393/54 1576/2397/54
f 1537/2422/594 1538/2424/594 1633/2609/594 1622/2599/594
f 1622/2599/594 1633/2609/594 1632/2610/594 1621/2600/594
f 1621/2600/594 1632/2610/594 1631/2611/594 1620/2601/594
f 1620/2601/594 1631/2611/594 1630/2612/594 1619/2602/594
f 1619/2602/594 1630/2612/594 1629/2613/594 1618/2603/594
f 1618/2603/594 1629/2613/594 1628/2614/594 1617/2604/594
f 1617/2604/594 1628/2614/594 1627/2615/594 1616/2605/594
f 1616/2605/594 1627/2615/594 1626/2616/594 1615/2606/594
f 1615/2606/594 1626/2616/594 1625/2617/594 1614/2607/594
f 1614/2607/594 1625/2617/594 1624/2618/594 1613/2608/594
f 1613/2608/594 1624/2618/594 1623/2394/594 1612/2393/594
f 1538/2440/10 1539/2439/10 1644/2619/10 1633/2620/10
f 1633/2620/10 1644/2619/10 1643/2621/10 1632/2622/10
f 1632/2622/10 1643/2621/10 1642/2623/10 1631/2624/10
f 1631/2624/10 1642/2623/10 1641/2625/10 1630/2626/10
f 1630/2626/10 1641/2625/10 1640/2627/10 1629/2628/10
f 1629/2628/10 1640/2627/10 1639/2629/10 1628/2630/10
f 1628/2630/10 1639/2629/10 1638/2631/10 1627/2632/10
f 1627/2632/10 1638/2631/10 1637/2633/10 1626/2634/10
f 1626/2634/10 1637/2633/10 1636/2635/10 1625/2636/10
f 1625/2636/10 1636/2635/10 1635/2637/10 1624/2638/10
f 1624/2638/10 1635/2637/10 1634/2334/10 1623/2333/10
f 1646/2639/89 1645/2640/89 557/878/89 556/877/89
f 1647/2641/90 1646/2642/90 556/882/90 562/881/90
f 563/884/91 557/887/91 1645/2643/91 1648/2644/91
f 387/888/92 563/891/93 1648/2645/93 1521/2646/92
f 1525/2647/90 1647/2641/90 562/881/90 393/893/90
f 1521/2648/661 1648/2289/610 1647/2292/611 1525/2649/662
f 1651/2350/594 1799/2650/594 1800/2651/594 1652/2351/594
f 1794/2652/54 1807/2653/54 1806/2654/663 1788/2655/664
f 1653/2656/665 1801/2657/666 1797/2658/667 1649/2659/668
f 1712/2660/669 1802/2661/670 774/908/10 651/907/103
f 733/910/28 565/911/28 1650/2357/28 1769/2356/28
f 1765/2662/671 1653/2656/665 1649/2659/668 1770/2663/672
f 2092/2664/673 1655/2665/674 1659/2666/675 2096/2667/676
f 1185/918/28 576/921/28 1657/2668/28 2095/2669/28
f 2094/2670/10 1654/2671/10 1655/2672/10 2092/2673/10
f 2095/2669/28 1657/2668/28 1656/2674/28 2093/2675/28
f 2093/2676/594 1656/2677/594 1654/2678/594 2094/2679/594
f 1502/2680/594 1664/2681/594 1660/2682/594 1504/2683/594
f 1522/2684/28 1661/2685/28 1664/2686/28 1502/2687/28
f 1504/2688/10 1660/2689/10 1663/2690/10 1524/2691/10
f 1702/2692/677 1697/2693/678 1698/2694/679 1536/2695/680
f 391/948/28 580/949/28 1661/2685/28 1522/2684/28
f 1524/2338/616 1663/2696/681 1662/2697/682 1520/2339/617
f 1664/2681/594 1666/2698/594 1667/2699/594 1660/2682/594
f 1661/2685/28 1668/2700/28 1666/2701/28 1664/2686/28
f 1660/2689/10 1667/2702/10 1665/2703/683 1663/2690/10
f 2102/2704/118 2103/2705/119 586/960/119 583/959/118
f 580/949/28 590/962/28 1668/2700/28 1661/2685/28
f 1663/2696/681 1665/2706/683 1669/2707/684 1662/2697/682
f 1682/2708/594 1671/2709/594 1673/2710/594 1684/2711/594
f 1685/2712/28 1674/2713/28 1671/2714/28 1682/2715/28
f 1684/2716/10 1673/2717/10 1670/2718/10 1681/2719/685
f 611/977/28 597/978/28 1674/2713/28 1685/2712/28
f 1681/2719/685 1670/2718/686 1675/2720/687 1686/2721/688
f 1690/2722/689 1679/2723/690 1678/2724/691 1689/2725/692
f 615/985/28 601/988/28 1677/2726/28 1688/2727/28
f 2105/2728/129 2104/2729/130 604/991/10 618/990/129
f 1687/2730/10 1676/2731/10 1679/2723/690 1690/2722/689
f 1688/2727/28 1677/2726/28 1680/2732/28 1691/2733/28
f 1691/2734/594 1680/2735/594 1676/2736/594 1687/2737/594
f 1738/2738/693 1681/2719/685 1686/2721/688 1737/2739/694
f 685/1003/28 611/977/28 1685/2712/28 1736/2740/28
f 1735/2741/10 1684/2716/10 1681/2719/685 1738/2738/693
f 1736/2740/28 1685/2712/28 1682/2715/28 1739/2742/28
f 1739/2743/594 1682/2708/594 1684/2711/594 1735/2744/594
f 1666/2698/594 1691/2734/594 1687/2737/594 1667/2699/594
f 1668/2700/28 1688/2727/28 1691/2733/28 1666/2701/28
f 1667/2702/10 1687/2730/10 1690/2722/689 1665/2703/683
f 2103/2705/119 2105/2728/129 618/990/129 586/960/119
f 590/962/28 615/985/28 1688/2727/28 1668/2700/28
f 1665/2703/683 1690/2722/689 1689/2725/692 1669/2745/684
f 744/1010/133 1781/2746/133 1692/2747/134 620/1011/134
f 622/1014/135 1694/2748/135 1693/2749/136 621/1015/136
f 629/1018/137 1698/2750/137 1697/2751/138 630/1019/138
f 630/1019/138 1697/2751/138 1696/2752/139 631/1022/139
f 631/1022/139 1696/2752/139 1695/2753/140 632/1024/140
f 632/1024/140 1695/2753/140 1694/2748/135 622/1014/135
f 1692/2747/134 1699/2754/10 634/1026/10 620/1011/134
f 1782/2755/695 1781/2756/696 1693/2520/656 1701/2519/655
f 1609/2368/621 1696/2367/620 1697/2693/678 1702/2692/677
f 1706/2757/54 1609/2368/621 1702/2692/677 1708/2758/54
f 1783/2759/54 1782/2755/695 1701/2519/655 1707/2760/54
f 1708/2758/54 1702/2692/677 1536/2695/680 1704/2761/54
f 1704/2762/143 1536/2525/143 522/753/143 645/1036/143
f 1705/2763/697 1501/2521/657 1611/2524/660 1709/2764/698
f 1707/2760/54 1701/2519/655 1703/2517/653 1711/2765/54
f 1711/2765/54 1703/2517/653 1700/2365/618 1710/2766/54
f 1767/2767/699 1714/2768/700 1713/2430/629 1766/2429/628
f 1710/2766/54 1700/2365/618 1609/2368/621 1706/2757/54
f 1555/2509/652 1710/2766/54 1706/2757/54 1556/2507/650
f 2102/2769/11 2106/2770/11 1705/2771/11 1662/2772/11
f 1554/2436/633 1711/2765/54 1710/2766/54 1555/2509/652
f 1541/2435/617 1707/2760/54 1711/2765/54 1554/2436/633
f 1662/2697/682 1705/2763/697 1709/2764/698 1520/2339/617
f 1558/2773/143 1704/2762/143 645/1036/143 518/1048/143
f 1557/2505/648 1708/2758/54 1704/2761/54 1558/2503/646
f 1779/2340/617 1783/2759/54 1707/2760/54 1541/2435/617
f 1556/2507/650 1706/2757/54 1708/2758/54 1557/2505/648
f 1836/2774/701 1788/2655/664 1806/2654/663 1838/2775/701
f 1713/2776/702 1803/2777/703 1802/2661/670 1712/2660/669
f 1649/2659/668 1714/2768/700 1767/2767/699 1770/2663/672
f 1763/2778/151 1712/2660/669 651/907/103 728/1054/151
f 1731/2779/704 1745/2780/705 1747/2781/706 1752/2782/707
f 2108/2783/156 2107/2784/157 1715/2785/157 1717/2786/156
f 1717/2787/708 1715/2788/709 1716/2789/710 1719/2790/711
f 1719/2790/711 1716/2789/710 1610/2791/712 1718/2792/713
f 1722/2793/714 1719/2790/711 1718/2792/713 1721/2794/713
f 1720/2795/715 1717/2787/708 1719/2790/711 1722/2793/714
f 2109/2796/166 2108/2783/156 1717/2786/156 1720/2797/166
f 1723/2798/34 1751/2799/167 707/1076/167 711/1075/34
f 1754/2800/716 1749/2801/717 1751/2802/718 1723/2803/719
f 2113/2804/172 2109/2796/166 1720/2797/166 1744/2805/172
f 1744/2806/720 1720/2795/715 1722/2793/714 1742/2807/721
f 1742/2807/721 1722/2793/714 1721/2794/713 1741/2808/713
f 1730/2809/722 1726/2810/723 1725/2811/713 1729/2812/724
f 1728/2813/725 1724/2814/726 1726/2810/723 1730/2809/722
f 2111/2815/180 2110/2816/181 1724/2817/181 1728/2818/180
f 1743/2819/727 1748/2820/728 1750/2821/729 1753/2822/729
f 1727/2823/730 1746/2824/730 1745/2780/705 1731/2779/704
f 2112/2825/186 2111/2815/180 1728/2818/180 1732/2826/186
f 1732/2827/731 1728/2813/725 1730/2809/722 1734/2828/732
f 1734/2828/732 1730/2809/722 1729/2812/724 1733/2829/733
f 1501/2521/657 1734/2828/732 1733/2829/733 1699/2522/658
f 1705/2763/697 1732/2827/731 1734/2828/732 1501/2521/657
f 2106/2830/190 2112/2825/186 1732/2826/186 1705/2831/190
f 1699/2754/10 1733/2832/10 681/1110/10 634/1026/10
f 1680/2735/594 1739/2743/594 1735/2744/594 1676/2736/594
f 1677/2726/28 1736/2740/28 1739/2742/28 1680/2732/28
f 1676/2731/10 1735/2741/10 1738/2738/693 1679/2723/690
f 601/988/28 685/1003/28 1736/2740/28 1677/2726/28
f 1679/2723/690 1738/2738/693 1737/2739/694 1678/2724/691
f 1726/2810/723 1742/2807/721 1741/2808/713 1725/2811/713
f 1724/2814/726 1744/2806/720 1742/2807/721 1726/2810/723
f 2110/2816/181 2113/2804/172 1744/2805/172 1724/2817/181
f 1753/2833/734 1750/2834/735 1749/2801/717 1754/2800/716
f 1745/2780/193 1746/2824/194 697/1115/194 696/1114/193
f 1747/2781/195 1745/2780/193 696/1114/193 699/1116/195
f 1748/2820/196 1747/2781/195 699/1116/195 701/1117/196
f 1749/2835/197 1750/2821/198 705/1120/198 704/1119/197
f 1751/2799/167 1749/2836/197 704/1121/197 707/1076/167
f 1750/2821/199 1748/2820/196 701/1117/196 705/1120/199
f 661/1123/11 697/1126/11 1746/2837/11 1727/2838/11
f 1752/2782/707 1747/2781/706 1748/2820/728 1743/2819/727
f 1721/2794/713 1752/2839/54 1743/2840/54 1741/2808/713
f 656/1129/200 661/1123/11 1727/2838/11 1610/2841/200
f 1725/2811/713 1753/2833/734 1754/2800/716 1729/2812/724
f 1610/2791/712 1727/2842/54 1731/2843/54 1718/2792/713
f 1741/2808/713 1743/2840/54 1753/2833/734 1725/2811/713
f 1729/2812/724 1754/2800/716 1723/2803/719 1733/2829/733
f 1733/2844/34 1723/2798/34 711/1075/34 681/1134/34
f 1718/2792/713 1731/2843/54 1752/2839/54 1721/2794/713
f 1610/2841/200 1755/2845/201 714/1135/201 656/1129/200
f 2107/2846/157 2114/2847/202 1757/2848/202 1715/2849/157
f 1715/2788/709 1757/2850/736 1756/2851/737 1716/2789/710
f 1716/2789/710 1756/2851/737 1755/2852/738 1610/2791/712
f 2100/2853/739 1758/2854/740 1762/2855/741 2099/2856/742
f 1189/1148/28 723/1151/28 1761/2857/28 2098/2858/28
f 1737/2739/694 2136/2859/210 2104/2729/130 1678/2724/691
f 2097/2860/10 1760/2861/10 1758/2862/10 2100/2863/10
f 2098/2858/28 1761/2857/28 1759/2864/28 2101/2865/28
f 2101/2866/594 1759/2867/594 1760/2868/594 2097/2869/594
f 1755/2870/201 1763/2778/151 728/1054/151 714/1164/201
f 2115/2871/211 2114/2847/212 716/1167/212 719/1166/212
f 1770/2663/672 1767/2767/699 1757/2850/736 1762/2855/741
f 1757/2850/736 1767/2767/699 1766/2429/628 1756/2851/737
f 1758/2854/740 1765/2662/671 1770/2663/672 1762/2855/741
f 723/1151/28 733/910/28 1769/2356/28 1761/2857/28
f 1756/2851/737 1766/2429/628 1763/2432/631 1755/2852/738
f 1760/2861/10 1768/2361/10 1765/2364/10 1758/2862/10
f 1761/2857/28 1769/2356/28 1764/2359/28 1759/2864/28
f 1759/2867/594 1764/2349/594 1768/2352/594 1760/2868/594
f 1520/2339/617 1709/2764/698 1783/2759/54 1779/2340/617
f 1709/2764/698 1611/2524/660 1782/2755/695 1783/2759/54
f 1611/2524/660 1692/2523/659 1781/2756/696 1782/2755/695
f 621/1015/136 1693/2749/136 1781/2746/133 744/1010/133
f 1504/2688/10 1524/2691/10 1776/2438/10 1775/2437/10
f 1502/2680/594 1504/2683/594 1775/2423/594 1774/2421/594
f 1482/2872/54 1502/2680/54 1774/2421/54 1771/2419/54
f 1473/2873/54 1482/2872/54 1771/2419/54 1772/2416/54
f 1491/2273/606 2278/2874/54 2279/2875/54 1778/2274/607
f 2028/2876/743 1786/2877/744 1785/2878/745 2031/2879/746
f 1539/2434/616 1776/2337/616 1779/2340/617 1541/2435/617
f 2029/2880/747 1790/2881/748 1786/2877/744 2028/2876/743
f 1535/2442/635 1773/2271/604 1778/2274/607 1540/2443/636
f 753/1178/219 759/1181/220 1792/2882/220 1789/2883/219
f 1786/2877/744 1791/2884/54 1780/2885/54 1785/2878/745
f 1789/2883/219 1792/2882/220 1793/2886/220 1790/2887/219
f 1790/2881/748 1793/2888/54 1791/2884/54 1786/2877/744
f 2031/2889/29 1785/2890/30 1784/2321/30 2032/2320/29
f 2030/2370/623 1789/2369/622 1790/2891/749 2029/2892/749
f 759/1181/220 764/1192/28 1795/2893/28 1792/2882/220
f 1791/2884/54 1794/2652/54 1788/2655/664 1780/2885/54
f 1792/2882/220 1795/2893/28 1796/2894/28 1793/2886/220
f 1793/2888/54 1796/2895/54 1794/2652/54 1791/2884/54
f 1784/2321/30 1777/2896/76 758/1195/76 751/504/30
f 1785/2890/30 1780/2897/76 1777/2896/76 1784/2321/30
f 1796/2895/54 1810/2898/54 1807/2653/54 1794/2652/54
f 1652/2362/10 1800/2899/10 1801/2900/10 1653/2363/10
f 764/1192/222 781/1202/223 1809/2901/223 1795/2893/222
f 1795/2893/222 1809/2901/223 1810/2902/223 1796/2894/222
f 1777/2896/76 1787/2903/10 763/1204/10 758/1195/76
f 1780/2897/76 1788/2904/10 1787/2903/10 1777/2896/76
f 1714/2768/750 1804/2905/751 1803/2906/752 1713/2430/753
f 1649/2659/668 1797/2658/667 1804/2905/751 1714/2768/750
f 1798/2907/11 1801/2908/11 1800/2909/11 1799/2910/11
f 1937/2911/754 1825/2912/755 1823/2913/755 1940/2914/756
f 1944/2915/757 1839/2916/758 1830/2917/759 1945/2918/760
f 1808/2919/235 780/1224/235 779/1223/236 1805/2920/236
f 1807/2921/235 1808/2919/235 1805/2920/236 1806/2922/237
f 1810/2923/223 1809/2924/223 1808/2919/235 1807/2921/235
f 1809/2924/223 781/1229/223 780/1224/235 1808/2919/235
f 1939/2925/761 1824/2926/762 1825/2912/763 1937/2911/764
f 1838/2927/11 1806/2922/237 1805/2920/236 1837/2928/11
f 1836/2929/34 1835/2930/34 1787/2931/34 1788/2932/34
f 1835/2930/34 827/1239/34 763/1238/34 1787/2931/34
f 1856/2933/34 854/1243/34 789/1242/34 1811/2934/34
f 1857/2935/34 1856/2933/34 1811/2934/34 1812/2936/34
f 1859/2937/11 1814/2938/11 1813/2939/11 1858/2940/11
f 1857/2941/701 1812/2942/701 1814/2943/701 1859/2944/701
f 1820/2945/701 1816/2946/701 1818/2947/701 1822/2948/701
f 1953/2949/765 1884/2950/766 1831/2951/767 1938/2952/768
f 1822/2953/11 1818/2954/11 1817/2955/11 1821/2956/11
f 1820/2957/34 1819/2958/34 1815/2959/34 1816/2960/34
f 1819/2958/34 799/1271/34 794/1270/34 1815/2959/34
f 1650/2961/34 565/1273/34 799/1271/34 1819/2958/34
f 1651/2962/34 1650/2961/34 1819/2958/34 1820/2957/34
f 1799/2910/11 1822/2953/11 1821/2956/11 1798/2907/11
f 1946/2963/769 1832/2964/769 1824/2926/762 1939/2925/761
f 1651/2350/701 1820/2945/701 1822/2948/701 1799/2650/701
f 803/1277/247 802/1280/250 1825/2965/770 1824/2966/771
f 802/1281/250 801/1284/252 1823/2967/772 1825/2968/770
f 801/1285/252 811/1288/254 1828/2969/773 1823/2970/772
f 809/1289/255 808/1292/258 1826/2971/774 1827/2972/775
f 811/1288/254 809/1289/255 1827/2972/775 1828/2969/773
f 1891/2973/776 1887/2974/777 1886/2975/778 1897/2976/779
f 817/1297/263 1832/2977/266 1831/2978/265 815/1298/264
f 803/1277/247 1824/2966/771 1832/2977/266 817/1297/263
f 1940/2914/780 1823/2913/781 1828/2979/782 1941/2980/783
f 1944/2981/271 984/1306/271 829/1305/273 1839/2982/272
f 1947/2983/784 1827/2984/785 1826/2985/786 1942/2986/787
f 1938/2952/768 1831/2951/767 1832/2964/769 1946/2963/769
f 941/1311/278 820/1314/281 1834/2987/280 1913/2988/279
f 1964/2989/788 1943/2990/789 1848/2991/790 1923/2992/791
f 1941/2980/783 1828/2979/782 1827/2984/785 1947/2983/784
f 1017/1319/286 1076/1322/286 2027/2993/286 1975/2994/286
f 1924/2995/287 1833/2996/288 818/1325/288 951/1324/287
f 2022/2997/792 2004/2998/793 1833/2999/793 1924/3000/794
f 1892/3001/795 1888/3002/796 1887/2974/777 1891/2973/776
f 1811/2934/34 789/1242/34 827/1239/34 1835/2930/34
f 1812/2936/34 1811/2934/34 1835/2930/34 1836/2929/34
f 1814/2938/11 1838/2927/11 1837/2928/11 1813/2939/11
f 779/1223/236 825/1333/11 1837/2928/11 1805/2920/236
f 1812/2942/701 1836/2774/701 1838/2775/701 1814/2943/701
f 1975/3003/294 1848/3004/295 839/1336/295 1017/1335/294
f 1973/3005/797 1845/3006/798 1847/3007/799 1969/3008/800
f 1970/3009/769 1841/3010/801 1842/3011/769 1967/3012/769
f 1969/3008/800 1847/3007/799 1846/3013/802 1974/3014/803
f 1976/3015/303 1018/1351/303 840/1350/305 1849/3016/304
f 1972/3017/804 1844/3018/805 1845/3006/798 1973/3005/797
f 1967/3012/769 1842/3011/769 1843/3019/806 1971/3020/807
f 1982/3021/769 1885/3022/808 1841/3010/801 1970/3009/769
f 1971/3020/807 1843/3019/806 1829/3023/809 1968/3024/810
f 1976/3025/811 1849/3026/812 1840/3027/813 1966/3028/814
f 1968/3024/810 1829/3023/815 1844/3018/815 1972/3017/804
f 1978/3029/769 1861/3030/769 1855/3031/816 1977/3032/769
f 869/1368/319 1872/3033/321 1854/3034/320 848/1369/320
f 1949/3035/769 1860/3036/817 1854/3037/818 1948/3038/819
f 1877/3039/701 1851/3040/701 1853/3041/701 1874/3042/701
f 1874/3043/11 1853/3044/11 1852/3045/11 1876/3046/11
f 1877/3047/34 1879/3048/34 1850/3049/34 1851/3050/34
f 1879/3048/34 872/1389/34 846/1388/34 1850/3049/34
f 1945/2918/760 1830/2917/759 1860/3036/817 1949/3035/769
f 1966/3028/814 1840/3027/813 1861/3030/769 1978/3029/769
f 848/1390/325 1854/3051/325 1860/3052/325 856/1391/325
f 1851/3040/701 1857/2941/701 1859/2944/701 1853/3041/701
f 1853/3044/11 1859/2937/11 1858/2940/11 1852/3045/11
f 1851/3050/34 1850/3049/34 1856/2933/34 1857/2935/34
f 1850/3049/34 846/1388/34 854/1243/34 1856/2933/34
f 1880/3053/34 886/1397/34 862/1396/34 1862/3054/34
f 1881/3055/34 1880/3053/34 1862/3054/34 1863/3056/34
f 1883/3057/11 1865/3058/11 1864/3059/11 1882/3060/11
f 1881/3061/701 1863/3062/701 1865/3063/701 1883/3064/701
f 888/1408/326 1884/3065/328 1866/3066/327 864/1409/327
f 1980/3067/769 1878/3068/820 1867/3069/821 1979/3070/769
f 1952/3071/822 1872/3072/823 1875/3073/824 1951/3074/825
f 1981/3075/769 1869/3076/826 1878/3068/820 1980/3067/769
f 878/1422/336 1875/3077/336 1872/3033/321 869/1368/319
f 1862/3054/34 862/1396/34 875/1425/34 1868/3078/34
f 1870/3079/701 1877/3039/701 1874/3042/701 1873/3080/701
f 1863/3056/34 1862/3054/34 1868/3078/34 1870/3081/34
f 1873/3082/11 1874/3043/11 1876/3046/11 1871/3083/11
f 1865/3058/11 1873/3082/11 1871/3083/11 1864/3059/11
f 1870/3081/34 1868/3078/34 1879/3048/34 1877/3047/34
f 1863/3062/701 1870/3079/701 1873/3080/701 1865/3063/701
f 1868/3078/34 875/1425/34 872/1389/34 1879/3048/34
f 864/1409/337 1866/3066/337 1875/3084/337 878/1431/337
f 1948/3038/819 1854/3037/818 1872/3072/823 1952/3071/822
f 1977/3032/769 1855/3031/816 1869/3076/826 1981/3075/769
f 1951/3074/825 1875/3073/824 1866/3085/827 1950/3086/828
f 815/1298/264 1831/2978/265 1884/3065/328 888/1408/326
f 1816/2946/701 1881/3061/701 1883/3064/701 1818/2947/701
f 1818/2954/11 1883/3057/11 1882/3060/11 1817/2955/11
f 1816/2960/34 1815/2959/34 1880/3053/34 1881/3055/34
f 1815/2959/34 794/1270/34 886/1397/34 1880/3053/34
f 1979/3070/769 1867/3069/821 1885/3022/808 1982/3021/769
f 1950/3086/828 1866/3085/827 1884/2950/766 1953/2949/765
f 892/1435/340 1886/3087/340 1887/3088/342 893/1436/341
f 893/1439/341 1887/3089/342 1888/3090/343 895/1440/343
f 905/1443/344 895/1446/345 1888/3091/345 1892/3092/344
f 1897/3093/346 1886/3087/347 892/1435/347 908/1448/346
f 1900/3094/348 1895/3095/348 910/1451/348 913/1450/348
f 1895/3096/349 1896/3097/350 909/1455/350 910/1454/349
f 1896/3097/350 1897/3093/346 908/1448/346 909/1455/350
f 912/1457/351 907/1460/352 1894/3098/352 1898/3099/351
f 907/1460/352 906/1462/353 1893/3100/353 1894/3098/352
f 906/1462/353 905/1464/344 1892/3101/344 1893/3100/353
f 1898/3102/829 1894/3103/830 1889/3104/831 1899/3105/832
f 1894/3103/830 1893/3106/833 1890/3107/834 1889/3104/831
f 1893/3106/833 1892/3001/795 1891/2973/776 1890/3107/834
f 1899/3105/832 1889/3104/831 1895/3108/835 1900/3109/836
f 1889/3104/831 1890/3107/834 1896/3110/837 1895/3108/835
f 1890/3107/834 1891/2973/776 1897/2976/779 1896/3110/837
f 1830/2917/759 1899/3105/832 1900/3109/836 1860/3036/817
f 1839/2916/758 1898/3102/829 1899/3105/832 1830/2917/759
f 829/1305/273 912/1457/351 1898/3099/351 1839/2982/272
f 1860/3111/363 1900/3094/363 913/1450/363 856/1475/363
f 2003/3112/838 2012/3113/839 1902/3114/840 1802/2661/670
f 1802/2661/670 1902/3114/840 918/1479/368 774/908/367
f 1942/2986/787 1954/3115/841 1903/3116/54 1846/3013/802
f 808/1292/258 917/1483/370 1901/3117/370 1826/2971/774
f 2012/3118/839 2013/3119/842 1933/3120/843 1902/3121/840
f 2013/3119/842 2014/3122/844 1932/3123/845 1933/3120/843
f 2014/3122/844 2015/3124/846 1931/3125/847 1932/3123/845
f 2015/3124/846 2016/3126/848 1930/3127/849 1931/3125/847
f 2023/3128/850 2017/3129/851 1929/3130/852 1936/3131/853
f 2017/3129/851 2018/3132/854 1928/3133/855 1929/3130/852
f 2018/3132/854 2019/3134/856 1927/3135/857 1928/3133/855
f 2019/3134/856 2020/3136/858 1926/3137/859 1927/3135/857
f 2020/3136/858 2021/3138/860 1925/3139/861 1926/3137/859
f 2021/3138/860 2022/3140/792 1924/2995/794 1925/3139/861
f 1902/3121/840 1933/3120/391 960/1508/391 918/1507/368
f 1933/3120/391 1932/3123/392 959/1509/392 960/1508/391
f 1932/3123/392 1931/3125/393 958/1510/393 959/1509/392
f 1931/3125/394 1930/3127/394 957/1511/394 958/1510/394
f 1936/3131/395 1929/3130/396 956/1513/396 974/1512/395
f 1929/3130/396 1928/3133/397 955/1514/397 956/1513/396
f 1928/3133/397 1927/3135/398 954/1515/398 955/1514/397
f 1927/3135/398 1926/3137/399 953/1516/399 954/1515/398
f 1926/3137/399 1925/3139/400 952/1517/400 953/1516/399
f 1925/3139/400 1924/2995/287 951/1324/287 952/1517/400
f 1954/3115/841 1955/3141/862 1914/3142/54 1903/3116/54
f 1955/3141/862 1956/3143/863 1915/3144/54 1914/3142/54
f 1956/3143/863 1957/3145/864 1916/3146/54 1915/3144/54
f 1957/3145/864 1958/3147/865 1917/3148/866 1916/3146/54
f 1965/3149/867 1959/3150/868 1918/3151/54 1935/3152/869
f 1959/3150/868 1960/3153/870 1919/3154/54 1918/3151/54
f 1960/3153/870 1961/3155/871 1920/3156/54 1919/3154/54
f 1961/3155/871 1962/3157/872 1921/3158/54 1920/3156/54
f 1962/3157/872 1963/3159/873 1922/3160/54 1921/3158/54
f 1963/3159/873 1964/2989/788 1923/2992/791 1922/3160/54
f 917/1483/370 950/1539/370 1904/3161/370 1901/3117/370
f 950/1539/370 949/1541/370 1905/3162/370 1904/3161/370
f 949/1541/370 948/1543/413 1906/3163/413 1905/3162/370
f 948/1543/413 947/1545/414 1907/3164/414 1906/3163/413
f 973/1546/415 946/1549/415 1908/3165/415 1934/3166/415
f 946/1550/416 945/1553/417 1909/3167/417 1908/3168/416
f 945/1553/417 944/1555/418 1910/3169/418 1909/3167/417
f 944/1555/418 943/1557/419 1911/3170/419 1910/3169/418
f 943/1557/419 942/1559/420 1912/3171/420 1911/3170/419
f 942/1559/420 941/1311/278 1913/2988/279 1912/3171/420
f 947/1560/415 973/1546/415 1934/3166/415 1907/3172/415
f 1958/3147/865 1965/3149/867 1935/3152/869 1917/3148/866
f 1930/3173/421 1936/3174/395 974/1564/395 957/1563/421
f 2016/3175/848 2023/3176/850 1936/3174/853 1930/3173/849
f 1907/3177/874 1934/3178/875 1965/3149/867 1958/3147/865
f 1912/3179/876 1913/3180/877 1964/2989/788 1963/3159/873
f 1911/3181/878 1912/3179/876 1963/3159/873 1962/3157/872
f 1910/3182/879 1911/3181/878 1962/3157/872 1961/3155/871
f 1909/3183/880 1910/3182/879 1961/3155/871 1960/3153/870
f 1908/3184/881 1909/3183/880 1960/3153/870 1959/3150/868
f 1934/3178/875 1908/3184/881 1959/3150/868 1965/3149/867
f 1906/3185/882 1907/3177/883 1958/3147/865 1957/3145/864
f 1905/3186/884 1906/3185/882 1957/3145/864 1956/3143/863
f 1904/3187/885 1905/3186/884 1956/3143/863 1955/3141/862
f 1901/3188/886 1904/3187/885 1955/3141/862 1954/3115/841
f 1826/2985/786 1901/3188/886 1954/3115/841 1942/2986/787
f 1867/3069/821 1950/3086/828 1953/2949/765 1885/3022/808
f 1878/3068/820 1951/3074/825 1950/3086/828 1867/3069/821
f 1855/3031/816 1948/3038/819 1952/3071/822 1869/3076/826
f 1869/3076/826 1952/3071/822 1951/3074/825 1878/3068/820
f 1840/3027/813 1945/2918/760 1949/3035/769 1861/3030/769
f 1861/3030/769 1949/3035/769 1948/3038/819 1855/3031/816
f 1848/3004/295 1943/3189/435 983/1580/435 839/1336/295
f 1845/3006/798 1941/2980/783 1947/2983/784 1847/3007/799
f 1913/3180/887 1834/3190/888 1943/2990/789 1964/2989/788
f 1841/3010/801 1938/2952/768 1946/2963/769 1842/3011/769
f 1847/3007/799 1947/2983/784 1942/2986/787 1846/3013/802
f 1849/3016/304 840/1350/305 984/1306/271 1944/2981/271
f 1844/3018/805 1940/2914/780 1941/2980/783 1845/3006/798
f 1842/3011/769 1946/2963/769 1939/2925/761 1843/3019/806
f 1885/3022/808 1953/2949/765 1938/2952/768 1841/3010/801
f 1843/3019/806 1939/2925/761 1937/2911/764 1829/3023/809
f 1849/3026/812 1944/2915/757 1945/2918/760 1840/3027/813
f 1829/3023/815 1937/2911/754 1940/2914/756 1844/3018/815
f 1917/3148/866 1935/3152/869 1994/3191/889 1987/3192/890
f 1922/3160/54 1923/2992/791 1993/3193/891 1992/3194/892
f 1921/3158/54 1922/3160/54 1992/3194/892 1991/3195/893
f 1920/3156/54 1921/3158/54 1991/3195/893 1990/3196/894
f 1919/3154/54 1920/3156/54 1990/3196/894 1989/3197/895
f 1918/3151/54 1919/3154/54 1989/3197/895 1988/3198/896
f 1935/3152/869 1918/3151/54 1988/3198/896 1994/3191/889
f 1916/3146/54 1917/3148/866 1987/3192/890 1986/3199/897
f 1915/3144/54 1916/3146/54 1986/3199/897 1985/3200/898
f 1914/3142/54 1915/3144/54 1985/3200/898 1984/3201/899
f 1903/3116/54 1914/3142/54 1984/3201/899 1983/3202/900
f 1846/3013/802 1903/3116/54 1983/3202/900 1974/3014/803
f 2008/3203/769 1979/3070/769 1982/3021/769 2011/3204/769
f 2006/3205/769 1977/3032/769 1981/3075/769 2010/3206/769
f 2010/3206/769 1981/3075/769 1980/3067/769 2009/3207/769
f 2009/3207/769 1980/3067/769 1979/3070/769 2008/3203/769
f 1995/3208/901 1966/3028/814 1978/3029/769 2007/3209/769
f 2007/3209/769 1978/3029/769 1977/3032/769 2006/3205/769
f 1998/3210/902 1968/3024/810 1972/3017/804 2001/3211/903
f 2005/3212/904 1976/3025/811 1966/3028/814 1995/3208/901
f 2000/3213/905 1971/3020/807 1968/3024/810 1998/3210/902
f 2011/3204/769 1982/3021/769 1970/3009/769 1999/3214/769
f 1996/3215/769 1967/3012/769 1971/3020/807 2000/3213/905
f 2001/3211/903 1972/3017/804 1973/3005/797 2002/3216/906
f 2005/3217/456 1049/1610/456 1018/1351/303 1976/3015/303
f 1997/3218/907 1969/3008/800 1974/3014/803 2003/3219/908
f 1999/3214/769 1970/3009/769 1967/3012/769 1996/3215/769
f 2002/3216/906 1973/3005/797 1969/3008/800 1997/3218/907
f 1923/2992/791 1848/2991/790 1975/3220/909 1993/3193/891
f 1833/3221/294 2004/3222/294 1048/1616/294 818/1615/294
f 1804/2905/751 2002/3216/906 1997/3218/907 1803/2906/752
f 1817/3223/769 1999/3214/769 1996/3215/769 1821/3224/769
f 1803/2777/703 1997/3225/910 2003/3112/838 1802/2661/670
f 1837/3226/456 825/1622/456 1049/1610/456 2005/3217/456
f 1797/2658/667 2001/3211/903 2002/3216/906 1804/2905/751
f 1821/3224/769 1996/3215/769 2000/3213/905 1798/3227/911
f 1882/3228/769 2011/3204/769 1999/3214/769 1817/3223/769
f 1798/3227/911 2000/3213/905 1998/3210/902 1801/2657/666
f 1837/3229/912 2005/3212/904 1995/3208/901 1813/3230/913
f 1801/2657/666 1998/3210/902 2001/3211/903 1797/2658/667
f 1858/3231/769 2007/3209/769 2006/3205/769 1852/3232/769
f 1813/3230/913 1995/3208/901 2007/3209/769 1858/3231/769
f 1871/3233/769 2009/3207/769 2008/3203/769 1864/3234/769
f 1876/3235/769 2010/3206/769 2009/3207/769 1871/3233/769
f 1852/3232/769 2006/3205/769 2010/3206/769 1876/3235/769
f 1864/3234/769 2008/3203/769 2011/3204/769 1882/3228/769
f 1987/3192/890 1994/3191/889 2023/3236/914 2016/3237/915
f 1992/3194/892 1993/3193/891 2022/2997/916 2021/3238/917
f 1991/3195/893 1992/3194/892 2021/3238/917 2020/3239/918
f 1990/3196/894 1991/3195/893 2020/3239/918 2019/3240/919
f 1989/3197/895 1990/3196/894 2019/3240/919 2018/3241/920
f 1988/3198/896 1989/3197/895 2018/3241/920 2017/3242/921
f 1994/3191/889 1988/3198/896 2017/3242/921 2023/3236/914
f 1986/3199/897 1987/3192/890 2016/3237/915 2015/3243/922
f 1985/3200/898 1986/3199/897 2015/3243/922 2014/3244/923
f 1984/3201/899 1985/3200/898 2014/3244/923 2013/3245/924
f 1983/3202/900 1984/3201/899 2013/3245/924 2012/3246/925
f 1974/3014/803 1983/3202/900 2012/3246/925 2003/3219/908
f 1993/3193/891 1975/3220/909 2004/2998/926 2022/2997/916
f 2025/3247/435 2024/3248/435 1069/1645/435 1072/1644/435
f 2026/3249/294 2027/3250/294 1076/1649/294 1075/1648/294
f 1943/3251/477 2025/3252/477 1072/1653/477 983/1652/477
f 2004/3222/478 2026/3249/478 1075/1648/478 1048/1616/478
f 1834/3190/888 2024/3253/927 2025/3254/927 1943/2990/789
f 1975/3220/909 2027/3255/928 2026/3256/928 2004/2998/926
f 820/1314/281 1069/1660/481 2024/3257/481 1834/2987/280
f 1542/3258/929 2030/3259/929 2029/3260/930 1535/3261/930
f 1479/2283/484 2031/3262/484 2032/3263/484 1511/2284/484
f 1535/2442/635 2029/2880/747 2028/2876/743 1773/2271/604
f 1773/2271/604 2028/2876/743 2031/2879/746 1479/2272/605
f 427/1667/485 1080/1668/485 2030/3259/929 1542/3258/929
f 1511/2284/484 2032/3263/484 1078/1669/484 357/583/484
f 2033/3264/28 2036/3265/28 2035/3266/28 2034/3267/28
f 2036/3265/28 1088/1675/28 1087/1674/28 2035/3266/28
f 2046/3268/28 1098/1679/28 1097/1678/28 2045/3269/28
f 2044/3270/28 1096/1683/28 1095/1682/28 2043/3271/28
f 2042/3272/28 1094/1687/28 1093/1686/28 2041/3273/28
f 2040/3274/28 1092/1691/28 1091/1690/28 2039/3275/28
f 2038/3276/28 1090/1695/28 1089/1694/28 2037/3277/28
f 2047/3278/28 2046/3268/28 2045/3269/28 2048/3279/28
f 2049/3280/28 2044/3270/28 2043/3271/28 2050/3281/28
f 2051/3282/28 2042/3272/28 2041/3273/28 2052/3283/28
f 2053/3284/28 2040/3274/28 2039/3275/28 2054/3285/28
f 2055/3286/28 2038/3276/28 2037/3277/28 2056/3287/28
f 1572/3288/11 2043/3289/11 1095/1708/11 442/1707/11
f 441/1710/34 1094/1713/34 2042/3290/34 1571/3291/34
f 1600/2448/54 2049/3292/54 2050/3293/54 1601/2450/54
f 1570/3294/11 2041/3295/11 1093/1722/11 440/1721/11
f 439/1724/34 1092/1725/34 2040/2544/34 1569/2543/34
f 1602/2452/54 2051/3296/54 2052/3297/54 1603/2454/54
f 1575/2534/34 2046/2533/34 2047/3298/34 1598/3299/34
f 1568/2540/11 2039/2539/11 1091/1735/11 438/1734/11
f 1599/3300/11 2048/3301/11 2045/2481/11 1574/2480/11
f 437/1738/34 1090/1739/34 2038/2485/34 1567/2484/34
f 1604/2456/54 2053/3302/54 2054/3303/54 1605/2458/54
f 1573/2471/34 2044/2470/34 2049/3304/34 1600/3305/34
f 1566/2477/11 2037/2476/11 1089/1749/11 436/1748/11
f 1601/3306/11 2050/3307/11 2043/3289/11 1572/3288/11
f 1535/3308/11 2034/3309/11 2035/2530/11 1542/2529/11
f 1608/2441/54 2033/3310/54 2034/3311/54 1535/2442/54
f 435/1756/34 1088/1757/34 2036/2426/34 1565/2425/34
f 1606/2460/54 2055/3312/54 2056/3313/54 1607/2462/54
f 1571/3291/34 2042/3290/34 2051/3314/34 1602/3315/34
f 1603/3316/11 2052/3317/11 2041/3295/11 1570/3294/11
f 2069/3318/931 2058/2411/626 2057/2413/608 2066/2323/608
f 2086/3319/487 2078/3320/487 2075/3321/487 2083/3322/487
f 2074/3323/624 2065/2399/624 2061/2402/624 2067/3324/624
f 1138/1775/10 2067/3325/10 2061/2391/10 1127/587/10
f 1529/2336/10 1530/2335/10 2065/3326/10 2064/3327/10
f 1528/2396/594 1529/2395/594 2064/3328/594 2063/3329/594
f 1500/2398/54 1528/2396/54 2063/3329/54 2060/3330/54
f 2085/3331/488 2077/3332/489 1145/1784/489 1154/1783/488
f 1499/2404/54 1500/2398/54 2060/3330/54 2059/3333/54
f 2201/3334/54 2193/3335/54 2057/2413/608 1527/2409/625 2179/2408/54
f 1493/2372/28 1518/2319/28 2068/3336/28 2069/3337/28
f 387/888/92 1521/2646/92 2067/3325/10 1138/1775/10
f 1525/2649/662 2074/3323/624 2067/3324/624 1521/2648/661
f 1518/2319/28 378/500/28 1131/1791/28 2068/3336/28
f 1493/2328/615 2069/3318/931 2066/2323/608 1497/2285/608
f 2064/3327/10 2065/3326/10 2074/2387/10 2073/2386/10
f 2063/3329/594 2064/3328/594 2073/2347/594 2072/2341/594
f 2060/3330/54 2063/3329/54 2072/2341/54 2071/2326/54
f 2059/3333/54 2060/3330/54 2071/2326/54 2070/2325/54
f 2218/3338/54 2259/3339/54 2059/3333/54 2070/2325/54 2215/3340/54
f 2078/3341/28 1146/1798/28 1145/1797/28 2077/3342/28
f 2075/3343/28 2078/3341/28 2077/3342/28 2076/3344/28
f 1156/1805/487 1146/1806/487 2078/3320/487 2086/3319/487
f 2083/3345/932 2075/3343/932 2076/3344/932 2084/3346/932
f 2084/3347/491 2076/3348/489 2077/3332/489 2085/3331/488
f 2058/3349/492 2082/3350/492 2079/3351/492 2062/3352/492
f 2069/3318/931 2080/3353/54 2082/3354/54 2058/2411/626
f 1131/1817/493 1152/1820/493 2081/3355/493 2068/3356/493
f 2062/3352/492 2079/3351/492 1148/1826/492 1120/1825/492
f 2068/3356/493 2081/3355/493 2080/3357/493 2069/3358/493
f 2090/3359/494 2084/3360/491 2085/3361/488 2087/3362/494
f 2089/3363/54 2083/3364/54 2084/3365/54 2090/3366/54
f 1164/1837/487 1156/1805/487 2086/3319/487 2088/3367/487
f 2087/3362/494 2085/3361/488 1154/1842/488 1162/1841/494
f 2088/3367/487 2086/3319/487 2083/3322/487 2089/3368/487
f 2081/3355/487 2088/3367/487 2089/3368/487 2080/3357/487
f 2079/3369/495 2087/3362/494 1162/1841/494 1148/1845/495
f 1152/1820/487 1164/1837/487 2088/3367/487 2081/3355/487
f 2080/3353/54 2089/3363/54 2090/3366/54 2082/3354/54
f 2082/3370/495 2090/3359/494 2087/3362/494 2079/3369/495
f 2127/3371/496 2116/3372/496 1167/1849/496 1181/1848/496
f 2119/3373/497 2117/3374/498 1166/1853/498 1168/1852/497
f 2120/3375/499 2119/3376/497 1168/1857/497 1170/1856/499
f 2118/3377/500 2120/3375/499 1170/1856/499 1169/1860/500
f 2128/3378/501 2121/3379/502 1171/1863/502 1192/1862/501
f 2124/3380/503 2118/3381/503 1169/1867/503 1176/1866/503
f 2117/3374/498 2122/3382/504 1174/1869/504 1166/1853/498
f 1671/2709/594 1683/3383/594 1740/3384/594 1673/2710/594
f 1674/2713/28 1658/3385/28 1683/3386/28 1671/2714/28
f 1673/2717/10 1740/3387/10 1672/3388/10 1670/2718/10
f 597/978/28 1173/1877/28 1658/3385/28 1674/2713/28
f 1670/3389/686 1672/3390/933 2091/3391/934 1675/3392/687
f 2104/3393/503 2123/3394/503 1175/1884/503 604/1883/503
f 2123/3394/503 2124/3380/503 1176/1866/503 1175/1884/503
f 2096/3395/507 2139/3396/507 2133/3397/507 2091/3398/507
f 2091/3398/507 2133/3397/507 2134/3399/508 1675/2720/508
f 1762/3400/509 2115/2871/211 2130/3401/510 2099/3402/510
f 1686/2721/688 2137/3403/511 2136/2859/210 1737/2739/694
f 1659/3404/512 2131/3405/512 2139/3396/507 2096/3395/507
f 2099/3402/510 2130/3401/510 2131/3406/512 1659/3407/512
f 2122/3382/504 2127/3371/513 1181/1848/513 1174/1869/504
f 1683/3383/594 2093/2676/594 2094/2679/594 1740/3384/594
f 1658/3385/28 2095/2669/28 2093/2675/28 1683/3386/28
f 1740/3387/10 2094/2670/10 2092/2673/10 1672/3388/10
f 1173/1877/28 1185/918/28 2095/2669/28 1658/3385/28
f 1672/3390/933 2092/2664/673 2096/2667/676 2091/3391/934
f 1675/2720/508 2134/3399/508 2137/3403/511 1686/2721/688
f 2116/3408/514 2128/3378/501 1192/1862/501 1167/1900/514
f 1656/2677/594 2101/2866/594 2097/2869/594 1654/2678/594
f 1657/2668/28 2098/2858/28 2101/2865/28 1656/2674/28
f 1654/2671/10 2097/2860/10 2100/2863/10 1655/2672/10
f 576/921/28 1189/1148/28 2098/2858/28 1657/2668/28
f 1655/2665/674 2100/2853/739 2099/2856/742 1659/2666/675
f 1178/1901/515 1177/1904/516 2126/3409/516 2125/3410/515
f 719/1905/517 1178/1908/517 2125/3411/517 2115/3412/517
f 1762/3400/509 1757/2848/212 2114/2847/212 2115/2871/211
f 655/1909/157 716/1167/202 2114/2847/202 2107/2846/157
f 668/1910/181 693/1911/172 2113/2804/172 2110/2816/181
f 642/1912/190 678/1913/186 2112/2825/186 2106/2830/190
f 678/1913/186 673/1914/180 2111/2815/180 2112/2825/186
f 673/1914/180 668/1910/181 2110/2816/181 2111/2815/180
f 693/1911/172 663/1915/166 2109/2796/166 2113/2804/172
f 663/1915/166 658/1916/156 2108/2783/156 2109/2796/166
f 658/1916/156 655/1917/157 2107/2784/157 2108/2783/156
f 583/1918/11 642/1919/11 2106/2770/11 2102/2769/11
f 1669/2745/684 1689/2725/692 2105/2728/129 2103/2705/119
f 1689/2725/692 1678/2724/691 2104/2729/130 2105/2728/129
f 1177/1904/516 1171/1921/518 2121/3413/518 2126/3409/516
f 1662/3414/118 1669/2745/684 2103/2705/119 2102/2704/118
f 2132/3415/935 2120/3416/936 2118/3417/937 2124/3418/938
f 2138/3419/939 2119/3420/940 2120/3416/936 2132/3415/935
f 2143/3421/941 2117/3422/942 2119/3420/940 2138/3419/939
f 2149/3423/943 2128/3424/944 2116/3425/945 2129/3426/946
f 2140/3427/947 2122/3428/948 2117/3422/942 2143/3421/941
f 2147/3429/949 2127/3430/950 2122/3428/948 2140/3427/947
f 2139/3431/54 2146/3432/54 2145/3433/54 2133/3434/54
f 2146/3432/54 2147/3429/949 2140/3427/947 2145/3433/54
f 2133/3434/54 2145/3433/54 2135/3435/54 2134/3436/54
f 2145/3433/54 2140/3427/947 2143/3421/941 2135/3435/54
f 2130/3437/951 2148/3438/952 2141/3439/54 2131/3440/54
f 2148/3438/952 2149/3423/943 2129/3426/946 2141/3439/54
f 2134/3436/54 2135/3435/54 2144/3441/54 2137/3442/54
f 2135/3435/54 2143/3421/941 2138/3419/939 2144/3441/54
f 2137/3442/54 2144/3441/54 2142/3443/953 2136/3444/954
f 2144/3441/54 2138/3419/939 2132/3415/935 2142/3443/953
f 2136/3444/954 2142/3443/953 2123/3445/955 2104/3446/956
f 2142/3443/953 2132/3415/935 2124/3418/938 2123/3445/955
f 2141/3439/54 2129/3426/946 2147/3429/949 2146/3432/54
f 2131/3440/54 2141/3439/54 2146/3432/54 2139/3431/54
f 2129/3426/946 2116/3425/945 2127/3430/950 2147/3429/949
f 2125/3447/957 2126/3448/958 2149/3423/943 2148/3438/952
f 2115/3449/959 2125/3447/957 2148/3438/952 2130/3437/951
f 2126/3448/958 2121/3450/960 2128/3424/944 2149/3423/943
f 1452/3451/545 2160/3452/545 2159/3453/546 1459/3454/546
f 1484/3455/547 1480/3456/11 2169/3457/11 2171/3458/547
f 1443/3459/548 2152/3460/548 2160/3452/545 1452/3451/545
f 1480/3456/11 1477/3461/549 2170/3462/549 2169/3457/11
f 2155/3463/550 2152/3464/548 1443/3465/548 1506/3466/550
f 2153/3467/551 2151/3468/552 1476/3469/552 1475/3470/551
f 2168/3471/961 2166/3472/10 2298/3473/10 1489/3474/962
f 1477/3461/549 1508/3475/555 2174/3476/555 2170/3462/549
f 1469/3477/556 2156/3478/556 2153/3479/551 1475/3480/551
f 2150/3481/28 2161/3482/28 2299/3483/28 1476/3469/552 2151/3468/552
f 1508/3475/555 1510/3484/963 2175/3485/963 2174/3476/555
f 1466/3486/558 2158/3487/558 2156/3478/556 1469/3477/556
f 2168/3471/961 1489/3474/962 1487/3488/964 2172/3489/964
f 2175/3490/963 1510/3491/963 1512/3492/965 2167/3493/966
f 1464/3494/34 2157/3495/34 2158/3487/558 1466/3486/558
f 1487/3496/964 1486/3497/562 2173/3498/562 2172/3499/964
f 1459/3454/546 2159/3453/546 2157/3495/34 1464/3494/34
f 1486/3497/562 1484/3455/547 2171/3458/547 2173/3498/562
f 1442/3500/967 2188/3501/967 2187/3502/546 1448/3503/546
f 1470/3504/547 1468/3505/11 2197/3506/11 2199/3507/547
f 2184/3508/968 2188/3501/967 1442/3500/967 1440/3509/969
f 1468/3505/11 1467/3510/549 2198/3511/549 2197/3506/11
f 2189/3512/566 2184/3513/968 1440/3514/969 1494/3515/566
f 2183/3516/970 2192/3517/971 1465/3518/971 1463/3519/972
f 2179/3520/10 2311/3521/10 1474/3522/570 2201/3523/570
f 1467/3510/549 1495/3524/555 2203/3525/555 2198/3511/549
f 2182/3526/556 2183/3527/970 1463/3528/972 1458/3529/556
f 2190/3530/28 2195/3531/28 2303/3532/28 2302/3533/28
f 1495/3524/555 1496/3534/571 2204/3535/571 2203/3525/555
f 1455/3536/558 2186/3537/558 2182/3526/556 1458/3529/556
f 2201/3523/570 1474/3522/570 1472/3538/572 2202/3539/572
f 2204/3540/571 1496/3541/571 1498/3542/573 2205/3543/573
f 1450/3544/34 2185/3545/34 2186/3537/558 1455/3536/558
f 1472/3546/572 1471/3547/562 2200/3548/562 2202/3549/572
f 1448/3503/546 2187/3502/546 2185/3545/34 1450/3544/34
f 1471/3547/562 1470/3504/547 2199/3507/547 2200/3548/562
f 1439/3550/545 2225/3551/545 2222/3552/546 1441/3553/546
f 1457/3554/547 1456/3555/11 2206/3556/11 2209/3557/547
f 1437/3558/548 2220/3559/548 2225/3551/545 1439/3550/545
f 1456/3555/11 1454/3560/549 2208/3561/549 2206/3556/11
f 2217/3562/550 2220/3563/548 1437/3564/548 1478/3565/550
f 2219/3566/551 2218/3567/552 1451/3568/552 1449/3569/551
f 1462/3570/570 2210/3571/570 2216/3572/10 2307/3573/10
f 1454/3560/549 1481/3574/555 2207/3575/555 2208/3561/549
f 1447/3576/556 2223/3577/556 2219/3578/551 1449/3579/551
f 2218/3567/552 2215/3580/28 2306/3581/28 1451/3568/552
f 1481/3574/555 1483/3582/571 2211/3583/571 2207/3575/555
f 1445/3584/558 2224/3585/558 2223/3577/556 1447/3576/556
f 2210/3571/570 1462/3570/570 1461/3586/572 2212/3587/572
f 1483/3588/571 1485/3589/573 2214/3590/573 2211/3591/571
f 1444/3592/34 2221/3593/34 2224/3585/558 1445/3584/558
f 1461/3594/572 1460/3595/562 2213/3596/562 2212/3597/572
f 1441/3553/546 2222/3552/546 2221/3593/34 1444/3592/34
f 1460/3595/562 1457/3554/547 2209/3557/547 2213/3596/562
f 2226/2567/54 2230/3598/54 2231/3599/54 2227/2568/54
f 2228/2578/54 1550/2451/54 1549/2453/54 2227/2568/54
f 2229/2566/54 1547/2457/54 1546/2459/54 2168/2563/54
f 2189/2577/54 2191/2583/54 1551/2449/54 1550/2451/54 2228/2578/54
f 2229/2566/54 2233/2565/54 2230/3598/54 2226/2567/54
f 2233/2565/54 2236/3600/54 2234/3601/54 2230/3598/54
f 2230/3598/54 2234/3601/54 2235/3602/54 2231/3599/54
f 2184/2576/54 2228/2578/54 2227/2568/54 2231/3599/54
f 2172/2564/54 2173/3603/54 2236/3600/54 2233/2565/54
f 2173/3603/54 2171/3604/54 2239/3605/54 2236/3600/54
f 2234/3601/54 2237/3606/54 2238/3607/54 2235/3602/54
f 2236/3600/54 2239/3605/54 2237/3606/54 2234/3601/54
f 2188/3608/54 2184/2576/54 2231/3599/54 2235/3602/54
f 2237/3606/54 2240/3609/54 2241/3610/54 2238/3607/54
f 2239/3605/54 2242/3611/54 2240/3609/54 2237/3606/54
f 2187/3612/54 2188/3608/54 2235/3602/54 2238/3607/54
f 2171/3604/54 2169/3613/54 2242/3611/54 2239/3605/54
f 2169/3613/54 2170/3614/54 2245/3615/54 2242/3611/54
f 2242/3611/54 2245/3615/54 2243/3616/54 2240/3609/54
f 2240/3609/54 2243/3616/54 2244/2571/54 2241/3610/54
f 2185/3617/54 2187/3612/54 2238/3607/54 2241/3610/54
f 2243/3616/54 2246/3618/54 2247/2572/54 2244/2571/54
f 2170/3614/54 2174/3619/54 2248/3620/54 2245/3615/54
f 2186/2570/54 2185/3617/54 2241/3610/54 2244/2571/54
f 2245/3615/54 2248/3620/54 2246/3618/54 2243/3616/54
f 2246/3618/54 2249/3621/54 2250/3622/54 2247/2572/54
f 2248/3620/54 2251/3623/54 2249/3621/54 2246/3618/54
f 2174/3619/54 2175/3624/54 2251/3623/54 2248/3620/54
f 2247/2572/54 2250/3622/54 2183/2574/54 2182/2569/54
f 2250/3622/54 2253/3625/54 2254/2575/54 2183/2574/54
f 2251/3623/54 2255/3626/54 2252/3627/54 2249/3621/54
f 2175/3624/54 2167/2562/54 2255/3626/54 2251/3623/54
f 2249/3621/54 2252/3627/54 2253/3625/54 2250/3622/54
f 2193/3335/54 2201/3334/54 2202/3628/54 2232/3629/54
f 2192/2573/54 2254/2575/54 1590/2596/54 1589/2582/54 2190/2581/54
f 2253/3625/54 1591/2594/54 1590/2596/54 2254/2575/54
f 2255/3626/54 1593/2590/54 1592/2592/54 2252/3627/54
f 2167/2562/54 1594/2561/54 1593/2590/54 2255/3626/54
f 2252/3627/54 1592/2592/54 1591/2594/54 2253/3625/54
f 2217/3630/54 2216/2324/54 2066/2323/608 2057/2413/608 2193/3335/54
f 2202/3628/54 2200/3631/54 2194/3632/54 2232/3629/54
f 2220/3633/54 2217/3630/54 2193/3335/54 2232/3629/54
f 2200/3631/54 2199/3634/54 2177/3635/54 2194/3632/54
f 2225/3636/54 2220/3633/54 2232/3629/54 2194/3632/54
f 2222/3637/54 2225/3636/54 2194/3632/54 2177/3635/54
f 2199/3634/54 2197/3638/54 2176/3639/54 2177/3635/54
f 2197/3638/54 2198/3640/54 2256/3641/54 2176/3639/54
f 2221/3642/54 2222/3637/54 2177/3635/54 2176/3639/54
f 2198/3640/54 2203/3643/54 2257/3644/54 2256/3641/54
f 2224/3645/54 2221/3642/54 2176/3639/54 2256/3641/54
f 2203/3643/54 2204/3646/54 2258/3647/54 2257/3644/54
f 2223/3648/54 2224/3645/54 2256/3641/54 2257/3644/54
f 2204/3646/54 2205/3649/54 2259/3339/54 2258/3647/54
f 2219/3650/54 2223/3648/54 2257/3644/54 2258/3647/54
f 2259/3339/54 2205/3649/54 2178/2405/54 1499/2404/54 2059/3333/54
f 2218/3338/54 2219/3650/54 2258/3647/54 2259/3339/54
f 2210/2322/54 2212/3651/54 2269/3652/54 2268/2286/54
f 2268/2286/54 2269/3652/54 2261/3653/54 2260/2287/54
f 2212/3651/54 2213/3654/54 2270/3655/54 2269/3652/54
f 2269/3652/54 2270/3655/54 2262/3656/54 2261/3653/54
f 2270/3655/54 2271/3657/54 2263/3658/54 2262/3656/54
f 2213/3654/54 2209/3659/54 2271/3657/54 2270/3655/54
f 2209/3659/54 2206/3660/54 2272/3661/54 2271/3657/54
f 2271/3657/54 2272/3661/54 2264/3662/54 2263/3658/54
f 2272/3661/54 2273/3663/54 2265/3664/54 2264/3662/54
f 2206/3660/54 2208/3665/54 2273/3663/54 2272/3661/54
f 2208/3665/54 2207/3666/54 2274/3667/54 2273/3663/54
f 2273/3663/54 2274/3667/54 2266/3668/54 2265/3664/54
f 2207/3666/54 2211/3669/54 2275/3670/54 2274/3667/54
f 2274/3667/54 2275/3670/54 2267/3671/54 2266/3668/54
f 2211/3669/54 2214/3672/54 2277/3673/54 2275/3670/54
f 2275/3670/54 2277/3673/54 2276/3674/54 2267/3671/54
f 2277/3673/54 2214/3672/54 2215/3340/54 2070/2325/54 1492/2275/54
f 2277/3673/54 1492/2275/54 1490/2278/54 2276/3674/54
f 2155/3675/54 2154/2553/54 1540/2443/636 1778/2274/607 2279/2875/54
f 2278/2874/54 2281/3676/54 2280/3677/54 2279/2875/54
f 2281/3676/54 2283/3678/54 2282/3679/54 2280/3677/54
f 2152/3680/54 2155/3675/54 2279/2875/54 2280/3677/54
f 2160/3681/54 2152/3680/54 2280/3677/54 2282/3679/54
f 2283/3678/54 2284/3682/54 2285/3683/54 2282/3679/54
f 2284/3682/54 2286/3684/54 2287/3685/54 2285/3683/54
f 2159/3686/54 2160/3681/54 2282/3679/54 2285/3683/54
f 2157/3687/54 2159/3686/54 2285/3683/54 2287/3685/54
f 2286/3684/54 2289/3688/54 2288/3689/54 2287/3685/54
f 2158/3690/54 2157/3687/54 2287/3685/54 2288/3689/54
f 2289/3688/54 2291/3691/54 2290/3692/54 2288/3689/54
f 2156/3693/54 2158/3690/54 2288/3689/54 2290/3692/54
f 2291/3691/54 2292/3694/54 2293/3695/54 2290/3692/54
f 2153/3696/54 2156/3693/54 2290/3692/54 2293/3695/54
f 2292/3694/54 2294/3697/54 2295/2415/54 2293/3695/54
f 2295/2415/54 2151/2414/54 2153/3696/54 2293/3695/54
f 2294/3697/54 1473/2873/54 1772/2416/54 2295/2415/54
f 2296/3698/10 2162/3699/10 2154/3700/10 2155/3463/550 1506/3466/550
f 2164/3701/10 2162/3699/10 2296/3698/10 2297/3702/10
f 2166/3472/10 2164/3701/10 2297/3702/10 2298/3473/10
f 2161/3482/28 2163/3703/28 2300/3704/28 2299/3483/28
f 2163/3703/28 2165/3705/28 2301/3706/28 2300/3704/28
f 2165/3705/28 2167/3493/966 1512/3492/965 2301/3706/28
f 2302/3533/28 1465/3518/971 2192/3517/971 2190/3530/28
f 2195/3531/28 2180/3707/28 2304/3708/28 2303/3532/28
f 2180/3707/28 2178/3709/28 2305/3710/28 2304/3708/28
f 2178/3709/28 2205/3543/573 1498/3542/573 2305/3710/28
f 2215/3580/28 2214/3590/573 1485/3589/573 2306/3581/28
f 2216/3572/10 2217/3562/550 1478/3565/550 2307/3573/10
f 2191/3711/10 2189/3512/566 1494/3515/566 2308/3712/10
f 2196/3713/10 2191/3711/10 2308/3712/10 2309/3714/10
f 2181/3715/10 2196/3713/10 2309/3714/10 2310/3716/10
f 2311/3521/10 2179/3520/10 2181/3715/10 2310/3716/10
f 2319/3717/973 2333/3718/974 2341/3719/975 2328/3720/976
f 1409/2229/28 1425/2232/28 2331/3721/977 2317/3722/978
f 2318/3723/979 2332/3724/980 2333/3718/974 2319/3717/973
f 2325/3725/981 2339/3726/982 1434/2237/10 1418/2236/10
f 2320/3727/983 2334/3728/984 2338/3729/985 2324/3730/986
f 2328/3720/976 2341/3719/975 2335/3731/987 2321/3732/988
f 2312/3733/989 2313/3734/990 2332/3724/980 2318/3723/979
f 2326/3735/991 2340/3736/992 2339/3726/982 2325/3725/981
f 2323/3737/35 2337/3738/993 2336/3739/994 2322/3740/995
f 2317/3722/978 2331/3721/977 2330/3741/996 2316/3742/997
f 2322/3740/995 2336/3739/994 2340/3736/992 2326/3735/991
f 2315/3743/998 2329/3744/999 2313/3734/990 2312/3733/989
f 2314/3745/1000 2327/3746/1001 2329/3747/999 2315/3748/998
f 2324/3730/986 2338/3729/985 2337/3749/993 2323/3750/35
f 2321/3732/988 2335/3731/987 2334/3728/984 2320/3727/983
f 2316/3742/997 2330/3741/996 2327/3746/1001 2314/3745/1000
o Cylinder
v -2.132840 0.476608 0.000000
v 0.075652 0.524820 -0.000000
v -2.132840 0.474604 -0.020347
v 0.075652 0.521890 -0.027154
v -2.132840 0.468669 -0.039912
v 0.075652 0.513211 -0.053265
v -2.132840 0.459031 -0.057943
v 0.075652 0.499118 -0.077329
v -2.132840 0.446061 -0.073747
v 0.075652 0.480152 -0.098421
v -2.132840 0.430256 -0.086717
v 0.075652 0.457042 -0.115731
v -2.132840 0.412225 -0.096355
v 0.075652 0.430675 -0.128594
v -2.132840 0.392661 -0.102290
v 0.075652 0.402066 -0.136514
v -2.132840 0.372314 -0.104294
v 0.075652 0.372314 -0.139189
v -2.132840 0.351967 -0.102290
v 0.075652 0.342561 -0.136514
v -2.132840 0.332402 -0.096355
v 0.075652 0.313952 -0.128594
v -2.132840 0.314371 -0.086717
v 0.075652 0.287586 -0.115731
v -2.132840 0.298567 -0.073747
v 0.075652 0.264476 -0.098421
v -2.132840 0.285597 -0.057943
v 0.075652 0.245510 -0.077329
v -2.132840 0.275959 -0.039912
v 0.075652 0.231416 -0.053265
v -2.132840 0.270024 -0.020347
v 0.075652 0.222738 -0.027154
v -2.132840 0.268020 0.000000
v 0.075652 0.219808 -0.000000
v -2.132840 0.270024 0.020347
v 0.075652 0.222738 0.027154
v -2.132840 0.275959 0.039912
v 0.075652 0.231416 0.053265
v -2.132840 0.285597 0.057943
v 0.075652 0.245510 0.077329
v -2.132840 0.298567 0.073747
v 0.075652 0.264476 0.098421
v -2.132840 0.314371 0.086717
v 0.075652 0.287586 0.115731
v -2.132840 0.332402 0.096355
v 0.075652 0.313952 0.128594
v -2.132840 0.351967 0.102290
v 0.075652 0.342561 0.136514
v -2.132840 0.372314 0.104294
v 0.075652 0.372314 0.139189
v -2.132840 0.392661 0.102290
v 0.075652 0.402066 0.136514
v -2.132840 0.412225 0.096355
v 0.075652 0.430675 0.128594
v -2.132840 0.430256 0.086717
v 0.075652 0.457042 0.115731
v -2.132840 0.446061 0.073747
v 0.075652 0.480152 0.098421
v -2.132840 0.459031 0.057943
v 0.075652 0.499118 0.077329
v -2.132840 0.468669 0.039912
v 0.075652 0.513211 0.053265
v -2.132840 0.474604 0.020347
v 0.075652 0.521890 0.027154
v -2.105934 0.511503 0.000000
v -2.105934 0.508828 -0.027154
v -2.105934 0.500907 -0.053265
v -2.105934 0.488045 -0.077329
v -2.105934 0.470735 -0.098421
v -2.105934 0.449643 -0.115731
v -2.105934 0.425579 -0.128594
v -2.105934 0.399468 -0.136514
v -2.105934 0.372314 -0.139189
v -2.105934 0.345160 -0.136514
v -2.105934 0.319049 -0.128594
v -2.105934 0.294985 -0.115731
v -2.105934 0.273893 -0.098421
v -2.105934 0.256583 -0.077329
v -2.105934 0.243720 -0.053265
v -2.105934 0.235800 -0.027154
v -2.105934 0.233125 0.000000
v -2.105934 0.235800 0.027154
v -2.105934 0.243720 0.053265
v -2.105934 0.256583 0.077329
v -2.105934 0.273893 0.098421
v -2.105934 0.294985 0.115731
v -2.105934 0.319049 0.128594
v -2.105934 0.345160 0.136514
v -2.105934 0.372314 0.139189
v -2.105934 0.399468 0.136514
v -2.105934 0.425579 0.128594
v -2.105934 0.449643 0.115731
v -2.105934 0.470735 0.098421
v -2.105934 0.488045 0.077329
v -2.105934 0.500907 0.053265
v -2.105934 0.508828 0.027154
v -0.499119 0.524820 -0.000000
v -0.499119 0.521890 -0.027154
v -0.499119 0.513211 -0.053265
v -0.499119 0.499118 -0.077329
v -0.499119 0.480152 -0.098421
v -0.499119 0.457042 -0.115731
v -0.499119 0.430675 -0.128594
v -0.499119 0.402066 -0.136514
v -0.499119 0.372314 -0.139189
v -0.499119 0.342561 -0.136514
v -0.499119 0.313952 -0.128594
v -0.499119 0.287586 -0.115731
v -0.499119 0.264476 -0.098421
v -0.499119 0.245510 -0.077329
v -0.499119 0.231416 -0.053265
v -0.499119 0.222738 -0.027154
v -0.499119 0.219808 -0.000000
v -0.499119 0.222738 0.027154
v -0.499119 0.231416 0.053265
v -0.499119 0.245510 0.077329
v -0.499119 0.264476 0.098421
v -0.499119 0.287586 0.115731
v -0.499119 0.313952 0.128594
v -0.499119 0.342561 0.136514
v -0.499119 0.372314 0.139189
v -0.499119 0.402066 0.136514
v -0.499119 0.430675 0.128594
v -0.499119 0.457042 0.115731
v -0.499119 0.480152 0.098421
v -0.499119 0.499118 0.077329
v -0.499119 0.513211 0.053265
v -0.499119 0.521890 0.027154
v -0.513466 0.508828 -0.027154
v -0.513466 0.500907 -0.053265
v -0.513466 0.488045 -0.077329
v -0.513466 0.470735 -0.098421
v -0.513466 0.449643 -0.115731
v -0.513466 0.425579 -0.128594
v -0.513466 0.399468 -0.136514
v -0.513466 0.372314 -0.139189
v -0.513466 0.345159 -0.136514
v -0.513466 0.319049 -0.128594
v -0.513466 0.294985 -0.115731
v -0.513466 0.273893 -0.098421
v -0.513466 0.256583 -0.077329
v -0.513466 0.243720 -0.053265
v -0.513466 0.235800 -0.027154
v -0.513466 0.233125 -0.000000
v -0.513466 0.235800 0.027154
v -0.513466 0.243720 0.053265
v -0.513466 0.256583 0.077329
v -0.513466 0.273893 0.098421
v -0.513466 0.294985 0.115731
v -0.513466 0.319049 0.128594
v -0.513466 0.345159 0.136514
v -0.513466 0.372314 0.139189
v -0.513466 0.399468 0.136514
v -0.513466 0.425579 0.128594
v -0.513466 0.449643 0.115731
v -0.513466 0.470735 0.098421
v -0.513466 0.488045 0.077329
v -0.513466 0.500907 0.053265
v -0.513466 0.508828 0.027154
v -0.513466 0.511503 -0.000000
v -2.132840 0.495974 0.000000
v -2.132840 0.493598 -0.024125
v -2.132840 0.486561 -0.047323
v -2.132840 0.475134 -0.068702
v -2.132840 0.459755 -0.087441
v -2.132840 0.441016 -0.102820
v -2.132840 0.419637 -0.114247
v -2.132840 0.396439 -0.121284
v -2.132840 0.372314 -0.123660
v -2.132840 0.348189 -0.121284
v -2.132840 0.324991 -0.114247
v -2.132840 0.303612 -0.102820
v -2.132840 0.284873 -0.087441
v -2.132840 0.269494 -0.068702
v -2.132840 0.258066 -0.047323
v -2.132840 0.251029 -0.024125
v -2.132840 0.248653 0.000000
v -2.132840 0.251029 0.024125
v -2.132840 0.258066 0.047323
v -2.132840 0.269494 0.068702
v -2.132840 0.284873 0.087441
v -2.132840 0.303612 0.102820
v -2.132840 0.324991 0.114247
v -2.132840 0.348189 0.121284
v -2.132840 0.372314 0.123661
v -2.132840 0.396439 0.121284
v -2.132840 0.419637 0.114247
v -2.132840 0.441016 0.102820
v -2.132840 0.459755 0.087441
v -2.132840 0.475134 0.068702
v -2.132840 0.486561 0.047323
v -2.132840 0.493598 0.024125
v -2.112172 0.476608 0.000000
v -2.112172 0.474604 -0.020347
v -2.112172 0.468669 -0.039912
v -2.112172 0.459031 -0.057943
v -2.112172 0.446061 -0.073747
v -2.112172 0.430256 -0.086717
v -2.112172 0.412225 -0.096355
v -2.112172 0.392661 -0.102290
v -2.112172 0.372314 -0.104294
v -2.112172 0.351967 -0.102290
v -2.112172 0.332402 -0.096355
v -2.112172 0.314371 -0.086717
v -2.112172 0.298567 -0.073747
v -2.112172 0.285597 -0.057943
v -2.112172 0.275959 -0.039912
v -2.112172 0.270024 -0.020347
v -2.112172 0.268020 0.000000
v -2.112172 0.270024 0.020347
v -2.112172 0.275959 0.039912
v -2.112172 0.285597 0.057943
v -2.112172 0.298567 0.073747
v -2.112172 0.314371 0.086717
v -2.112172 0.332402 0.096355
v -2.112172 0.351967 0.102290
v -2.112172 0.372314 0.104294
v -2.112172 0.392661 0.102290
v -2.112172 0.412225 0.096355
v -2.112172 0.430256 0.086717
v -2.112172 0.446061 0.073747
v -2.112172 0.459031 0.057943
v -2.112172 0.468669 0.039912
v -2.112172 0.474604 0.020347
vn -0.0000 1.0000 -0.0000
vn -0.0000 0.9771 -0.2126
vn -0.0000 0.9109 -0.4126
vn -0.0000 0.8074 -0.5900
vn -0.0000 0.6748 -0.7380
vn -0.0000 0.5213 -0.8534
vn -0.0000 0.3541 -0.9352
vn -0.0637 0.3773 -0.9239
vn -0.0000 0.1789 -0.9839
vn -0.0280 0.2058 -0.9782
vn -0.0000 -0.0000 -1.0000
vn -0.0043 -0.0000 -1.0000
vn -0.0000 -0.1789 -0.9839
vn -0.0280 -0.2058 -0.9782
vn -0.0000 -0.3541 -0.9352
vn -0.0637 -0.3773 -0.9239
vn -0.0000 -0.5213 -0.8534
vn -0.0000 -0.6748 -0.7380
vn -0.0000 -0.8074 -0.5900
vn -0.0000 -0.9109 -0.4126
vn -0.0000 -0.9771 -0.2126
vn -0.0000 -1.0000 -0.0000
vn -0.0000 -0.9771 0.2126
vn -0.0000 -0.9109 0.4126
vn -0.0000 -0.8074 0.5900
vn -0.0000 -0.6748 0.7380
vn -0.0000 -0.5213 0.8534
vn -0.0000 -0.3541 0.9352
vn -0.0637 -0.3773 0.9239
vn -0.0000 -0.1789 0.9839
vn -0.0280 -0.2058 0.9782
vn -0.0000 -0.0000 1.0000
vn -0.0043 -0.0000 1.0000
vn -0.0000 0.1789 0.9839
vn -0.0280 0.2058 0.9782
vn -0.0000 0.3541 0.9352
vn -0.0637 0.3773 0.9239
vn -0.0000 0.5213 0.8534
vn -0.0000 0.6748 0.7380
vn -0.0000 0.8074 0.5900
vn -0.0000 0.9109 0.4126
vn 1.0000 -0.0000 -0.0000
vn -0.0000 0.9771 0.2126
vn -0.0000 -0.9239 0.3827
vn -0.0000 -0.8315 0.5556
vn -0.7403 0.6593 0.1311
vn -0.4999 0.8495 0.1690
vn -0.4999 0.8661 -0.0000
vn -0.7403 0.6722 -0.0000
vn -0.7403 0.6211 0.2573
vn -0.4999 0.8002 0.3314
vn -0.7403 0.5589 0.3735
vn -0.4999 0.7201 0.4812
vn -0.7403 0.4753 0.4753
vn -0.4999 0.6124 0.6124
vn -0.7403 0.3735 0.5589
vn -0.4999 0.4812 0.7201
vn -0.7403 0.2573 0.6211
vn -0.4999 0.3314 0.8002
vn -0.7403 0.1311 0.6593
vn -0.4999 0.1690 0.8495
vn -0.7403 -0.0000 0.6722
vn -0.4999 -0.0000 0.8661
vn -0.7403 -0.1311 0.6593
vn -0.4999 -0.1690 0.8495
vn -0.7403 -0.2573 0.6211
vn -0.4999 -0.3314 0.8002
vn -0.7403 -0.3735 0.5589
vn -0.4999 -0.4812 0.7201
vn -0.7403 -0.4753 0.4753
vn -0.4999 -0.6124 0.6124
vn -0.7403 -0.5589 0.3735
vn -0.4999 -0.7201 0.4812
vn -0.7403 -0.6211 0.2573
vn -0.4999 -0.8002 0.3314
vn -0.7403 -0.6593 0.1311
vn -0.4999 -0.8495 0.1690
vn -0.7403 -0.6722 -0.0000
vn -0.4999 -0.8661 -0.0000
vn -0.7403 -0.6593 -0.1311
vn -0.4999 -0.8495 -0.1690
vn -0.7403 -0.6211 -0.2573
vn -0.4999 -0.8002 -0.3314
vn -0.7403 -0.5589 -0.3735
vn -0.4999 -0.7201 -0.4812
vn -0.7403 -0.4753 -0.4753
vn -0.4999 -0.6124 -0.6124
vn -0.7403 -0.3735 -0.5589
vn -0.4999 -0.4812 -0.7201
vn -0.7403 -0.2573 -0.6211
vn -0.4999 -0.3314 -0.8002
vn -0.7403 -0.1311 -0.6593
vn -0.4999 -0.1690 -0.8495
vn -0.7403 -0.0000 -0.6722
vn -0.4999 -0.0000 -0.8661
vn -0.7403 0.1311 -0.6593
vn -0.4999 0.1690 -0.8495
vn -0.7403 0.2573 -0.6211
vn -0.4999 0.3314 -0.8002
vn -0.7403 0.3735 -0.5589
vn -0.4999 0.4812 -0.7201
vn -0.7403 0.4753 -0.4753
vn -0.4999 0.6124 -0.6124
vn -0.7403 0.5589 -0.3735
vn -0.4999 0.7201 -0.4812
vn -0.7403 0.6211 -0.2573
vn -0.4999 0.8002 -0.3314
vn -0.7403 0.6593 -0.1311
vn -0.4999 0.8495 -0.1690
vn -0.6595 0.7334 0.1650
vn -0.6635 0.7341 0.1446
vn -0.6768 0.7362 -0.0000
vn -0.6050 0.7202 0.3395
vn -0.6220 0.7249 0.2962
vn -0.5081 0.6825 0.5254
vn -0.5481 0.6999 0.4580
vn -0.3709 0.6013 0.7077
vn -0.4399 0.6456 0.6242
vn -0.2174 0.4681 0.8565
vn -0.3057 0.5499 0.7773
vn -0.0418 0.3450 0.9377
vn -0.0108 0.1631 0.9866
vn -0.0108 -0.1631 0.9866
vn -0.0418 -0.3450 0.9377
vn -0.2174 -0.4681 0.8565
vn -0.3057 -0.5499 0.7773
vn -0.3709 -0.6013 0.7077
vn -0.4399 -0.6456 0.6242
vn -0.5081 -0.6825 0.5254
vn -0.5481 -0.6999 0.4580
vn -0.6050 -0.7202 0.3395
vn -0.6220 -0.7249 0.2962
vn -0.6595 -0.7334 0.1650
vn -0.6635 -0.7341 0.1446
vn -0.6768 -0.7362 -0.0000
vn -0.6595 -0.7334 -0.1650
vn -0.6635 -0.7341 -0.1446
vn -0.6050 -0.7202 -0.3395
vn -0.6220 -0.7249 -0.2962
vn -0.5081 -0.6825 -0.5254
vn -0.5481 -0.6999 -0.4580
vn -0.3709 -0.6013 -0.7077
vn -0.4399 -0.6456 -0.6242
vn -0.2174 -0.4681 -0.8565
vn -0.3057 -0.5499 -0.7773
vn -0.0418 -0.3450 -0.9377
vn -0.0108 -0.1631 -0.9866
vn -0.0108 0.1631 -0.9866
vn -0.0418 0.3450 -0.9377
vn -0.2174 0.4681 -0.8565
vn -0.3057 0.5499 -0.7773
vn -0.3709 0.6013 -0.7077
vn -0.4399 0.6456 -0.6242
vn -0.5081 0.6825 -0.5254
vn -0.5481 0.6999 -0.4580
vn -0.6050 0.7202 -0.3395
vn -0.6220 0.7249 -0.2962
vn -0.6595 0.7334 -0.1650
vn -0.6635 0.7341 -0.1446
vn -0.0000 0.9808 -0.1951
vn -0.0000 0.9239 -0.3827
vn -0.0000 0.8315 -0.5556
vn -0.0000 0.7071 -0.7071
vn -0.0000 0.5556 -0.8315
vn -0.0000 0.3827 -0.9239
vn -0.0000 0.1951 -0.9808
vn -0.0000 -0.1951 -0.9808
vn -0.0000 -0.3827 -0.9239
vn -0.0000 -0.5556 -0.8315
vn -0.0000 -0.7071 -0.7071
vn -0.0000 -0.8315 -0.5556
vn -0.0000 -0.9239 -0.3827
vn -0.0000 -0.9808 -0.1951
vn -0.0000 -0.9808 0.1951
vn -0.0000 -0.7071 0.7071
vn -0.0000 -0.5556 0.8315
vn -0.0000 -0.3827 0.9239
vn -0.0000 -0.1951 0.9808
vn -0.0000 0.1951 0.9808
vn -0.0000 0.3827 0.9239
vn -0.0000 0.5556 0.8315
vn -0.0000 0.7071 0.7071
vn -0.0000 0.8315 0.5556
vn -0.0000 0.9239 0.3827
vn -0.0000 0.9808 0.1951
vn -1.0000 -0.0000 -0.0000
vt 1.000000 0.899472
vt 1.000000 1.000000
vt 0.968750 1.000000
vt 0.968750 0.899472
vt 0.937500 1.000000
vt 0.937500 0.899472
vt 0.906250 1.000000
vt 0.906250 0.899472
vt 0.875000 1.000000
vt 0.875000 0.899472
vt 0.843750 1.000000
vt 0.843750 0.899472
vt 0.812500 1.000000
vt 0.812500 0.899472
vt 0.781250 1.000000
vt 0.781250 0.899472
vt 0.750000 1.000000
vt 0.750000 0.899472
vt 0.718750 1.000000
vt 0.718750 0.899472
vt 0.687500 1.000000
vt 0.687500 0.899472
vt 0.656250 1.000000
vt 0.656250 0.899472
vt 0.625000 1.000000
vt 0.625000 0.899472
vt 0.593750 1.000000
vt 0.593750 0.899472
vt 0.562500 1.000000
vt 0.562500 0.899472
vt 0.531250 1.000000
vt 0.531250 0.899472
vt 0.500000 1.000000
vt 0.500000 0.899472
vt 0.468750 1.000000
vt 0.468750 0.899472
vt 0.437500 1.000000
vt 0.437500 0.899472
vt 0.406250 1.000000
vt 0.406250 0.899472
vt 0.375000 1.000000
vt 0.375000 0.899472
vt 0.343750 1.000000
vt 0.343750 0.899472
vt 0.312500 1.000000
vt 0.312500 0.899472
vt 0.281250 1.000000
vt 0.281250 0.899472
vt 0.250000 1.000000
vt 0.250000 0.899472
vt 0.218750 1.000000
vt 0.218750 0.899472
vt 0.187500 1.000000
vt 0.187500 0.899472
vt 0.156250 1.000000
vt 0.156250 0.899472
vt 0.125000 1.000000
vt 0.125000 0.899472
vt 0.093750 1.000000
vt 0.093750 0.899472
vt 0.062500 1.000000
vt 0.062500 0.899472
vt 0.296822 0.485388
vt 0.250000 0.490000
vt 0.203178 0.485388
vt 0.158156 0.471731
vt 0.116663 0.449553
vt 0.080294 0.419706
vt 0.050447 0.383337
vt 0.028269 0.341844
vt 0.014612 0.296822
vt 0.010000 0.250000
vt 0.014612 0.203178
vt 0.028269 0.158156
vt 0.050447 0.116663
vt 0.080294 0.080294
vt 0.116663 0.050447
vt 0.158156 0.028269
vt 0.203178 0.014612
vt 0.250000 0.010000
vt 0.296822 0.014612
vt 0.341844 0.028269
vt 0.383337 0.050447
vt 0.419706 0.080294
vt 0.449553 0.116663
vt 0.471731 0.158156
vt 0.485388 0.203178
vt 0.490000 0.250000
vt 0.485388 0.296822
vt 0.471731 0.341844
vt 0.449553 0.383337
vt 0.419706 0.419706
vt 0.383337 0.449553
vt 0.341844 0.471731
vt 0.031250 1.000000
vt 0.031250 0.899472
vt 0.000000 1.000000
vt 0.000000 0.899472
vt 0.827460 0.437005
vt 0.862455 0.418300
vt 0.031250 0.500000
vt 0.031250 0.506579
vt 0.000000 0.506579
vt 0.000000 0.500000
vt 0.062500 0.500000
vt 0.062500 0.506579
vt 0.093750 0.500000
vt 0.093750 0.506579
vt 0.125000 0.500000
vt 0.125000 0.506579
vt 0.156250 0.500000
vt 0.156250 0.506579
vt 0.187500 0.500000
vt 0.187500 0.506579
vt 0.218750 0.500000
vt 0.218750 0.506579
vt 0.250000 0.500000
vt 0.250000 0.506579
vt 0.281250 0.500000
vt 0.281250 0.506579
vt 0.312500 0.500000
vt 0.312500 0.506579
vt 0.343750 0.500000
vt 0.343750 0.506579
vt 0.375000 0.500000
vt 0.375000 0.506579
vt 0.406250 0.500000
vt 0.406250 0.506579
vt 0.437500 0.500000
vt 0.437500 0.506579
vt 0.468750 0.500000
vt 0.468750 0.506579
vt 0.500000 0.500000
vt 0.500000 0.506579
vt 0.531250 0.500000
vt 0.531250 0.506579
vt 0.562500 0.500000
vt 0.562500 0.506579
vt 0.593750 0.500000
vt 0.593750 0.506579
vt 0.625000 0.500000
vt 0.625000 0.506579
vt 0.656250 0.500000
vt 0.656250 0.506579
vt 0.687500 0.500000
vt 0.687500 0.506579
vt 0.718750 0.500000
vt 0.718750 0.506579
vt 0.750000 0.500000
vt 0.750000 0.506579
vt 0.781250 0.500000
vt 0.781250 0.506579
vt 0.812500 0.500000
vt 0.812500 0.506579
vt 0.843750 0.500000
vt 0.843750 0.506579
vt 0.875000 0.500000
vt 0.875000 0.506579
vt 0.906250 0.500000
vt 0.906250 0.506579
vt 0.937500 0.500000
vt 0.937500 0.506579
vt 0.968750 0.500000
vt 0.968750 0.506579
vt 1.000000 0.500000
vt 1.000000 0.506579
vt 0.031250 0.895964
vt 0.000000 0.895964
vt 0.062500 0.895964
vt 0.093750 0.895964
vt 0.125000 0.895964
vt 0.156250 0.895964
vt 0.187500 0.895964
vt 0.218750 0.895964
vt 0.250000 0.895964
vt 0.281250 0.895964
vt 0.312500 0.895964
vt 0.343750 0.895964
vt 0.375000 0.895964
vt 0.406250 0.895964
vt 0.437500 0.895964
vt 0.468750 0.895964
vt 0.500000 0.895964
vt 0.531250 0.895964
vt 0.562500 0.895964
vt 0.593750 0.895964
vt 0.625000 0.895964
vt 0.656250 0.895964
vt 0.687500 0.895964
vt 0.718750 0.895964
vt 0.750000 0.895964
vt 0.781250 0.895964
vt 0.812500 0.895964
vt 0.843750 0.895964
vt 0.875000 0.895964
vt 0.906250 0.895964
vt 0.937500 0.895964
vt 0.968750 0.895964
vt 1.000000 0.895964
vt 0.789489 0.448524
vt 0.750000 0.452413
vt 0.750000 0.490000
vt 0.796822 0.485388
vt 0.841844 0.471731
vt 0.883337 0.449553
vt 0.893128 0.393128
vt 0.919706 0.419706
vt 0.918300 0.362455
vt 0.949553 0.383337
vt 0.937005 0.327460
vt 0.971731 0.341844
vt 0.948524 0.289489
vt 0.985388 0.296822
vt 0.952413 0.250000
vt 0.990000 0.250000
vt 0.948524 0.210511
vt 0.985388 0.203178
vt 0.937005 0.172540
vt 0.971731 0.158156
vt 0.918300 0.137545
vt 0.949553 0.116663
vt 0.893128 0.106872
vt 0.919706 0.080294
vt 0.862455 0.081700
vt 0.883337 0.050447
vt 0.827460 0.062995
vt 0.841844 0.028269
vt 0.789489 0.051476
vt 0.796822 0.014612
vt 0.750000 0.047587
vt 0.750000 0.010000
vt 0.710511 0.051476
vt 0.703178 0.014612
vt 0.672540 0.062995
vt 0.658156 0.028269
vt 0.637545 0.081700
vt 0.616663 0.050447
vt 0.606872 0.106872
vt 0.580294 0.080294
vt 0.581699 0.137545
vt 0.550447 0.116663
vt 0.562995 0.172540
vt 0.528269 0.158156
vt 0.551476 0.210511
vt 0.514612 0.203178
vt 0.547587 0.250000
vt 0.510000 0.250000
vt 0.551476 0.289489
vt 0.514612 0.296822
vt 0.562995 0.327460
vt 0.528269 0.341844
vt 0.581700 0.362455
vt 0.550447 0.383337
vt 0.606872 0.393128
vt 0.580294 0.419706
vt 0.637545 0.418300
vt 0.616663 0.449553
vt 0.672540 0.437006
vt 0.658156 0.471731
vt 0.710511 0.448524
vt 0.703178 0.485388
s 1
usemtl Cycles_Red_&_Silver_Smart_Material.001
f 2438/3751/1002 2343/3752/1002 2345/3753/1003 2439/3754/1003
f 2439/3754/1003 2345/3753/1003 2347/3755/1004 2440/3756/1004
f 2440/3756/1004 2347/3755/1004 2349/3757/1005 2441/3758/1005
f 2441/3758/1005 2349/3757/1005 2351/3759/1006 2442/3760/1006
f 2442/3760/1006 2351/3759/1006 2353/3761/1007 2443/3762/1007
f 2443/3762/1007 2353/3761/1007 2355/3763/1008 2444/3764/1009
f 2444/3764/1009 2355/3763/1008 2357/3765/1010 2445/3766/1011
f 2445/3766/1011 2357/3765/1010 2359/3767/1012 2446/3768/1013
f 2446/3768/1013 2359/3767/1012 2361/3769/1014 2447/3770/1015
f 2447/3770/1015 2361/3769/1014 2363/3771/1016 2448/3772/1017
f 2448/3772/1017 2363/3771/1016 2365/3773/1018 2449/3774/1018
f 2449/3774/1018 2365/3773/1018 2367/3775/1019 2450/3776/1019
f 2450/3776/1019 2367/3775/1019 2369/3777/1020 2451/3778/1020
f 2451/3778/1020 2369/3777/1020 2371/3779/1021 2452/3780/1021
f 2452/3780/1021 2371/3779/1021 2373/3781/1022 2453/3782/1022
f 2453/3782/1022 2373/3781/1022 2375/3783/1023 2454/3784/1023
f 2454/3784/1023 2375/3783/1023 2377/3785/1024 2455/3786/1024
f 2455/3786/1024 2377/3785/1024 2379/3787/1025 2456/3788/1025
f 2456/3788/1025 2379/3787/1025 2381/3789/1026 2457/3790/1026
f 2457/3790/1026 2381/3789/1026 2383/3791/1027 2458/3792/1027
f 2458/3792/1027 2383/3791/1027 2385/3793/1028 2459/3794/1028
f 2459/3794/1028 2385/3793/1028 2387/3795/1029 2460/3796/1030
f 2460/3796/1030 2387/3795/1029 2389/3797/1031 2461/3798/1032
f 2461/3798/1032 2389/3797/1031 2391/3799/1033 2462/3800/1034
f 2462/3800/1034 2391/3799/1033 2393/3801/1035 2463/3802/1036
f 2463/3802/1036 2393/3801/1035 2395/3803/1037 2464/3804/1038
f 2464/3804/1038 2395/3803/1037 2397/3805/1039 2465/3806/1039
f 2465/3806/1039 2397/3805/1039 2399/3807/1040 2466/3808/1040
f 2466/3808/1040 2399/3807/1040 2401/3809/1041 2467/3810/1041
f 2467/3810/1041 2401/3809/1041 2403/3811/1042 2468/3812/1042
f 2345/3813/1043 2343/3814/1043 2405/3815/1043 2403/3816/1043 2401/3817/1043 2399/3818/1043 2397/3819/1043 2395/3820/1043 2393/3821/1043 2391/3822/1043 2389/3823/1043 2387/3824/1043 2385/3825/1043 2383/3826/1043 2381/3827/1043 2379/3828/1043 2377/3829/1043 2375/3830/1043 2373/3831/1043 2371/3832/1043 2369/3833/1043 2367/3834/1043 2365/3835/1043 2363/3836/1043 2361/3837/1043 2359/3838/1043 2357/3839/1043 2355/3840/1043 2353/3841/1043 2351/3842/1043 2349/3843/1043 2347/3844/1043
f 2468/3812/1042 2403/3811/1042 2405/3845/1044 2469/3846/1044
f 2469/3846/1044 2405/3845/1044 2343/3847/1002 2438/3848/1002
f 2346/3849/1045 2348/3850/1046 2537/3850/1046 2536/3849/1045
f 2533/3851/1047 2437/3852/1048 2406/3853/1049 2502/3854/1050
f 2532/3855/1051 2436/3856/1052 2437/3852/1048 2533/3851/1047
f 2531/3857/1053 2435/3858/1054 2436/3856/1052 2532/3855/1051
f 2530/3859/1055 2434/3860/1056 2435/3858/1054 2531/3857/1053
f 2529/3861/1057 2433/3862/1058 2434/3860/1056 2530/3859/1055
f 2528/3863/1059 2432/3864/1060 2433/3862/1058 2529/3861/1057
f 2527/3865/1061 2431/3866/1062 2432/3864/1060 2528/3863/1059
f 2526/3867/1063 2430/3868/1064 2431/3866/1062 2527/3865/1061
f 2525/3869/1065 2429/3870/1066 2430/3868/1064 2526/3867/1063
f 2524/3871/1067 2428/3872/1068 2429/3870/1066 2525/3869/1065
f 2523/3873/1069 2427/3874/1070 2428/3872/1068 2524/3871/1067
f 2522/3875/1071 2426/3876/1072 2427/3874/1070 2523/3873/1069
f 2521/3877/1073 2425/3878/1074 2426/3876/1072 2522/3875/1071
f 2520/3879/1075 2424/3880/1076 2425/3878/1074 2521/3877/1073
f 2519/3881/1077 2423/3882/1078 2424/3880/1076 2520/3879/1075
f 2518/3883/1079 2422/3884/1080 2423/3882/1078 2519/3881/1077
f 2517/3885/1081 2421/3886/1082 2422/3884/1080 2518/3883/1079
f 2516/3887/1083 2420/3888/1084 2421/3886/1082 2517/3885/1081
f 2515/3889/1085 2419/3890/1086 2420/3888/1084 2516/3887/1083
f 2514/3891/1087 2418/3892/1088 2419/3890/1086 2515/3889/1085
f 2513/3893/1089 2417/3894/1090 2418/3892/1088 2514/3891/1087
f 2512/3895/1091 2416/3896/1092 2417/3894/1090 2513/3893/1089
f 2511/3897/1093 2415/3898/1094 2416/3896/1092 2512/3895/1091
f 2510/3899/1095 2414/3900/1096 2415/3898/1094 2511/3897/1093
f 2509/3901/1097 2413/3902/1098 2414/3900/1096 2510/3899/1095
f 2508/3903/1099 2412/3904/1100 2413/3902/1098 2509/3901/1097
f 2507/3905/1101 2411/3906/1102 2412/3904/1100 2508/3903/1099
f 2506/3907/1103 2410/3908/1104 2411/3906/1102 2507/3905/1101
f 2505/3909/1105 2409/3910/1106 2410/3908/1104 2506/3907/1103
f 2504/3911/1107 2408/3912/1108 2409/3910/1106 2505/3909/1105
f 2503/3913/1109 2407/3914/1110 2408/3912/1108 2504/3911/1107
f 2502/3915/1050 2406/3916/1049 2407/3914/1110 2503/3913/1109
f 2500/3917/1111 2469/3846/1112 2438/3848/1113 2501/3918/1113
f 2499/3919/1114 2468/3812/1115 2469/3846/1112 2500/3917/1111
f 2498/3920/1116 2467/3810/1117 2468/3812/1115 2499/3919/1114
f 2497/3921/1118 2466/3808/1119 2467/3810/1117 2498/3920/1116
f 2496/3922/1120 2465/3806/1121 2466/3808/1119 2497/3921/1118
f 2495/3923/1122 2464/3804/1038 2465/3806/1121 2496/3922/1120
f 2494/3924/1123 2463/3802/1036 2464/3804/1038 2495/3923/1122
f 2493/3925/1034 2462/3800/1034 2463/3802/1036 2494/3924/1123
f 2492/3926/1124 2461/3798/1032 2462/3800/1034 2493/3925/1034
f 2491/3927/1125 2460/3796/1030 2461/3798/1032 2492/3926/1124
f 2490/3928/1126 2459/3794/1127 2460/3796/1030 2491/3927/1125
f 2489/3929/1128 2458/3792/1129 2459/3794/1127 2490/3928/1126
f 2488/3930/1130 2457/3790/1131 2458/3792/1129 2489/3929/1128
f 2487/3931/1132 2456/3788/1133 2457/3790/1131 2488/3930/1130
f 2486/3932/1134 2455/3786/1135 2456/3788/1133 2487/3931/1132
f 2485/3933/1136 2454/3784/1136 2455/3786/1135 2486/3932/1134
f 2484/3934/1137 2453/3782/1138 2454/3784/1136 2485/3933/1136
f 2483/3935/1139 2452/3780/1140 2453/3782/1138 2484/3934/1137
f 2482/3936/1141 2451/3778/1142 2452/3780/1140 2483/3935/1139
f 2481/3937/1143 2450/3776/1144 2451/3778/1142 2482/3936/1141
f 2480/3938/1145 2449/3774/1146 2450/3776/1144 2481/3937/1143
f 2479/3939/1147 2448/3772/1017 2449/3774/1146 2480/3938/1145
f 2478/3940/1148 2447/3770/1015 2448/3772/1017 2479/3939/1147
f 2477/3941/1013 2446/3768/1013 2447/3770/1015 2478/3940/1148
f 2476/3942/1149 2445/3766/1011 2446/3768/1013 2477/3941/1013
f 2475/3943/1150 2444/3764/1009 2445/3766/1011 2476/3942/1149
f 2474/3944/1151 2443/3762/1152 2444/3764/1009 2475/3943/1150
f 2473/3945/1153 2442/3760/1154 2443/3762/1152 2474/3944/1151
f 2472/3946/1155 2441/3758/1156 2442/3760/1154 2473/3945/1153
f 2471/3947/1157 2440/3756/1158 2441/3758/1156 2472/3946/1155
f 2470/3948/1159 2439/3754/1160 2440/3756/1158 2471/3947/1157
f 2501/3949/1113 2438/3751/1113 2439/3754/1160 2470/3948/1159
f 2406/3916/1002 2501/3949/1002 2470/3948/1161 2407/3914/1161
f 2407/3914/1161 2470/3948/1161 2471/3947/1162 2408/3912/1162
f 2408/3912/1162 2471/3947/1162 2472/3946/1163 2409/3910/1163
f 2409/3910/1163 2472/3946/1163 2473/3945/1164 2410/3908/1164
f 2410/3908/1164 2473/3945/1164 2474/3944/1165 2411/3906/1165
f 2411/3906/1165 2474/3944/1165 2475/3943/1150 2412/3904/1166
f 2412/3904/1166 2475/3943/1150 2476/3942/1149 2413/3902/1167
f 2413/3902/1167 2476/3942/1149 2477/3941/1013 2414/3900/1012
f 2414/3900/1012 2477/3941/1013 2478/3940/1148 2415/3898/1168
f 2415/3898/1168 2478/3940/1148 2479/3939/1147 2416/3896/1169
f 2416/3896/1169 2479/3939/1147 2480/3938/1170 2417/3894/1170
f 2417/3894/1170 2480/3938/1170 2481/3937/1171 2418/3892/1171
f 2418/3892/1171 2481/3937/1171 2482/3936/1172 2419/3890/1172
f 2419/3890/1172 2482/3936/1172 2483/3935/1173 2420/3888/1173
f 2420/3888/1173 2483/3935/1173 2484/3934/1174 2421/3886/1174
f 2421/3886/1174 2484/3934/1174 2485/3933/1023 2422/3884/1023
f 2422/3884/1023 2485/3933/1023 2486/3932/1175 2423/3882/1175
f 2423/3882/1175 2486/3932/1175 2487/3931/1045 2424/3880/1045
f 2424/3880/1045 2487/3931/1045 2488/3930/1046 2425/3878/1046
f 2425/3878/1046 2488/3930/1046 2489/3929/1176 2426/3876/1176
f 2426/3876/1176 2489/3929/1176 2490/3928/1177 2427/3874/1177
f 2427/3874/1177 2490/3928/1177 2491/3927/1125 2428/3872/1178
f 2428/3872/1178 2491/3927/1125 2492/3926/1124 2429/3870/1179
f 2429/3870/1179 2492/3926/1124 2493/3925/1034 2430/3868/1033
f 2430/3868/1033 2493/3925/1034 2494/3924/1123 2431/3866/1180
f 2431/3866/1180 2494/3924/1123 2495/3923/1122 2432/3864/1181
f 2432/3864/1181 2495/3923/1122 2496/3922/1182 2433/3862/1182
f 2433/3862/1182 2496/3922/1182 2497/3921/1183 2434/3860/1183
f 2434/3860/1183 2497/3921/1183 2498/3920/1184 2435/3858/1184
f 2435/3858/1184 2498/3920/1184 2499/3919/1185 2436/3856/1185
f 2436/3856/1185 2499/3919/1185 2500/3917/1186 2437/3852/1186
f 2437/3852/1186 2500/3917/1186 2501/3918/1002 2406/3853/1002
f 2344/3950/1187 2342/3951/1187 2502/3952/1050 2503/3953/1109
f 2346/3849/1187 2344/3950/1187 2503/3953/1109 2504/3954/1107
f 2348/3850/1187 2346/3849/1187 2504/3954/1107 2505/3955/1105
f 2350/3956/1187 2348/3850/1187 2505/3955/1105 2506/3957/1103
f 2352/3958/1187 2350/3956/1187 2506/3957/1103 2507/3959/1101
f 2354/3960/1187 2352/3958/1187 2507/3959/1101 2508/3961/1099
f 2356/3962/1187 2354/3960/1187 2508/3961/1099 2509/3963/1097
f 2358/3964/1187 2356/3962/1187 2509/3963/1097 2510/3965/1095
f 2360/3966/1187 2358/3964/1187 2510/3965/1095 2511/3967/1093
f 2362/3968/1187 2360/3966/1187 2511/3967/1093 2512/3969/1091
f 2364/3970/1187 2362/3968/1187 2512/3969/1091 2513/3971/1089
f 2366/3972/1187 2364/3970/1187 2513/3971/1089 2514/3973/1087
f 2368/3974/1187 2366/3972/1187 2514/3973/1087 2515/3975/1085
f 2370/3976/1187 2368/3974/1187 2515/3975/1085 2516/3977/1083
f 2372/3978/1187 2370/3976/1187 2516/3977/1083 2517/3979/1081
f 2374/3980/1187 2372/3978/1187 2517/3979/1081 2518/3981/1079
f 2376/3982/1187 2374/3980/1187 2518/3981/1079 2519/3983/1077
f 2378/3984/1187 2376/3982/1187 2519/3983/1077 2520/3985/1075
f 2380/3986/1187 2378/3984/1187 2520/3985/1075 2521/3987/1073
f 2382/3988/1187 2380/3986/1187 2521/3987/1073 2522/3989/1071
f 2384/3990/1187 2382/3988/1187 2522/3989/1071 2523/3991/1069
f 2386/3992/1187 2384/3990/1187 2523/3991/1069 2524/3993/1067
f 2388/3994/1187 2386/3992/1187 2524/3993/1067 2525/3995/1065
f 2390/3996/1187 2388/3994/1187 2525/3995/1065 2526/3997/1063
f 2392/3998/1187 2390/3996/1187 2526/3997/1063 2527/3999/1061
f 2394/4000/1187 2392/3998/1187 2527/3999/1061 2528/4001/1059
f 2396/4002/1187 2394/4000/1187 2528/4001/1059 2529/4003/1057
f 2398/4004/1187 2396/4002/1187 2529/4003/1057 2530/4005/1055
f 2400/4006/1187 2398/4004/1187 2530/4005/1055 2531/4007/1053
f 2402/4008/1187 2400/4006/1187 2531/4007/1053 2532/4009/1051
f 2404/4010/1187 2402/4008/1187 2532/4009/1051 2533/4011/1047
f 2342/3951/1187 2404/4010/1187 2533/4011/1047 2502/3952/1050
f 2400/4006/1172 2402/4008/1173 2564/4008/1173 2563/4006/1172
f 2374/3980/1002 2376/3982/1161 2551/3982/1161 2550/3980/1002
f 2348/3850/1046 2350/3956/1176 2538/3956/1176 2537/3850/1046
f 2402/4008/1173 2404/4010/1174 2565/4010/1174 2564/4008/1173
f 2376/3982/1161 2378/3984/1162 2552/3984/1162 2551/3982/1161
f 2350/3956/1176 2352/3958/1177 2539/3958/1177 2538/3956/1176
f 2404/4010/1174 2342/3951/1023 2534/3951/1023 2565/4010/1174
f 2378/3984/1162 2380/3986/1163 2553/3986/1163 2552/3984/1162
f 2352/3958/1177 2354/3960/1178 2540/3960/1178 2539/3958/1177
f 2380/3986/1163 2382/3988/1164 2554/3988/1164 2553/3986/1163
f 2354/3960/1178 2356/3962/1179 2541/3962/1179 2540/3960/1178
f 2382/3988/1164 2384/3990/1165 2555/3990/1165 2554/3988/1164
f 2356/3962/1179 2358/3964/1033 2542/3964/1033 2541/3962/1179
f 2384/3990/1165 2386/3992/1166 2556/3992/1166 2555/3990/1165
f 2358/3964/1033 2360/3966/1180 2543/3966/1180 2542/3964/1033
f 2386/3992/1166 2388/3994/1167 2557/3994/1167 2556/3992/1166
f 2360/3966/1180 2362/3968/1181 2544/3968/1181 2543/3966/1180
f 2388/3994/1167 2390/3996/1012 2558/3996/1012 2557/3994/1167
f 2362/3968/1181 2364/3970/1182 2545/3970/1182 2544/3968/1181
f 2390/3996/1012 2392/3998/1168 2559/3998/1168 2558/3996/1012
f 2364/3970/1182 2366/3972/1183 2546/3972/1183 2545/3970/1182
f 2392/3998/1168 2394/4000/1169 2560/4000/1169 2559/3998/1168
f 2366/3972/1183 2368/3974/1184 2547/3974/1184 2546/3972/1183
f 2394/4000/1169 2396/4002/1170 2561/4002/1170 2560/4000/1169
f 2368/3974/1184 2370/3976/1185 2548/3976/1185 2547/3974/1184
f 2342/3951/1023 2344/3950/1175 2535/3950/1175 2534/3951/1023
f 2396/4002/1170 2398/4004/1171 2562/4004/1171 2561/4002/1170
f 2370/3976/1185 2372/3978/1186 2549/3978/1186 2548/3976/1185
f 2344/3950/1175 2346/3849/1045 2536/3849/1045 2535/3950/1175
f 2398/4004/1171 2400/4006/1172 2563/4006/1172 2562/4004/1171
f 2372/3978/1186 2374/3980/1002 2550/3980/1002 2549/3978/1186
