# Blender v2.92.0 OBJ File: 'doppiettaBAKE.blend'
# www.blender.org
mtllib doppietta.mtl
o Cylinder.001
v -0.049936 0.545207 -0.966502
v -0.049936 0.558774 -3.766398
v -0.040423 0.546144 -0.966502
v -0.043070 0.559451 -3.766398
v -0.031275 0.548919 -0.966502
v -0.036467 0.561454 -3.766398
v -0.022844 0.553426 -0.966502
v -0.030382 0.564706 -3.766398
v -0.015454 0.559490 -0.966502
v -0.025048 0.569084 -3.766398
v -0.009390 0.566880 -0.966502
v -0.020671 0.574417 -3.766398
v -0.004884 0.575311 -0.966502
v -0.017418 0.580503 -3.766398
v -0.002109 0.584459 -0.966502
v -0.015415 0.587105 -3.766398
v -0.001172 0.593972 -0.966502
v -0.014739 0.593972 -3.766398
v -0.002109 0.603486 -0.966502
v -0.015415 0.600839 -3.766398
v -0.004884 0.612634 -0.966502
v -0.017418 0.607442 -3.766398
v -0.009390 0.621064 -0.966502
v -0.020671 0.613527 -3.766398
v -0.015454 0.628454 -0.966502
v -0.025048 0.618861 -3.766398
v -0.022844 0.634519 -0.966502
v -0.030382 0.623238 -3.766398
v -0.031275 0.639025 -0.966502
v -0.036467 0.626491 -3.766398
v -0.040423 0.641800 -0.966502
v -0.043070 0.628494 -3.766398
v -0.049936 0.642737 -0.966502
v -0.049936 0.629170 -3.766398
v -0.059450 0.641800 -0.966502
v -0.056803 0.628494 -3.766398
v -0.068598 0.639025 -0.966502
v -0.063406 0.626491 -3.766398
v -0.077029 0.634519 -0.966502
v -0.069491 0.623238 -3.766398
v -0.084418 0.628454 -0.966502
v -0.074825 0.618861 -3.766398
v -0.090483 0.621064 -0.966502
v -0.079202 0.613527 -3.766398
v -0.094989 0.612634 -0.966502
v -0.082455 0.607442 -3.766398
v -0.097764 0.603486 -0.966502
v -0.084458 0.600839 -3.766398
v -0.098701 0.593972 -0.966502
v -0.085134 0.593972 -3.766398
v -0.097764 0.584459 -0.966502
v -0.084458 0.587105 -3.766398
v -0.094989 0.575311 -0.966502
v -0.082455 0.580503 -3.766398
v -0.090483 0.566880 -0.966502
v -0.079202 0.574417 -3.766398
v -0.084418 0.559490 -0.966502
v -0.074825 0.569084 -3.766398
v -0.077029 0.553426 -0.966502
v -0.069491 0.564706 -3.766398
v -0.068598 0.548919 -0.966502
v -0.063406 0.561454 -3.766398
v -0.059450 0.546144 -0.966502
v -0.056803 0.559451 -3.766398
v -0.040423 0.546144 -3.766398
v -0.049936 0.545207 -3.766398
v -0.031275 0.548919 -3.766398
v -0.022844 0.553426 -3.766398
v -0.015454 0.559490 -3.766398
v -0.009390 0.566880 -3.766398
v -0.004884 0.575311 -3.766398
v -0.002109 0.584459 -3.766398
v -0.001172 0.593972 -3.766398
v -0.002109 0.603486 -3.766398
v -0.004884 0.612634 -3.766398
v -0.009390 0.621064 -3.766398
v -0.015454 0.628454 -3.766398
v -0.022844 0.634519 -3.766398
v -0.031275 0.639025 -3.766398
v -0.040423 0.641800 -3.766398
v -0.049936 0.642737 -3.766398
v -0.059450 0.641800 -3.766398
v -0.068598 0.639025 -3.766398
v -0.077029 0.634519 -3.766398
v -0.084418 0.628454 -3.766398
v -0.090483 0.621064 -3.766398
v -0.094989 0.612634 -3.766398
v -0.097764 0.603486 -3.766398
v -0.098701 0.593972 -3.766398
v -0.097764 0.584459 -3.766398
v -0.094989 0.575311 -3.766398
v -0.090483 0.566880 -3.766398
v -0.084418 0.559490 -3.766398
v -0.077029 0.553426 -3.766398
v -0.068598 0.548919 -3.766398
v -0.059450 0.546144 -3.766398
v -0.049936 0.558774 -0.966507
v -0.043070 0.559451 -0.966507
v -0.036467 0.561454 -0.966507
v -0.030382 0.564706 -0.966507
v -0.025048 0.569084 -0.966507
v -0.020671 0.574417 -0.966507
v -0.017418 0.580503 -0.966507
v -0.015415 0.587105 -0.966507
v -0.014739 0.593972 -0.966507
v -0.015415 0.600839 -0.966507
v -0.017418 0.607442 -0.966507
v -0.020671 0.613527 -0.966507
v -0.025048 0.618861 -0.966507
v -0.030382 0.623238 -0.966507
v -0.036467 0.626491 -0.966507
v -0.043070 0.628494 -0.966507
v -0.049936 0.629170 -0.966507
v -0.056803 0.628494 -0.966507
v -0.063406 0.626491 -0.966507
v -0.069491 0.623238 -0.966507
v -0.074825 0.618861 -0.966507
v -0.079202 0.613527 -0.966507
v -0.082455 0.607442 -0.966507
v -0.084458 0.600839 -0.966507
v -0.085134 0.593972 -0.966507
v -0.084458 0.587105 -0.966507
v -0.082455 0.580503 -0.966507
v -0.079202 0.574417 -0.966507
v -0.074825 0.569084 -0.966507
v -0.069491 0.564706 -0.966507
v -0.063406 0.561454 -0.966507
v -0.056803 0.559451 -0.966507
v 0.049948 0.545207 -0.966505
v 0.049948 0.558774 -3.766402
v 0.059462 0.546144 -0.966505
v 0.056815 0.559451 -3.766402
v 0.068610 0.548919 -0.966505
v 0.063418 0.561454 -3.766402
v 0.077041 0.553426 -0.966505
v 0.069503 0.564706 -3.766402
v 0.084430 0.559490 -0.966505
v 0.074837 0.569084 -3.766402
v 0.090495 0.566880 -0.966505
v 0.079214 0.574417 -3.766402
v 0.095001 0.575311 -0.966505
v 0.082467 0.580503 -3.766402
v 0.097776 0.584459 -0.966505
v 0.084470 0.587105 -3.766402
v 0.098713 0.593972 -0.966505
v 0.085146 0.593972 -3.766402
v 0.097776 0.603486 -0.966505
v 0.084470 0.600839 -3.766402
v 0.095001 0.612634 -0.966505
v 0.082467 0.607442 -3.766402
v 0.090495 0.621064 -0.966505
v 0.079214 0.613527 -3.766402
v 0.084430 0.628454 -0.966505
v 0.074837 0.618861 -3.766402
v 0.077041 0.634519 -0.966505
v 0.069503 0.623238 -3.766402
v 0.068610 0.639025 -0.966505
v 0.063418 0.626491 -3.766402
v 0.059462 0.641800 -0.966505
v 0.056815 0.628494 -3.766402
v 0.049948 0.642737 -0.966505
v 0.049948 0.629170 -3.766402
v 0.040435 0.641800 -0.966505
v 0.043082 0.628494 -3.766402
v 0.031287 0.639025 -0.966505
v 0.036479 0.626491 -3.766402
v 0.022856 0.634519 -0.966505
v 0.030393 0.623238 -3.766402
v 0.015466 0.628454 -0.966505
v 0.025060 0.618861 -3.766402
v 0.009402 0.621064 -0.966505
v 0.020682 0.613527 -3.766402
v 0.004895 0.612634 -0.966505
v 0.017430 0.607442 -3.766402
v 0.002120 0.603486 -0.966505
v 0.015427 0.600839 -3.766402
v 0.001183 0.593972 -0.966505
v 0.014751 0.593972 -3.766402
v 0.002120 0.584459 -0.966505
v 0.015427 0.587105 -3.766402
v 0.004895 0.575311 -0.966505
v 0.017430 0.580503 -3.766402
v 0.009402 0.566880 -0.966505
v 0.020682 0.574417 -3.766402
v 0.015466 0.559490 -0.966505
v 0.025060 0.569084 -3.766402
v 0.022856 0.553426 -0.966505
v 0.030394 0.564706 -3.766402
v 0.031287 0.548919 -0.966505
v 0.036479 0.561454 -3.766402
v 0.040435 0.546144 -0.966505
v 0.043082 0.559451 -3.766402
v 0.059462 0.546144 -3.766402
v 0.049948 0.545207 -3.766402
v 0.068610 0.548919 -3.766402
v 0.077041 0.553426 -3.766402
v 0.084430 0.559490 -3.766402
v 0.090495 0.566880 -3.766402
v 0.095001 0.575311 -3.766402
v 0.097776 0.584459 -3.766402
v 0.098713 0.593972 -3.766402
v 0.097776 0.603486 -3.766402
v 0.095001 0.612634 -3.766402
v 0.090495 0.621064 -3.766402
v 0.084430 0.628454 -3.766402
v 0.077041 0.634519 -3.766402
v 0.068610 0.639025 -3.766402
v 0.059462 0.641800 -3.766402
v 0.049948 0.642737 -3.766402
v 0.040435 0.641800 -3.766402
v 0.031287 0.639025 -3.766402
v 0.022856 0.634519 -3.766402
v 0.015466 0.628454 -3.766402
v 0.009402 0.621064 -3.766402
v 0.004895 0.612634 -3.766402
v 0.002120 0.603486 -3.766402
v 0.001183 0.593972 -3.766402
v 0.002120 0.584459 -3.766402
v 0.004895 0.575311 -3.766402
v 0.009402 0.566880 -3.766402
v 0.015466 0.559490 -3.766402
v 0.022856 0.553426 -3.766402
v 0.031287 0.548919 -3.766402
v 0.040435 0.546144 -3.766402
v 0.049121 0.558774 -0.966505
v 0.055988 0.559451 -0.966505
v 0.062591 0.561454 -0.966505
v 0.068676 0.564706 -0.966505
v 0.074010 0.569084 -0.966505
v 0.078387 0.574417 -0.966505
v 0.081640 0.580503 -0.966505
v 0.083643 0.587105 -0.966505
v 0.084319 0.593972 -0.966505
v 0.083643 0.600839 -0.966505
v 0.081640 0.607442 -0.966505
v 0.078387 0.613527 -0.966505
v 0.074010 0.618861 -0.966505
v 0.068676 0.623238 -0.966505
v 0.062591 0.626491 -0.966505
v 0.055988 0.628494 -0.966505
v 0.049121 0.629170 -0.966505
v 0.042255 0.628494 -0.966505
v 0.035652 0.626491 -0.966505
v 0.029567 0.623238 -0.966505
v 0.024233 0.618861 -0.966505
v 0.019856 0.613527 -0.966505
v 0.016603 0.607442 -0.966505
v 0.014600 0.600839 -0.966505
v 0.013924 0.593972 -0.966505
v 0.014600 0.587105 -0.966505
v 0.016603 0.580503 -0.966505
v 0.019856 0.574417 -0.966505
v 0.024233 0.569084 -0.966505
v 0.029567 0.564706 -0.966505
v 0.035652 0.561454 -0.966505
v 0.042255 0.559451 -0.966505
v -0.022166 0.554810 -0.961958
v -0.022166 0.633573 -0.961958
v -0.022166 0.554810 -3.766182
v -0.022166 0.633573 -3.766182
v 0.022166 0.554810 -0.961958
v 0.022166 0.633573 -0.961958
v 0.022166 0.554810 -3.766182
v 0.022166 0.633573 -3.766182
v -0.011304 0.594191 -0.961958
v -0.011304 0.594191 -3.766182
v 0.011304 0.594191 -3.766182
v 0.011304 0.594191 -0.961958
v -0.021113 0.617091 -0.961958
v -0.021113 0.617091 -3.766182
v 0.021113 0.617091 -3.766182
v 0.021113 0.617091 -0.961958
v -0.021113 0.571292 -3.766182
v 0.021113 0.571292 -3.766182
v 0.021113 0.571292 -0.961958
v -0.021113 0.571292 -0.961958
vt 0.226639 0.002000
vt 0.226639 1.000456
vt 0.223925 1.000456
vt 0.223925 0.002000
vt 0.221315 1.000456
vt 0.221315 0.002000
vt 0.218910 1.000456
vt 0.218910 0.002000
vt 0.216802 1.000456
vt 0.216802 0.002000
vt 0.256150 1.000455
vt 0.256150 0.002000
vt 0.258258 0.002000
vt 0.258258 1.000455
vt 0.260664 0.002000
vt 0.260664 1.000455
vt 0.263273 0.002000
vt 0.263273 1.000455
vt 0.265987 0.002000
vt 0.265987 1.000455
vt 0.268701 0.002000
vt 0.268701 1.000455
vt 0.271311 0.002000
vt 0.271311 1.000455
vt 0.273716 0.002000
vt 0.273716 1.000455
vt 0.275825 0.002000
vt 0.275825 1.000455
vt 0.197127 0.002000
vt 0.197127 1.000456
vt 0.195019 1.000456
vt 0.195019 0.002000
vt 0.192614 1.000456
vt 0.192614 0.002000
vt 0.190004 1.000456
vt 0.190004 0.002000
vt 0.187290 1.000456
vt 0.187290 0.002000
vt 0.184576 1.000456
vt 0.184576 0.002000
vt 0.181966 1.000456
vt 0.181966 0.002000
vt 0.179561 1.000456
vt 0.179561 0.002000
vt 0.177453 1.000456
vt 0.177453 0.002000
vt 0.157779 0.002000
vt 0.157779 1.000457
vt 0.155670 1.000456
vt 0.155670 0.002000
vt 0.153265 1.000456
vt 0.153265 0.002000
vt 0.150655 1.000456
vt 0.150656 0.002000
vt 0.147941 1.000456
vt 0.147941 0.002000
vt 0.145227 1.000456
vt 0.145227 0.002000
vt 0.142618 1.000456
vt 0.142618 0.002000
vt 0.140212 1.000456
vt 0.140212 0.002000
vt 0.138104 1.000457
vt 0.138104 0.002000
vt 0.236476 0.002000
vt 0.236476 1.000456
vt 0.234368 1.000456
vt 0.234368 0.002000
vt 0.231963 1.000456
vt 0.231963 0.002000
vt 0.398161 0.002000
vt 0.400045 0.002000
vt 0.400045 1.000455
vt 0.398161 1.000455
vt 0.229353 1.000456
vt 0.229353 0.002000
vt 0.436283 0.024656
vt 0.436591 0.027688
vt 0.433623 0.029237
vt 0.433196 0.025036
vt 0.437195 0.030567
vt 0.434459 0.033225
vt 0.438071 0.033180
vt 0.435673 0.036845
vt 0.439186 0.035427
vt 0.437219 0.039959
vt 0.440498 0.037223
vt 0.439036 0.042447
vt 0.441955 0.038498
vt 0.441055 0.044213
vt 0.443503 0.039203
vt 0.443199 0.045190
vt 0.445080 0.039311
vt 0.445384 0.045340
vt 0.446627 0.038818
vt 0.447528 0.044657
vt 0.448085 0.037743
vt 0.449547 0.043168
vt 0.449396 0.036127
vt 0.451364 0.040929
vt 0.450512 0.034033
vt 0.452909 0.038027
vt 0.451388 0.031540
vt 0.454124 0.034573
vt 0.451992 0.028745
vt 0.454960 0.030701
vt 0.452300 0.025755
vt 0.455386 0.026558
vt 0.452300 0.022684
vt 0.455386 0.022304
vt 0.451992 0.019652
vt 0.454960 0.018103
vt 0.451388 0.016774
vt 0.454124 0.014115
vt 0.450512 0.014161
vt 0.452909 0.010495
vt 0.449396 0.011913
vt 0.451364 0.007381
vt 0.448085 0.010117
vt 0.449547 0.004893
vt 0.446627 0.008842
vt 0.447528 0.003127
vt 0.445080 0.008137
vt 0.445384 0.002150
vt 0.443503 0.008029
vt 0.443199 0.002000
vt 0.441955 0.008522
vt 0.441055 0.002683
vt 0.440498 0.009597
vt 0.439036 0.004172
vt 0.439186 0.011213
vt 0.437219 0.006411
vt 0.438071 0.013307
vt 0.435673 0.009313
vt 0.437195 0.015800
vt 0.434459 0.012767
vt 0.436591 0.018595
vt 0.433623 0.016639
vt 0.436283 0.021586
vt 0.433196 0.020782
vt 0.345201 1.000454
vt 0.343242 1.000454
vt 0.343242 0.002000
vt 0.345201 0.002000
vt 0.396425 0.002000
vt 0.396425 1.000455
vt 0.347160 1.000454
vt 0.347160 0.002000
vt 0.394903 0.002000
vt 0.394903 1.000455
vt 0.349044 1.000454
vt 0.349044 0.002000
vt 0.353823 1.000454
vt 0.352301 1.000454
vt 0.352301 0.002000
vt 0.353823 0.002000
vt 0.350780 1.000454
vt 0.350780 0.002000
vt 0.355559 1.000454
vt 0.355559 0.002000
vt 0.375561 1.000454
vt 0.373602 1.000454
vt 0.373602 0.002000
vt 0.375561 0.002000
vt 0.352301 1.000455
vt 0.352301 0.002000
vt 0.357443 1.000454
vt 0.357443 0.002000
vt 0.377445 1.000454
vt 0.377445 0.002000
vt 0.368024 1.000454
vt 0.366502 1.000454
vt 0.366502 0.002000
vt 0.368024 0.002000
vt 0.359402 1.000454
vt 0.359402 0.002000
vt 0.379181 1.000454
vt 0.379181 0.002000
vt 0.369760 1.000454
vt 0.369760 0.002000
vt 0.361361 1.000454
vt 0.361361 0.002000
vt 0.380703 1.000454
vt 0.380703 0.002000
vt 0.371643 1.000454
vt 0.371643 0.002000
vt 0.363244 1.000454
vt 0.363244 0.002000
vt 0.407582 0.002000
vt 0.409104 0.002000
vt 0.409104 1.000455
vt 0.407582 1.000455
vt 0.364980 1.000454
vt 0.364981 0.002000
vt 0.405846 0.002000
vt 0.405846 1.000455
vt 0.366502 1.000454
vt 0.366502 0.002000
vt 0.403963 0.002000
vt 0.403963 1.000455
vt 0.339622 1.000454
vt 0.338101 1.000455
vt 0.338101 0.002000
vt 0.339622 0.002000
vt 0.402004 0.002000
vt 0.402004 1.000455
vt 0.341359 1.000454
vt 0.341358 0.002000
vt 0.433196 0.065644
vt 0.433623 0.061443
vt 0.434459 0.057455
vt 0.435673 0.053835
vt 0.437219 0.050721
vt 0.439036 0.048233
vt 0.441055 0.046467
vt 0.443199 0.045490
vt 0.445384 0.045340
vt 0.447528 0.046023
vt 0.449547 0.047512
vt 0.451364 0.049751
vt 0.452909 0.052653
vt 0.454124 0.056107
vt 0.454960 0.059979
vt 0.455386 0.064122
vt 0.455386 0.068376
vt 0.452300 0.067996
vt 0.452300 0.064926
vt 0.451992 0.061935
vt 0.451388 0.059140
vt 0.450512 0.056647
vt 0.449396 0.054553
vt 0.448085 0.052937
vt 0.446627 0.051862
vt 0.445080 0.051369
vt 0.443503 0.051477
vt 0.441955 0.052182
vt 0.440498 0.053457
vt 0.439186 0.055253
vt 0.438071 0.057501
vt 0.437195 0.060114
vt 0.436591 0.062992
vt 0.436283 0.066024
vt 0.454960 0.072577
vt 0.454124 0.076565
vt 0.452909 0.080185
vt 0.451364 0.083299
vt 0.449547 0.085787
vt 0.447528 0.087553
vt 0.445384 0.088530
vt 0.443199 0.088680
vt 0.441055 0.087997
vt 0.439036 0.086508
vt 0.437219 0.084269
vt 0.435673 0.081367
vt 0.434459 0.077914
vt 0.433623 0.074041
vt 0.433196 0.069898
vt 0.436283 0.069095
vt 0.436591 0.072085
vt 0.437195 0.074880
vt 0.438071 0.077373
vt 0.439186 0.079467
vt 0.440498 0.081083
vt 0.441955 0.082158
vt 0.443503 0.082651
vt 0.445080 0.082543
vt 0.446627 0.081838
vt 0.448085 0.080563
vt 0.449396 0.078767
vt 0.450512 0.076520
vt 0.451388 0.073907
vt 0.451992 0.071029
vt 0.246313 0.002000
vt 0.246313 1.000456
vt 0.243599 1.000456
vt 0.243599 0.002000
vt 0.240989 1.000456
vt 0.240989 0.002000
vt 0.238584 1.000456
vt 0.238584 0.002000
vt 0.236476 1.000456
vt 0.236476 0.002000
vt 0.275825 1.000455
vt 0.275825 0.002000
vt 0.277933 0.002000
vt 0.277933 1.000455
vt 0.280338 0.002000
vt 0.280338 1.000455
vt 0.282948 0.002000
vt 0.282948 1.000455
vt 0.285662 0.002000
vt 0.285662 1.000455
vt 0.288376 0.002000
vt 0.288376 1.000455
vt 0.290985 0.002000
vt 0.290985 1.000455
vt 0.293391 0.002000
vt 0.293391 1.000455
vt 0.295499 0.002000
vt 0.295499 1.000455
vt 0.216802 0.002000
vt 0.216802 1.000456
vt 0.214693 1.000456
vt 0.214693 0.002000
vt 0.212288 1.000456
vt 0.212288 0.002000
vt 0.209678 1.000456
vt 0.209679 0.002000
vt 0.206964 1.000456
vt 0.206964 0.002000
vt 0.204250 1.000456
vt 0.204250 0.002000
vt 0.201641 1.000456
vt 0.201641 0.002000
vt 0.199235 1.000456
vt 0.199235 0.002000
vt 0.197127 1.000456
vt 0.197127 0.002000
vt 0.177453 0.002000
vt 0.177453 1.000457
vt 0.175345 1.000456
vt 0.175345 0.002000
vt 0.172939 1.000456
vt 0.172940 0.002000
vt 0.170330 1.000456
vt 0.170330 0.002000
vt 0.167616 1.000456
vt 0.167616 0.002000
vt 0.164902 1.000456
vt 0.164902 0.002000
vt 0.162292 1.000456
vt 0.162292 0.002000
vt 0.159887 1.000456
vt 0.159887 0.002000
vt 0.157779 1.000457
vt 0.157779 0.002000
vt 0.256150 0.002000
vt 0.256150 1.000456
vt 0.254042 1.000456
vt 0.254042 0.002000
vt 0.251637 1.000456
vt 0.251637 0.002000
vt 0.322378 0.002000
vt 0.323900 0.002000
vt 0.323900 1.000455
vt 0.322378 1.000459
vt 0.249027 1.000456
vt 0.249027 0.002000
vt 0.436283 0.111336
vt 0.436591 0.114369
vt 0.433623 0.115918
vt 0.433196 0.111716
vt 0.437195 0.117247
vt 0.434459 0.119905
vt 0.438071 0.119860
vt 0.435673 0.123525
vt 0.439186 0.122107
vt 0.437219 0.126639
vt 0.440498 0.123903
vt 0.439036 0.129127
vt 0.441955 0.125178
vt 0.441055 0.130893
vt 0.443503 0.125883
vt 0.443199 0.131870
vt 0.445080 0.125991
vt 0.445384 0.132020
vt 0.446627 0.125498
vt 0.447528 0.131337
vt 0.448085 0.124423
vt 0.449547 0.129848
vt 0.449396 0.122808
vt 0.451364 0.127609
vt 0.450512 0.120713
vt 0.452909 0.124707
vt 0.451388 0.118220
vt 0.454124 0.121254
vt 0.451992 0.115425
vt 0.454960 0.117381
vt 0.452300 0.112435
vt 0.455386 0.113238
vt 0.452300 0.109364
vt 0.455386 0.108984
vt 0.451992 0.106332
vt 0.454960 0.104783
vt 0.451388 0.103454
vt 0.454124 0.100795
vt 0.450512 0.100841
vt 0.452909 0.097175
vt 0.449396 0.098593
vt 0.451364 0.094061
vt 0.448085 0.096797
vt 0.449547 0.091573
vt 0.446627 0.095522
vt 0.447528 0.089807
vt 0.445080 0.094817
vt 0.445384 0.088830
vt 0.443503 0.094709
vt 0.443199 0.088680
vt 0.441955 0.095202
vt 0.441055 0.089363
vt 0.440498 0.096277
vt 0.439036 0.090852
vt 0.439186 0.097893
vt 0.437219 0.093091
vt 0.438071 0.099987
vt 0.435673 0.095993
vt 0.437195 0.102480
vt 0.434459 0.099447
vt 0.436591 0.105276
vt 0.433623 0.103319
vt 0.436283 0.108266
vt 0.433196 0.107462
vt 0.336579 1.000456
vt 0.334843 1.000456
vt 0.334843 0.002000
vt 0.336579 0.002000
vt 0.320642 0.002004
vt 0.320642 1.000459
vt 0.304558 1.000461
vt 0.302599 1.000460
vt 0.302599 0.002004
vt 0.304558 0.002005
vt 0.338101 1.000456
vt 0.338101 0.002000
vt 0.318759 0.002004
vt 0.318759 1.000459
vt 0.306442 1.000463
vt 0.306442 0.002006
vt 0.297020 1.000457
vt 0.295499 1.000456
vt 0.295499 0.002000
vt 0.297020 0.002001
vt 0.316800 0.002004
vt 0.316800 1.000459
vt 0.308178 1.000463
vt 0.308178 0.002007
vt 0.298756 1.000458
vt 0.298756 0.002002
vt 0.314841 0.002004
vt 0.314841 1.000463
vt 0.309699 1.000464
vt 0.309699 0.002008
vt 0.300640 1.000459
vt 0.300640 0.002003
vt 0.312957 0.002008
vt 0.312957 1.000463
vt 0.393382 0.002000
vt 0.394903 0.002000
vt 0.394903 1.000455
vt 0.393382 1.000455
vt 0.311221 0.002008
vt 0.311221 1.000463
vt 0.391646 0.002000
vt 0.391646 1.000455
vt 0.309699 0.002008
vt 0.309699 1.000463
vt 0.389762 0.002000
vt 0.389762 1.000455
vt 0.325422 1.000456
vt 0.323900 1.000456
vt 0.323900 0.002000
vt 0.325422 0.002000
vt 0.387803 0.002000
vt 0.387803 1.000455
vt 0.327158 1.000456
vt 0.327158 0.002000
vt 0.385844 0.002000
vt 0.385844 1.000455
vt 0.329042 1.000456
vt 0.329041 0.002000
vt 0.383960 0.002000
vt 0.383960 1.000455
vt 0.331000 1.000456
vt 0.331000 0.002000
vt 0.382224 0.002000
vt 0.382224 1.000455
vt 0.332960 1.000456
vt 0.332960 0.002000
vt 0.380703 0.002000
vt 0.380703 1.000455
vt 0.433196 0.152325
vt 0.433623 0.148123
vt 0.434459 0.144136
vt 0.435673 0.140515
vt 0.437219 0.137401
vt 0.439036 0.134914
vt 0.441055 0.133147
vt 0.443199 0.132170
vt 0.445384 0.132020
vt 0.447528 0.132703
vt 0.449547 0.134193
vt 0.451364 0.136431
vt 0.452909 0.139333
vt 0.454124 0.142787
vt 0.454960 0.146660
vt 0.455386 0.150803
vt 0.455386 0.155056
vt 0.452281 0.155044
vt 0.452281 0.151973
vt 0.451973 0.148983
vt 0.451370 0.146188
vt 0.450493 0.143695
vt 0.449378 0.141601
vt 0.448066 0.139985
vt 0.446609 0.138910
vt 0.445062 0.138417
vt 0.443484 0.138525
vt 0.441937 0.139230
vt 0.440480 0.140505
vt 0.439168 0.142301
vt 0.438053 0.144548
vt 0.437176 0.147161
vt 0.436572 0.150039
vt 0.436265 0.153072
vt 0.454960 0.159258
vt 0.454124 0.163245
vt 0.452909 0.166865
vt 0.451364 0.169979
vt 0.449547 0.172467
vt 0.447528 0.174234
vt 0.445384 0.175211
vt 0.443199 0.175361
vt 0.441055 0.174678
vt 0.439036 0.173188
vt 0.437219 0.170950
vt 0.435673 0.168048
vt 0.434459 0.164594
vt 0.433623 0.160721
vt 0.433196 0.156578
vt 0.436265 0.156142
vt 0.436572 0.159133
vt 0.437176 0.161928
vt 0.438053 0.164421
vt 0.439168 0.166515
vt 0.440480 0.168131
vt 0.441937 0.169206
vt 0.443484 0.169699
vt 0.445062 0.169591
vt 0.446609 0.168886
vt 0.448066 0.167611
vt 0.449378 0.165815
vt 0.450493 0.163567
vt 0.451370 0.160954
vt 0.451973 0.158076
vt 0.118505 1.002000
vt 0.111972 1.002000
vt 0.111972 0.002000
vt 0.118505 0.002000
vt 0.445242 0.199859
vt 0.445242 0.208025
vt 0.433196 0.208025
vt 0.433196 0.199859
vt 0.092374 1.002000
vt 0.085841 1.002000
vt 0.085841 0.002000
vt 0.092374 0.002000
vt 0.445242 0.232524
vt 0.445242 0.240690
vt 0.433196 0.240690
vt 0.433196 0.232524
vt 0.421150 1.002000
vt 0.409104 1.002000
vt 0.409104 0.002000
vt 0.421150 0.002000
vt 0.433196 1.002000
vt 0.421150 1.002000
vt 0.421150 0.002000
vt 0.433196 0.002000
vt 0.445242 0.216191
vt 0.442444 0.224357
vt 0.435994 0.224357
vt 0.433196 0.216191
vt 0.105439 1.002000
vt 0.098906 1.002000
vt 0.098906 0.002000
vt 0.105439 0.002000
vt 0.445242 0.183527
vt 0.442444 0.191693
vt 0.435994 0.191693
vt 0.433196 0.183527
vt 0.131571 1.002000
vt 0.125038 1.002000
vt 0.125038 0.002000
vt 0.131571 0.002000
vt 0.138104 1.002000
vt 0.138104 0.002000
vt 0.445242 0.175360
vt 0.433196 0.175360
vt 0.111972 1.002000
vt 0.111972 0.002000
vt 0.445242 0.208025
vt 0.433196 0.208025
vn 0.0000 -0.7279 0.6857
vn 0.0000 -0.7279 -0.6857
vn 0.1420 -0.7139 -0.6857
vn 0.1418 -0.7139 0.6857
vn 0.2785 -0.6725 -0.6857
vn 0.2784 -0.6725 0.6857
vn 0.4044 -0.6052 -0.6857
vn 0.4042 -0.6052 0.6857
vn 0.5147 -0.5147 -0.6857
vn 0.5146 -0.5147 0.6858
vn 0.6052 -0.4044 -0.6857
vn 0.6051 -0.4044 0.6858
vn 0.6724 -0.2785 -0.6857
vn 0.6724 -0.2786 0.6858
vn 0.7139 -0.1420 -0.6857
vn 0.7138 -0.1420 0.6858
vn 0.7279 0.0000 -0.6857
vn 0.7278 0.0000 0.6858
vn 0.7139 0.1420 -0.6857
vn 0.7138 0.1420 0.6858
vn 0.6725 0.2785 -0.6857
vn 0.6724 0.2786 0.6858
vn 0.6052 0.4044 -0.6857
vn 0.6051 0.4044 0.6858
vn 0.5147 0.5147 -0.6857
vn 0.5146 0.5147 0.6858
vn 0.4044 0.6052 -0.6857
vn 0.4042 0.6052 0.6857
vn 0.2785 0.6725 -0.6857
vn 0.2784 0.6725 0.6857
vn 0.1420 0.7139 -0.6857
vn 0.1418 0.7139 0.6857
vn 0.0000 0.7279 -0.6857
vn 0.0000 0.7279 0.6857
vn -0.1420 0.7139 -0.6857
vn -0.1419 0.7139 0.6857
vn -0.2785 0.6725 -0.6857
vn -0.2784 0.6725 0.6857
vn -0.4044 0.6052 -0.6857
vn -0.4042 0.6052 0.6857
vn -0.5147 0.5147 -0.6857
vn -0.5146 0.5147 0.6857
vn -0.6052 0.4044 -0.6857
vn -0.6051 0.4044 0.6858
vn -0.6724 0.2785 -0.6857
vn -0.6724 0.2786 0.6858
vn -0.7139 0.1420 -0.6857
vn -0.7138 0.1420 0.6858
vn -0.7279 0.0000 -0.6857
vn -0.7278 0.0000 0.6858
vn -0.7139 -0.1420 -0.6857
vn -0.7138 -0.1420 0.6858
vn -0.6725 -0.2785 -0.6857
vn -0.6724 -0.2786 0.6858
vn -0.6052 -0.4044 -0.6857
vn -0.6051 -0.4044 0.6858
vn -0.5147 -0.5147 -0.6857
vn -0.5146 -0.5147 0.6858
vn -0.4044 -0.6052 -0.6857
vn -0.4042 -0.6052 0.6857
vn -0.2785 -0.6725 -0.6857
vn -0.2784 -0.6725 0.6857
vn -0.6316 -0.2616 -0.7298
vn -0.6705 -0.1333 -0.7298
vn -0.7140 -0.1420 0.6856
vn -0.6726 -0.2785 0.6856
vn -0.1420 -0.7139 -0.6857
vn -0.1419 -0.7139 0.6857
vn 0.0000 0.6836 -0.7298
vn -0.1333 0.6705 -0.7298
vn -0.2616 0.6316 -0.7298
vn -0.3798 0.5684 -0.7298
vn -0.4834 0.4834 -0.7299
vn -0.5684 0.3798 -0.7299
vn -0.6316 0.2616 -0.7298
vn -0.6705 0.1333 -0.7298
vn -0.6836 0.0000 -0.7298
vn -0.5684 -0.3798 -0.7299
vn -0.4834 -0.4834 -0.7299
vn -0.3798 -0.5684 -0.7299
vn -0.2616 -0.6316 -0.7298
vn -0.1334 -0.6705 -0.7298
vn 0.0000 -0.6836 -0.7298
vn 0.1334 -0.6705 -0.7298
vn 0.2616 -0.6316 -0.7298
vn 0.3798 -0.5684 -0.7298
vn 0.4834 -0.4834 -0.7299
vn 0.5684 -0.3798 -0.7299
vn 0.6316 -0.2616 -0.7298
vn 0.6705 -0.1333 -0.7298
vn 0.6836 0.0000 -0.7298
vn 0.6705 0.1334 -0.7298
vn 0.6316 0.2616 -0.7298
vn 0.5684 0.3798 -0.7299
vn 0.4834 0.4834 -0.7299
vn 0.3798 0.5684 -0.7298
vn 0.2616 0.6316 -0.7298
vn 0.1334 0.6705 -0.7298
vn 0.7140 -0.1420 0.6856
vn 0.7280 0.0000 0.6856
vn -0.6053 -0.4043 0.6856
vn 0.7140 0.1420 0.6856
vn -0.5148 -0.5146 0.6856
vn 0.6725 0.2785 0.6856
vn -0.4045 -0.6052 0.6856
vn 0.6053 0.4043 0.6856
vn -0.2787 -0.6724 0.6857
vn 0.0000 0.6836 0.7298
vn -0.1422 0.7139 0.6857
vn 0.5148 0.5146 0.6856
vn -0.1422 -0.7139 0.6857
vn -0.2787 0.6724 0.6857
vn 0.4045 0.6052 0.6856
vn 0.0000 -0.6836 0.7298
vn -0.4045 0.6052 0.6856
vn 0.2787 0.6724 0.6857
vn 0.1422 -0.7139 0.6857
vn -0.5148 0.5146 0.6856
vn 0.1422 0.7139 0.6857
vn 0.2787 -0.6724 0.6857
vn -0.6053 0.4043 0.6856
vn 0.4045 -0.6052 0.6856
vn -0.6726 0.2785 0.6856
vn 0.5148 -0.5146 0.6856
vn -0.7140 0.1420 0.6856
vn 0.6053 -0.4043 0.6856
vn -0.7280 0.0000 0.6856
vn 0.6725 -0.2785 0.6856
vn 0.1420 -0.7139 0.6857
vn 0.2785 -0.6725 0.6857
vn 0.4044 -0.6052 0.6857
vn 0.5147 -0.5147 0.6857
vn 0.6052 -0.4044 0.6857
vn 0.6725 -0.2785 -0.6857
vn 0.6725 -0.2785 0.6857
vn 0.7139 -0.1420 0.6857
vn 0.7279 0.0000 0.6857
vn 0.7139 0.1420 0.6857
vn 0.6725 0.2785 0.6857
vn 0.6052 0.4044 0.6857
vn 0.5147 0.5147 0.6857
vn 0.4044 0.6052 0.6857
vn 0.2785 0.6725 0.6857
vn 0.1420 0.7139 0.6857
vn -0.1420 0.7139 0.6857
vn -0.2785 0.6725 0.6857
vn -0.4044 0.6052 0.6857
vn -0.5147 0.5147 0.6857
vn -0.6052 0.4044 0.6857
vn -0.6725 0.2785 -0.6857
vn -0.6725 0.2785 0.6857
vn -0.7139 0.1420 0.6857
vn -0.7279 0.0000 0.6857
vn -0.7139 -0.1420 0.6857
vn -0.6724 -0.2785 -0.6857
vn -0.6725 -0.2785 0.6857
vn -0.6052 -0.4044 0.6857
vn -0.5147 -0.5147 0.6857
vn -0.4044 -0.6052 0.6857
vn -0.2785 -0.6725 0.6857
vn -0.3797 -0.5683 -0.7299
vn -0.4833 -0.4833 -0.7299
vn -0.5147 -0.5148 0.6856
vn -0.4044 -0.6052 0.6856
vn -0.1420 -0.7139 0.6857
vn -0.1334 0.6704 -0.7299
vn -0.2616 0.6315 -0.7299
vn -0.3797 0.5683 -0.7299
vn -0.4833 0.4833 -0.7299
vn -0.5683 0.3797 -0.7299
vn -0.6315 0.2615 -0.7299
vn -0.6703 0.1333 -0.7299
vn -0.6835 0.0000 -0.7299
vn -0.6704 -0.1333 -0.7299
vn -0.6315 -0.2615 -0.7299
vn -0.5683 -0.3797 -0.7299
vn -0.2616 -0.6315 -0.7299
vn -0.1334 -0.6704 -0.7299
vn 0.1333 -0.6705 -0.7298
vn 0.4834 -0.4834 -0.7298
vn 0.5684 -0.3798 -0.7298
vn 0.6706 -0.1334 -0.7297
vn 0.6837 0.0000 -0.7297
vn 0.6706 0.1334 -0.7297
vn 0.6316 0.2616 -0.7297
vn 0.5685 0.3798 -0.7298
vn 0.4834 0.4834 -0.7298
vn 0.6724 0.2785 0.6858
vn 0.6051 0.4043 0.6858
vn -0.2785 -0.6725 0.6856
vn 0.5146 0.5146 0.6858
vn -0.2785 0.6725 0.6856
vn 0.4044 0.6052 0.6858
vn -0.4044 0.6052 0.6856
vn 0.2785 0.6724 0.6857
vn -0.5147 0.5148 0.6856
vn 0.2785 -0.6724 0.6857
vn -0.6053 0.4044 0.6856
vn 0.4044 -0.6052 0.6858
vn -0.6726 0.2786 0.6856
vn 0.5146 -0.5146 0.6858
vn 0.6051 -0.4043 0.6858
vn 0.6724 -0.2785 0.6858
vn -0.6726 -0.2786 0.6856
vn -0.6053 -0.4044 0.6856
vn -0.7213 -0.1721 0.6708
vn -0.5972 0.5602 0.5741
vn -0.5971 0.5602 -0.5741
vn -0.7213 -0.1721 -0.6708
vn 0.5971 0.5602 -0.5741
vn 0.7213 -0.1721 -0.6708
vn 0.5972 0.5602 0.5741
vn 0.7213 -0.1721 0.6708
vn -0.5971 -0.5602 -0.5741
vn 0.5971 -0.5602 -0.5741
vn 0.5972 -0.5602 0.5741
vn -0.5972 -0.5602 0.5741
vn 0.7213 0.1721 0.6708
vn 0.5901 0.0000 0.8073
vn -0.5901 0.0000 0.8073
vn -0.7213 0.1721 0.6708
vn 0.7213 0.1721 -0.6708
vn 0.5901 0.0000 -0.8073
vn -0.7213 0.1721 -0.6708
vn -0.5901 0.0000 -0.8073
usemtl Material.001
s 1
f 1/1/1 66/2/2 65/3/3 3/4/4
f 3/4/4 65/3/3 67/5/5 5/6/6
f 5/6/6 67/5/5 68/7/7 7/8/8
f 7/8/8 68/7/7 69/9/9 9/10/10
f 9/11/10 69/12/9 70/13/11 11/14/12
f 11/14/12 70/13/11 71/15/13 13/16/14
f 13/16/14 71/15/13 72/17/15 15/18/16
f 15/18/16 72/17/15 73/19/17 17/20/18
f 17/20/18 73/19/17 74/21/19 19/22/20
f 19/22/20 74/21/19 75/23/21 21/24/22
f 21/24/22 75/23/21 76/25/23 23/26/24
f 23/26/24 76/25/23 77/27/25 25/28/26
f 25/29/26 77/30/25 78/31/27 27/32/28
f 27/32/28 78/31/27 79/33/29 29/34/30
f 29/34/30 79/33/29 80/35/31 31/36/32
f 31/36/32 80/35/31 81/37/33 33/38/34
f 33/38/34 81/37/33 82/39/35 35/40/36
f 35/40/36 82/39/35 83/41/37 37/42/38
f 37/42/38 83/41/37 84/43/39 39/44/40
f 39/44/40 84/43/39 85/45/41 41/46/42
f 41/47/42 85/48/41 86/49/43 43/50/44
f 43/50/44 86/49/43 87/51/45 45/52/46
f 45/52/46 87/51/45 88/53/47 47/54/48
f 47/54/48 88/53/47 89/55/49 49/56/50
f 49/56/50 89/55/49 90/57/51 51/58/52
f 51/58/52 90/57/51 91/59/53 53/60/54
f 53/60/54 91/59/53 92/61/55 55/62/56
f 55/62/56 92/61/55 93/63/57 57/64/58
f 57/65/58 93/66/57 94/67/59 59/68/60
f 59/68/60 94/67/59 95/69/61 61/70/62
f 22/71/63 20/72/64 106/73/65 107/74/66
f 61/70/62 95/69/61 96/75/67 63/76/68
f 63/76/68 96/75/67 66/2/2 1/1/1
f 2/77/69 4/78/70 65/79/3 66/80/2
f 4/78/70 6/81/71 67/82/5 65/79/3
f 6/81/71 8/83/72 68/84/7 67/82/5
f 8/83/72 10/85/73 69/86/9 68/84/7
f 10/85/73 12/87/74 70/88/11 69/86/9
f 12/87/74 14/89/75 71/90/13 70/88/11
f 14/89/75 16/91/76 72/92/15 71/90/13
f 16/91/76 18/93/77 73/94/17 72/92/15
f 18/93/77 20/95/64 74/96/19 73/94/17
f 20/95/64 22/97/63 75/98/21 74/96/19
f 22/97/63 24/99/78 76/100/23 75/98/21
f 24/99/78 26/101/79 77/102/25 76/100/23
f 26/101/79 28/103/80 78/104/27 77/102/25
f 28/103/80 30/105/81 79/106/29 78/104/27
f 30/105/81 32/107/82 80/108/31 79/106/29
f 32/107/82 34/109/83 81/110/33 80/108/31
f 34/109/83 36/111/84 82/112/35 81/110/33
f 36/111/84 38/113/85 83/114/37 82/112/35
f 38/113/85 40/115/86 84/116/39 83/114/37
f 40/115/86 42/117/87 85/118/41 84/116/39
f 42/117/87 44/119/88 86/120/43 85/118/41
f 44/119/88 46/121/89 87/122/45 86/120/43
f 46/121/89 48/123/90 88/124/47 87/122/45
f 48/123/90 50/125/91 89/126/49 88/124/47
f 50/125/91 52/127/92 90/128/51 89/126/49
f 52/127/92 54/129/93 91/130/53 90/128/51
f 54/129/93 56/131/94 92/132/55 91/130/53
f 56/131/94 58/133/95 93/134/57 92/132/55
f 58/133/95 60/135/96 94/136/59 93/134/57
f 60/135/96 62/137/97 95/138/61 94/136/59
f 62/137/97 64/139/98 96/140/67 95/138/61
f 64/139/98 2/77/69 66/80/2 96/140/67
f 50/141/91 48/142/90 120/143/99 121/144/100
f 24/145/78 22/71/63 107/74/66 108/146/101
f 52/147/92 50/141/91 121/144/100 122/148/102
f 26/149/79 24/145/78 108/146/101 109/150/103
f 54/151/93 52/147/92 122/148/102 123/152/104
f 28/153/80 26/154/79 109/155/103 110/156/105
f 56/157/94 54/151/93 123/152/104 124/158/106
f 30/159/81 28/153/80 110/156/105 111/160/107
f 4/161/70 2/162/69 97/163/108 98/164/109
f 58/165/95 56/157/94 124/158/106 125/166/110
f 32/167/82 30/159/81 111/160/107 112/168/111
f 6/169/71 4/161/70 98/164/109 99/170/112
f 60/171/96 58/172/95 125/173/110 126/174/113
f 34/175/83 32/167/82 112/168/111 113/176/114
f 8/177/72 6/169/71 99/170/112 100/178/115
f 62/179/97 60/171/96 126/174/113 127/180/116
f 36/181/84 34/175/83 113/176/114 114/182/117
f 10/183/73 8/177/72 100/178/115 101/184/118
f 64/185/98 62/179/97 127/180/116 128/186/119
f 38/187/85 36/181/84 114/182/117 115/188/120
f 12/189/74 10/190/73 101/191/118 102/192/121
f 2/162/69 64/185/98 128/186/119 97/163/108
f 40/193/86 38/187/85 115/188/120 116/194/122
f 14/195/75 12/189/74 102/192/121 103/196/123
f 42/197/87 40/193/86 116/194/122 117/198/124
f 16/199/76 14/195/75 103/196/123 104/200/125
f 44/201/88 42/202/87 117/203/124 118/204/126
f 18/205/77 16/199/76 104/200/125 105/206/127
f 46/207/89 44/201/88 118/204/126 119/208/128
f 20/72/64 18/205/77 105/206/127 106/73/65
f 48/142/90 46/207/89 119/208/128 120/143/99
f 1/209/1 3/210/4 5/211/6 7/212/8 9/213/10 11/214/12 13/215/14 15/216/16 17/217/18 19/218/20 21/219/22 23/220/24 25/221/26 27/222/28 29/223/30 31/224/32 33/225/34 113/226/114 112/227/111 111/228/107 110/229/105 109/230/103 108/231/101 107/232/66 106/233/65 105/234/127 104/235/125 103/236/123 102/237/121 101/238/118 100/239/115 99/240/112 98/241/109 97/242/108
f 33/225/34 35/243/36 37/244/38 39/245/40 41/246/42 43/247/44 45/248/46 47/249/48 49/250/50 51/251/52 53/252/54 55/253/56 57/254/58 59/255/60 61/256/62 63/257/68 1/209/1 97/242/108 128/258/119 127/259/116 126/260/113 125/261/110 124/262/106 123/263/104 122/264/102 121/265/100 120/266/99 119/267/128 118/268/126 117/269/124 116/270/122 115/271/120 114/272/117 113/226/114
f 129/273/1 194/274/2 193/275/3 131/276/129
f 131/276/129 193/275/3 195/277/5 133/278/130
f 133/278/130 195/277/5 196/279/7 135/280/131
f 135/280/131 196/279/7 197/281/9 137/282/132
f 137/283/132 197/284/9 198/285/11 139/286/133
f 139/286/133 198/285/11 199/287/134 141/288/135
f 141/288/135 199/287/134 200/289/15 143/290/136
f 143/290/136 200/289/15 201/291/17 145/292/137
f 145/292/137 201/291/17 202/293/19 147/294/138
f 147/294/138 202/293/19 203/295/21 149/296/139
f 149/296/139 203/295/21 204/297/23 151/298/140
f 151/298/140 204/297/23 205/299/25 153/300/141
f 153/301/141 205/302/25 206/303/27 155/304/142
f 155/304/142 206/303/27 207/305/29 157/306/143
f 157/306/143 207/305/29 208/307/31 159/308/144
f 159/308/144 208/307/31 209/309/33 161/310/34
f 161/310/34 209/309/33 210/311/35 163/312/145
f 163/312/145 210/311/35 211/313/37 165/314/146
f 165/314/146 211/313/37 212/315/39 167/316/147
f 167/316/147 212/315/39 213/317/41 169/318/148
f 169/319/148 213/320/41 214/321/43 171/322/149
f 171/322/149 214/321/43 215/323/150 173/324/151
f 173/324/151 215/323/150 216/325/47 175/326/152
f 175/326/152 216/325/47 217/327/49 177/328/153
f 177/328/153 217/327/49 218/329/51 179/330/154
f 179/330/154 218/329/51 219/331/155 181/332/156
f 181/332/156 219/331/155 220/333/55 183/334/157
f 183/334/157 220/333/55 221/335/57 185/336/158
f 185/337/158 221/338/57 222/339/59 187/340/159
f 187/340/159 222/339/59 223/341/61 189/342/160
f 156/343/161 154/344/162 237/345/163 238/346/164
f 189/342/160 223/341/61 224/347/67 191/348/165
f 191/348/165 224/347/67 194/274/2 129/273/1
f 130/349/69 132/350/166 193/351/3 194/352/2
f 132/350/166 134/353/167 195/354/5 193/351/3
f 134/353/167 136/355/168 196/356/7 195/354/5
f 136/355/168 138/357/169 197/358/9 196/356/7
f 138/357/169 140/359/170 198/360/11 197/358/9
f 140/359/170 142/361/171 199/362/134 198/360/11
f 142/361/171 144/363/172 200/364/15 199/362/134
f 144/363/172 146/365/173 201/366/17 200/364/15
f 146/365/173 148/367/174 202/368/19 201/366/17
f 148/367/174 150/369/175 203/370/21 202/368/19
f 150/369/175 152/371/176 204/372/23 203/370/21
f 152/371/176 154/373/162 205/374/25 204/372/23
f 154/373/162 156/375/161 206/376/27 205/374/25
f 156/375/161 158/377/177 207/378/29 206/376/27
f 158/377/177 160/379/178 208/380/31 207/378/29
f 160/379/178 162/381/83 209/382/33 208/380/31
f 162/381/83 164/383/179 210/384/35 209/382/33
f 164/383/179 166/385/85 211/386/37 210/384/35
f 166/385/85 168/387/86 212/388/39 211/386/37
f 168/387/86 170/389/180 213/390/41 212/388/39
f 170/389/180 172/391/181 214/392/43 213/390/41
f 172/391/181 174/393/89 215/394/150 214/392/43
f 174/393/89 176/395/182 216/396/47 215/394/150
f 176/395/182 178/397/183 217/398/49 216/396/47
f 178/397/183 180/399/184 218/400/51 217/398/49
f 180/399/184 182/401/185 219/402/155 218/400/51
f 182/401/185 184/403/186 220/404/55 219/402/155
f 184/403/186 186/405/187 221/406/57 220/404/55
f 186/405/187 188/407/96 222/408/59 221/406/57
f 188/407/96 190/409/97 223/410/61 222/408/59
f 190/409/97 192/411/98 224/412/67 223/410/61
f 192/411/98 130/349/69 194/352/2 224/412/67
f 184/413/186 182/414/185 251/415/188 252/416/189
f 158/417/177 156/343/161 238/346/164 239/418/190
f 132/419/166 130/420/69 225/421/108 226/422/145
f 186/423/187 184/413/186 252/416/189 253/424/191
f 160/425/178 158/417/177 239/418/190 240/426/165
f 134/427/167 132/419/166 226/422/145 227/428/192
f 188/429/96 186/430/187 253/431/191 254/432/193
f 162/433/83 160/425/178 240/426/165 241/434/114
f 136/435/168 134/427/167 227/428/192 228/436/194
f 190/437/97 188/429/96 254/432/193 255/438/195
f 164/439/179 162/433/83 241/434/114 242/440/129
f 138/441/169 136/435/168 228/436/194 229/442/196
f 192/443/98 190/437/97 255/438/195 256/444/144
f 166/445/85 164/439/179 242/440/129 243/446/197
f 140/447/170 138/448/169 229/449/196 230/450/198
f 130/420/69 192/443/98 256/444/144 225/421/108
f 168/451/86 166/445/85 243/446/197 244/452/199
f 142/453/171 140/447/170 230/450/198 231/454/200
f 170/455/180 168/451/86 244/452/199 245/456/201
f 144/457/172 142/453/171 231/454/200 232/458/125
f 172/459/181 170/460/180 245/461/201 246/462/202
f 146/463/173 144/457/172 232/458/125 233/464/127
f 174/465/89 172/459/181 246/462/202 247/466/203
f 148/467/174 146/463/173 233/464/127 234/468/65
f 176/469/182 174/465/89 247/466/203 248/470/16
f 150/471/175 148/467/174 234/468/65 235/472/204
f 178/473/183 176/469/182 248/470/16 249/474/18
f 152/475/176 150/471/175 235/472/204 236/476/205
f 180/477/184 178/473/183 249/474/18 250/478/20
f 154/479/162 152/475/176 236/476/205 237/480/163
f 182/414/185 180/477/184 250/478/20 251/415/188
f 129/481/1 131/482/129 133/483/130 135/484/131 137/485/132 139/486/133 141/487/135 143/488/136 145/489/137 147/490/138 149/491/139 151/492/140 153/493/141 155/494/142 157/495/143 159/496/144 161/497/34 241/498/114 240/499/165 239/500/190 238/501/164 237/502/163 236/503/205 235/504/204 234/505/65 233/506/127 232/507/125 231/508/200 230/509/198 229/510/196 228/511/194 227/512/192 226/513/145 225/514/108
f 161/497/34 163/515/145 165/516/146 167/517/147 169/518/148 171/519/149 173/520/151 175/521/152 177/522/153 179/523/154 181/524/156 183/525/157 185/526/158 187/527/159 189/528/160 191/529/165 129/481/1 225/514/108 256/530/144 255/531/195 254/532/193 253/533/191 252/534/189 251/535/188 250/536/20 249/537/18 248/538/16 247/539/203 246/540/202 245/541/201 244/542/199 243/543/197 242/544/129 241/498/114
f 269/545/206 258/546/207 260/547/208 270/548/209
f 270/549/209 260/550/208 264/551/210 271/552/211
f 271/553/211 264/554/210 262/555/212 272/556/213
f 272/557/213 262/558/212 258/559/207 269/560/206
f 259/561/214 263/562/215 261/563/216 257/564/217
f 264/565/210 260/566/208 258/567/207 262/568/212
f 275/569/218 268/570/219 265/571/220 276/572/221
f 274/573/222 267/574/223 268/575/219 275/576/218
f 273/577/224 266/578/225 267/579/223 274/580/222
f 276/581/221 265/582/220 266/583/225 273/584/224
f 268/570/219 272/557/213 269/560/206 265/571/220
f 267/574/223 271/553/211 272/556/213 268/575/219
f 266/578/225 270/549/209 271/552/211 267/579/223
f 265/582/220 269/545/206 270/548/209 266/583/225
f 257/585/217 276/581/221 273/584/224 259/586/214
f 259/587/214 273/577/224 274/580/222 263/588/215
f 263/589/215 274/573/222 275/576/218 261/590/216
f 261/591/216 275/569/218 276/572/221 257/592/217
o Cylinder.002
v -0.080870 0.501914 -1.187718
v 0.080687 0.501914 -1.187718
v -0.080870 0.500501 -1.187579
v 0.080687 0.500501 -1.187579
v -0.080870 0.499143 -1.187167
v 0.080687 0.499143 -1.187167
v -0.080870 0.497891 -1.186498
v 0.080687 0.497891 -1.186498
v -0.080870 0.496793 -1.185597
v 0.080687 0.496793 -1.185597
v -0.080870 0.495893 -1.184500
v 0.080687 0.495893 -1.184500
v -0.080870 0.495223 -1.183248
v 0.080687 0.495223 -1.183248
v -0.080870 0.494811 -1.181889
v 0.080687 0.494811 -1.181889
v -0.080870 0.494672 -1.180476
v 0.080687 0.494672 -1.180476
v -0.080870 0.494811 -1.179063
v 0.080687 0.494811 -1.179063
v -0.080870 0.495223 -1.177705
v 0.080687 0.495223 -1.177705
v -0.080870 0.495893 -1.176453
v 0.080687 0.495893 -1.176453
v -0.080870 0.496793 -1.175355
v 0.080687 0.496793 -1.175355
v -0.080870 0.497891 -1.174454
v 0.080687 0.497891 -1.174454
v -0.080870 0.499143 -1.173785
v 0.080687 0.499143 -1.173785
v -0.080870 0.500501 -1.173373
v 0.080687 0.500501 -1.173373
v -0.080870 0.501914 -1.173234
v 0.080687 0.501914 -1.173234
v -0.080870 0.503327 -1.173373
v 0.080687 0.503327 -1.173373
v -0.080870 0.504686 -1.173785
v 0.080687 0.504686 -1.173785
v -0.080870 0.505938 -1.174454
v 0.080687 0.505938 -1.174454
v -0.080870 0.507035 -1.175355
v 0.080687 0.507035 -1.175355
v -0.080870 0.507936 -1.176453
v 0.080687 0.507936 -1.176453
v -0.080870 0.508605 -1.177705
v 0.080687 0.508605 -1.177705
v -0.080870 0.509017 -1.179063
v 0.080687 0.509017 -1.179063
v -0.080870 0.509156 -1.180476
v 0.080687 0.509156 -1.180476
v -0.080870 0.509017 -1.181889
v 0.080687 0.509017 -1.181889
v -0.080870 0.508605 -1.183248
v 0.080687 0.508605 -1.183248
v -0.080870 0.507936 -1.184500
v 0.080687 0.507936 -1.184500
v -0.080870 0.507035 -1.185597
v 0.080687 0.507035 -1.185597
v -0.080870 0.505938 -1.186498
v 0.080687 0.505938 -1.186498
v -0.080870 0.504686 -1.187167
v 0.080687 0.504686 -1.187167
v -0.080870 0.503327 -1.187579
v 0.080687 0.503327 -1.187579
v 0.015305 0.559898 -0.559859
v 0.015305 0.535731 -0.565285
v 0.015305 0.548815 -0.531264
v 0.015305 0.526429 -0.536122
v -0.015305 0.559898 -0.559859
v -0.015305 0.535731 -0.565285
v -0.015305 0.548815 -0.531264
v -0.015305 0.526429 -0.536122
v 0.015305 0.554290 -0.545583
v 0.015305 0.553871 -0.565833
v 0.015305 0.531080 -0.550703
v 0.015305 0.542181 -0.529184
v -0.000000 0.548815 -0.531264
v -0.000000 0.526429 -0.536122
v -0.015305 0.542181 -0.529184
v -0.015305 0.554290 -0.545583
v -0.015305 0.531080 -0.550703
v -0.015305 0.553871 -0.565833
v -0.000000 0.559898 -0.559859
v -0.000000 0.535731 -0.565285
v -0.000000 0.531080 -0.550703
v -0.000000 0.554290 -0.545583
v -0.000000 0.553871 -0.565833
v -0.015305 0.548047 -0.547574
v -0.000000 0.542181 -0.529184
v 0.015305 0.548047 -0.547574
v 0.011533 0.512350 -0.491985
v -0.011533 0.512350 -0.491985
v 0.011533 0.525959 -0.487644
v -0.000000 0.512350 -0.491985
v -0.011533 0.525959 -0.487644
v -0.000000 0.525959 -0.487644
v 0.011533 0.545772 -0.596762
v -0.011533 0.545772 -0.596762
v 0.011533 0.559382 -0.592421
v -0.011533 0.559382 -0.592421
v -0.000000 0.545772 -0.596762
v -0.000000 0.559382 -0.592421
v 0.000000 0.530795 -0.493490
v -0.015305 0.530795 -0.493490
v -0.015305 0.514501 -0.498731
v -0.000000 0.514501 -0.498731
v 0.015305 0.530795 -0.493490
v 0.015305 0.514501 -0.498731
v 0.015305 0.560076 -0.585283
v 0.015305 0.543710 -0.590298
v -0.000000 0.543710 -0.590298
v -0.015305 0.543710 -0.590298
v -0.000000 0.560076 -0.585283
v -0.015305 0.560076 -0.585283
v 0.084729 0.521902 -0.899239
v 0.027088 0.619926 -0.884600
v -0.084730 0.521902 -0.899239
v -0.027089 0.619926 -0.884600
v -0.037600 0.429107 -0.866656
v 0.037600 0.429107 -0.866656
v 0.076833 0.567453 -0.870056
v -0.076833 0.567453 -0.870056
v 0.077760 0.479875 -0.898359
v -0.055319 0.604491 -0.874145
v 0.055319 0.604491 -0.874145
v 0.066456 0.454840 -0.866352
v -0.067289 0.454840 -0.866352
v -0.082366 0.500889 -0.903911
v 0.080781 0.544678 -0.879749
v 0.057070 0.443216 -0.860144
v 0.064664 0.586558 -0.867049
v -0.080782 0.544678 -0.879749
v 0.084729 0.524265 -0.940203
v -0.072221 0.467079 -0.882598
v 0.082366 0.500889 -0.903911
v -0.064664 0.586558 -0.867049
v 0.072220 0.467079 -0.882598
v -0.057070 0.443216 -0.860143
v 0.049032 0.625842 -0.923072
v -0.084730 0.524265 -0.940203
v -0.049032 0.625842 -0.923072
v -0.037600 0.431469 -0.907620
v 0.037600 0.431469 -0.907620
v 0.078909 0.576187 -0.922090
v -0.078909 0.576187 -0.922090
v -0.077761 0.482237 -0.939323
v 0.077760 0.482237 -0.939323
v -0.058521 0.615880 -0.917173
v 0.058520 0.617847 -0.917579
v 0.066456 0.457209 -0.907434
v -0.067289 0.457209 -0.907434
v -0.082338 0.503251 -0.944875
v 0.080781 0.559277 -0.939611
v 0.057070 0.445578 -0.901107
v 0.070798 0.597836 -0.914245
v -0.080782 0.559277 -0.935027
v -0.072221 0.469441 -0.923562
v 0.082337 0.503251 -0.944875
v -0.070799 0.599786 -0.914245
v 0.072220 0.469441 -0.923562
v -0.057070 0.445578 -0.901107
v 0.082102 0.530225 -1.208942
v -0.082103 0.530225 -1.208942
v -0.036434 0.455016 -1.200148
v 0.036434 0.455016 -1.200148
v -0.075350 0.492812 -1.214334
v 0.075349 0.492812 -1.214334
v 0.064531 0.474085 -1.210947
v -0.064531 0.474085 -1.210947
v -0.079785 0.509211 -1.214797
v 0.055300 0.465979 -1.207243
v -0.069982 0.482572 -1.212698
v 0.079784 0.509211 -1.214797
v 0.069981 0.482572 -1.212698
v -0.055301 0.465979 -1.207243
v -0.000000 0.559277 -0.932292
v -0.000000 0.541925 -1.195664
v 0.080781 0.549918 -0.948952
v -0.080782 0.549918 -0.948952
v -0.000000 0.549918 -0.941522
v 0.064593 0.543826 -0.966536
v -0.064593 0.543826 -0.966536
v -0.000000 0.543826 -0.966536
v -0.077761 0.479875 -0.898363
v -0.068138 0.591843 -0.893355
v -0.053262 0.611958 -0.898108
v -0.026072 0.627512 -0.903015
v -0.057677 0.443584 -0.880399
v 0.083243 0.501870 -0.924632
v 0.078588 0.480633 -0.919021
v -0.068001 0.455390 -0.886733
v -0.072989 0.467700 -0.903092
v 0.081641 0.552309 -0.909762
v 0.085631 0.523107 -0.919910
v -0.083243 0.501870 -0.924632
v 0.026072 0.627512 -0.903015
v -0.078700 0.572363 -0.898327
v 0.053262 0.611958 -0.898108
v 0.078700 0.572363 -0.898327
v 0.038000 0.430499 -0.886980
v 0.057677 0.443584 -0.880399
v 0.072989 0.467700 -0.903092
v 0.067168 0.455390 -0.886732
v 0.068138 0.591843 -0.893355
v -0.038000 0.430499 -0.886980
v -0.081641 0.552309 -0.909762
v -0.085632 0.523107 -0.919910
v -0.078588 0.480633 -0.919023
v 0.075060 0.545284 -1.141803
v 0.080788 0.534243 -1.205344
v 0.078203 0.545470 -1.195664
v 0.078070 0.539806 -1.182442
v -0.081094 0.534243 -1.205667
v -0.075060 0.545284 -1.141804
v -0.078241 0.545470 -1.195664
v -0.078071 0.539806 -1.182442
v -0.076018 0.545429 -0.968081
v -0.081630 0.537174 -0.957103
v -0.080204 0.548074 -0.957996
v -0.079116 0.543215 -0.965062
v 0.081629 0.537174 -0.957103
v 0.076018 0.545429 -0.968081
v 0.080203 0.548074 -0.957996
v 0.079116 0.543215 -0.965062
v -0.066420 0.589200 -0.880202
v -0.052835 0.608926 -0.884690
v -0.057374 0.443400 -0.870271
v 0.082804 0.501379 -0.914271
v -0.067645 0.455115 -0.876542
v 0.081211 0.548493 -0.894755
v -0.077767 0.569908 -0.884191
v 0.077766 0.569908 -0.884191
v 0.057373 0.443400 -0.870271
v 0.066812 0.455115 -0.876542
v 0.066420 0.589200 -0.880202
v -0.037800 0.429803 -0.876818
v -0.081211 0.548493 -0.894755
v -0.085181 0.522505 -0.909575
v -0.078175 0.480254 -0.908693
v -0.025199 0.622734 -0.891176
v 0.078174 0.480254 -0.908690
v -0.072605 0.467389 -0.892845
v 0.085180 0.522505 -0.909575
v -0.082805 0.501379 -0.914271
v 0.025199 0.622734 -0.891176
v 0.052834 0.608926 -0.884690
v 0.037800 0.429803 -0.876818
v 0.072605 0.467389 -0.892845
v 0.019150 0.627132 -0.966195
v -0.019158 0.627132 -0.966195
v 0.019150 0.633785 -0.965809
v -0.019158 0.633785 -0.965809
v -0.000004 0.633785 -0.965809
v -0.000004 0.627132 -0.966195
v 0.026111 0.631361 -0.944118
v -0.026115 0.631361 -0.944118
v 0.026142 0.633583 -0.943732
v -0.026146 0.633583 -0.943732
v -0.000002 0.633583 -0.953567
v -0.009581 0.633785 -0.965809
v -0.009581 0.627132 -0.966195
v -0.013074 0.633583 -0.953567
v 0.009573 0.633785 -0.965809
v 0.009573 0.627132 -0.966195
v 0.013070 0.633583 -0.953567
v -0.042928 0.631615 -0.928327
v -0.030817 0.633313 -0.936214
v 0.042926 0.631615 -0.928327
v 0.030815 0.633313 -0.936214
v -0.000001 0.633482 -0.945065
v -0.014820 0.633482 -0.945065
v 0.014818 0.633482 -0.945065
v -0.022330 0.626988 -0.913727
v 0.022330 0.626988 -0.913727
v 0.008283 0.626988 -0.923689
v -0.016566 0.626988 -0.923689
v 0.016566 0.626988 -0.923689
v -0.022577 0.629453 -0.913727
v -0.026506 0.633401 -0.917774
v -0.023478 0.633014 -0.915731
v 0.026506 0.633401 -0.917774
v 0.022576 0.629453 -0.913727
v 0.023478 0.633014 -0.915731
v -0.000000 0.632695 -0.926754
v -0.000000 0.633426 -0.934241
v -0.000000 0.633535 -0.928947
v -0.015945 0.633417 -0.929905
v -0.016566 0.632695 -0.922213
v -0.016384 0.633532 -0.924466
v 0.015944 0.633417 -0.929905
v 0.016566 0.632695 -0.922213
v 0.016384 0.633532 -0.924466
v -0.004793 0.633785 -0.965809
v -0.004793 0.627132 -0.966195
v -0.006538 0.633583 -0.953567
v -0.007411 0.633482 -0.945065
v -0.008283 0.626988 -0.923689
v -0.008283 0.632695 -0.926018
v -0.008192 0.633534 -0.928240
v -0.007973 0.633421 -0.933607
v 0.006534 0.633583 -0.953567
v 0.004784 0.633785 -0.965809
v 0.004784 0.627132 -0.966195
v 0.007409 0.633482 -0.945065
v -0.000000 0.626988 -0.923689
v 0.008283 0.632695 -0.926018
v 0.008192 0.633534 -0.928240
v 0.007972 0.633421 -0.933607
v 0.019834 0.563575 -0.933710
v 0.019834 0.623719 -0.933710
v 0.079978 0.563575 -0.933710
v 0.079978 0.623719 -0.933710
v 0.014769 0.558510 -0.966986
v 0.013075 0.593647 -0.926951
v 0.014769 0.628784 -0.966986
v 0.085043 0.558510 -0.966986
v 0.085043 0.628784 -0.966986
v 0.086736 0.593647 -0.926951
v 0.049906 0.556816 -0.926951
v 0.049906 0.630477 -0.926951
v 0.049906 0.643338 -0.966986
v 0.049906 0.543955 -0.966986
v 0.049906 0.593647 -0.911696
v 0.099597 0.593647 -0.966986
v 0.000215 0.593647 -0.966986
v 0.015182 0.558923 -0.946420
v 0.015182 0.611009 -0.929057
v 0.084630 0.628371 -0.946419
v 0.084630 0.576285 -0.929058
v 0.067268 0.558923 -0.929058
v 0.032544 0.628371 -0.929057
v 0.015182 0.576285 -0.929058
v 0.015182 0.628371 -0.946419
v 0.084630 0.558923 -0.946420
v 0.084630 0.611009 -0.929057
v 0.032544 0.558923 -0.929058
v 0.067268 0.628371 -0.929057
v 0.049906 0.640234 -0.940488
v 0.072128 0.638092 -0.966986
v 0.027683 0.638092 -0.966986
v 0.049906 0.547059 -0.940488
v 0.027683 0.549201 -0.966986
v 0.072128 0.549201 -0.966986
v 0.026612 0.593647 -0.917194
v 0.073199 0.593647 -0.917194
v 0.049906 0.570353 -0.917194
v 0.049906 0.616940 -0.917194
v 0.096493 0.593647 -0.940488
v 0.094351 0.571424 -0.966986
v 0.094351 0.615869 -0.966986
v 0.003319 0.593647 -0.940488
v 0.005461 0.571424 -0.966986
v 0.005461 0.615869 -0.966986
v 0.007378 0.614911 -0.942517
v 0.007378 0.572383 -0.942517
v 0.092434 0.572383 -0.942517
v 0.071170 0.614911 -0.921254
v 0.071170 0.572383 -0.921254
v 0.028642 0.572383 -0.921254
v 0.028642 0.551119 -0.942517
v 0.071170 0.636175 -0.942517
v 0.028642 0.636175 -0.942517
v 0.071170 0.551118 -0.942517
v 0.028642 0.614911 -0.921254
v 0.092434 0.614911 -0.942517
v -0.080020 0.563575 -0.933710
v -0.080020 0.623719 -0.933710
v -0.019877 0.563575 -0.933710
v -0.019877 0.623719 -0.933710
v -0.085085 0.558510 -0.966986
v -0.086779 0.593647 -0.926951
v -0.085085 0.628784 -0.966986
v -0.014812 0.558510 -0.966986
v -0.014811 0.628784 -0.966986
v -0.013118 0.593647 -0.926951
v -0.049948 0.556816 -0.926951
v -0.049948 0.630477 -0.926951
v -0.049948 0.643338 -0.966986
v -0.049948 0.543956 -0.966986
v -0.049948 0.593647 -0.911696
v -0.000257 0.593647 -0.966986
v -0.099640 0.593647 -0.966986
v -0.084673 0.558923 -0.946420
v -0.084672 0.611009 -0.929057
v -0.015224 0.628371 -0.946419
v -0.015224 0.576285 -0.929058
v -0.032586 0.558923 -0.929058
v -0.067311 0.628371 -0.929057
v -0.084672 0.576285 -0.929058
v -0.084673 0.628371 -0.946419
v -0.015224 0.558923 -0.946420
v -0.015224 0.611009 -0.929057
v -0.067310 0.558923 -0.929058
v -0.032586 0.628371 -0.929057
v -0.049948 0.640234 -0.940488
v -0.027726 0.638092 -0.966986
v -0.072171 0.638092 -0.966986
v -0.049948 0.547059 -0.940488
v -0.072171 0.549201 -0.966986
v -0.027726 0.549201 -0.966986
v -0.073242 0.593647 -0.917194
v -0.026655 0.593647 -0.917194
v -0.049948 0.570353 -0.917194
v -0.049948 0.616940 -0.917194
v -0.003361 0.593647 -0.940488
v -0.005503 0.571424 -0.966986
v -0.005503 0.615869 -0.966986
v -0.096536 0.593647 -0.940488
v -0.094394 0.571424 -0.966986
v -0.094394 0.615869 -0.966986
v -0.092477 0.614911 -0.942517
v -0.092477 0.572383 -0.942517
v -0.007420 0.572383 -0.942517
v -0.028684 0.614911 -0.921254
v -0.028685 0.572383 -0.921254
v -0.071212 0.572383 -0.921254
v -0.071213 0.551119 -0.942517
v -0.028684 0.636175 -0.942517
v -0.071213 0.636175 -0.942517
v -0.028684 0.551119 -0.942517
v -0.071212 0.614911 -0.921254
v -0.007420 0.614911 -0.942517
v 0.006958 0.425465 -0.833707
v 0.006958 0.411550 -0.833707
v 0.006958 0.425465 -0.799249
v 0.006958 0.415104 -0.804972
v -0.006958 0.425465 -0.833707
v -0.006958 0.411550 -0.833707
v -0.006958 0.425465 -0.799249
v -0.006958 0.415104 -0.804972
v 0.006958 0.419778 -0.849769
v 0.006958 0.407788 -0.842708
v -0.006958 0.419778 -0.849769
v -0.006958 0.407788 -0.842708
v 0.006958 0.410410 -0.860792
v 0.006958 0.398420 -0.853731
v -0.006958 0.410410 -0.860792
v -0.006958 0.398420 -0.853731
v 0.006958 0.397281 -0.871825
v 0.006958 0.388939 -0.860687
v -0.006958 0.397281 -0.871825
v -0.006958 0.388939 -0.860687
v 0.006958 0.382903 -0.878050
v 0.006958 0.381537 -0.864202
v -0.006958 0.382903 -0.878050
v -0.006958 0.381537 -0.864202
v 0.006958 0.351278 -0.878303
v 0.006958 0.353205 -0.864522
v -0.006958 0.351278 -0.878303
v -0.006958 0.353205 -0.864522
v 0.006958 0.335683 -0.873187
v 0.006958 0.341279 -0.860447
v -0.006958 0.335683 -0.873187
v -0.006958 0.341279 -0.860447
v 0.006958 0.322689 -0.863961
v 0.006958 0.332977 -0.854591
v -0.006958 0.322689 -0.863961
v -0.006958 0.332977 -0.854591
v 0.006958 0.306800 -0.843814
v 0.006958 0.319483 -0.838090
v -0.006958 0.306800 -0.843814
v -0.006958 0.319483 -0.838090
v 0.006958 0.296420 -0.820459
v 0.006958 0.310002 -0.817435
v -0.006958 0.296420 -0.820459
v -0.006958 0.310002 -0.817435
v 0.006958 0.290187 -0.795244
v 0.006958 0.304095 -0.794818
v -0.006958 0.290187 -0.795244
v -0.006958 0.304095 -0.794818
v 0.006958 0.290441 -0.736720
v 0.006958 0.303860 -0.740401
v -0.006958 0.290441 -0.736720
v -0.006958 0.303860 -0.740401
v 0.006958 0.294937 -0.709723
v 0.006958 0.308356 -0.713404
v -0.006958 0.294937 -0.709723
v -0.006958 0.308356 -0.713404
v 0.006958 0.302199 -0.687520
v 0.006958 0.313383 -0.695799
v -0.006958 0.302199 -0.687520
v -0.006958 0.313383 -0.695799
v 0.006958 0.310504 -0.671446
v 0.006958 0.321688 -0.679726
v -0.006958 0.310504 -0.671446
v -0.006958 0.321688 -0.679726
v 0.006958 0.332288 -0.645667
v 0.006958 0.339411 -0.657620
v -0.006958 0.332288 -0.645667
v -0.006958 0.339411 -0.657620
v 0.006958 0.360395 -0.628189
v 0.006958 0.371535 -0.636203
v -0.006958 0.360395 -0.628189
v -0.006958 0.371535 -0.636203
v 0.006958 0.375263 -0.612386
v 0.006958 0.384382 -0.622896
v -0.006958 0.375263 -0.612386
v -0.006958 0.384382 -0.622896
v 0.006958 0.377877 -0.609205
v 0.006958 0.391771 -0.609972
v -0.006958 0.377877 -0.609205
v -0.006958 0.391771 -0.609972
v 0.006958 0.377491 -0.572784
v 0.006958 0.391385 -0.573551
v -0.006958 0.377491 -0.572784
v -0.006958 0.391385 -0.573551
v 0.006958 0.373996 -0.557660
v 0.006958 0.387146 -0.553108
v -0.006958 0.373996 -0.557660
v -0.006958 0.387146 -0.553108
v 0.006958 0.358109 -0.507002
v 0.006958 0.369229 -0.502450
v -0.006958 0.358109 -0.507002
v -0.006958 0.369229 -0.502450
v 0.006958 0.342888 -0.469175
v 0.006958 0.350799 -0.462100
v -0.006958 0.342888 -0.469175
v -0.006958 0.350799 -0.462100
v 0.006958 0.321147 -0.434043
v 0.006958 0.326918 -0.427309
v -0.006958 0.321147 -0.434043
v -0.006958 0.326918 -0.427309
v 0.006958 0.290750 -0.400205
v 0.006958 0.293849 -0.389895
v -0.006958 0.290750 -0.400205
v -0.006958 0.293849 -0.389895
v 0.006958 0.242201 -0.367609
v 0.006958 0.247853 -0.358511
v -0.006958 0.242201 -0.367609
v -0.006958 0.247853 -0.358511
v 0.006958 0.196796 -0.351675
v 0.006958 0.201905 -0.338732
v -0.006958 0.196796 -0.351675
v -0.006958 0.201905 -0.338732
v -0.006958 0.354463 -0.648160
v -0.006958 0.346341 -0.636928
v 0.006958 0.346341 -0.636928
v 0.006958 0.354463 -0.648160
v 0.006958 0.374764 -0.638625
v -0.006958 0.374764 -0.638625
v -0.006958 0.372376 -0.652515
v 0.006958 0.372376 -0.652515
v 0.006958 0.394348 -0.645472
v -0.006958 0.394348 -0.645472
v -0.006958 0.386034 -0.656851
v 0.006958 0.386034 -0.656851
v 0.006958 0.404208 -0.656359
v -0.006958 0.404208 -0.656359
v -0.006958 0.389097 -0.662877
v 0.006958 0.389097 -0.662877
v 0.006958 0.405804 -0.671093
v -0.006958 0.405804 -0.671093
v -0.006958 0.389109 -0.671733
v 0.006958 0.389109 -0.671733
v 0.006958 0.414081 -0.737947
v -0.006958 0.414081 -0.737947
v -0.006958 0.389628 -0.718627
v 0.006958 0.389628 -0.707792
v -0.007156 0.405440 -0.751755
v -0.007156 0.451270 -0.752635
v -0.007156 0.413534 -0.762030
v -0.007156 0.456062 -0.761883
v 0.007156 0.405440 -0.751755
v 0.007156 0.451270 -0.752635
v 0.007156 0.413534 -0.762030
v 0.007156 0.456062 -0.761883
v -0.007156 0.396974 -0.737095
v -0.007156 0.434797 -0.729170
v 0.007156 0.396974 -0.737095
v 0.007156 0.434797 -0.729170
v -0.007156 0.385918 -0.721735
v -0.007156 0.399288 -0.707618
v 0.007156 0.385918 -0.721735
v 0.007156 0.399288 -0.707618
v -0.007156 0.378702 -0.715524
v -0.007156 0.382763 -0.700403
v 0.007156 0.378702 -0.715524
v 0.007156 0.382763 -0.700403
v -0.007156 0.361947 -0.712277
v -0.007156 0.362007 -0.697795
v 0.007156 0.361947 -0.712277
v 0.007156 0.362007 -0.697795
v -0.007156 0.341321 -0.714402
v -0.007156 0.338346 -0.702432
v 0.007156 0.341321 -0.714402
v 0.007156 0.338346 -0.702432
v -0.007156 0.331350 -0.718098
v -0.007156 0.326052 -0.709135
v 0.007156 0.331350 -0.718098
v 0.007156 0.326052 -0.709135
v -0.007156 0.324294 -0.724592
v -0.007156 0.318903 -0.717153
v 0.007156 0.324294 -0.724592
v 0.007156 0.318903 -0.717153
v -0.007156 0.369803 -0.713117
v 0.007156 0.369803 -0.713117
v 0.007156 0.371994 -0.698142
v -0.007156 0.371994 -0.698142
v 0.007156 0.352090 -0.712617
v -0.007156 0.352090 -0.712617
v -0.007156 0.351153 -0.698962
v 0.007156 0.351153 -0.698962
v -0.006958 0.267839 -0.381257
v 0.006958 0.267839 -0.381257
v 0.006958 0.271700 -0.370523
v -0.006958 0.271700 -0.370523
v 0.006958 0.418508 -0.833707
v 0.006958 0.420285 -0.800228
v -0.006958 0.420285 -0.800228
v -0.006958 0.418508 -0.833707
v 0.006958 0.413783 -0.846238
v -0.006958 0.413783 -0.846238
v 0.006958 0.404415 -0.857261
v -0.006958 0.404415 -0.857261
v 0.006958 0.393110 -0.866256
v -0.006958 0.393110 -0.866256
v 0.006958 0.382220 -0.871126
v -0.006958 0.382220 -0.871126
v 0.006958 0.352241 -0.871413
v -0.006958 0.352241 -0.871413
v 0.006958 0.338481 -0.866817
v -0.006958 0.338481 -0.866817
v 0.006958 0.327833 -0.859276
v -0.006958 0.327833 -0.859276
v 0.006958 0.313142 -0.840952
v -0.006958 0.313142 -0.840952
v 0.006958 0.303211 -0.818947
v -0.006958 0.303211 -0.818947
v 0.006958 0.297141 -0.795031
v -0.006958 0.297141 -0.795031
v 0.006958 0.297151 -0.738560
v -0.006958 0.297151 -0.738560
v 0.006958 0.301646 -0.711564
v -0.006958 0.301646 -0.711564
v 0.006958 0.307791 -0.691659
v -0.006958 0.307791 -0.691659
v 0.006958 0.316096 -0.675586
v -0.006958 0.316096 -0.675586
v 0.006958 0.335849 -0.651644
v -0.006958 0.335849 -0.651644
v 0.006958 0.365965 -0.632196
v -0.006958 0.365965 -0.632196
v 0.006958 0.379822 -0.617641
v -0.006958 0.379822 -0.617641
v 0.006958 0.384824 -0.609588
v -0.006958 0.384824 -0.609588
v 0.006958 0.384438 -0.573167
v -0.006958 0.384438 -0.573167
v 0.006958 0.380571 -0.555384
v -0.006958 0.380571 -0.555384
v 0.006958 0.363669 -0.504726
v -0.006958 0.363669 -0.504726
v 0.006958 0.346844 -0.465637
v -0.006958 0.346844 -0.465637
v 0.006958 0.324032 -0.430676
v -0.006958 0.324032 -0.430676
v 0.006958 0.292299 -0.395050
v -0.006958 0.292299 -0.395050
v 0.006958 0.245027 -0.363060
v -0.006958 0.245027 -0.363060
v 0.006958 0.199350 -0.345204
v -0.006958 0.199350 -0.345204
v 0.006958 0.350402 -0.642544
v -0.006958 0.350402 -0.642544
v -0.006958 0.269769 -0.375890
v 0.006958 0.269769 -0.375890
v -0.007156 0.320224 -0.728877
v -0.007156 0.314833 -0.724939
v 0.007156 0.320224 -0.728877
v 0.007156 0.314833 -0.724939
v -0.007156 0.429721 -0.771865
v -0.007156 0.458881 -0.772541
v 0.007156 0.429721 -0.771865
v 0.007156 0.458881 -0.772541
v 0.014534 0.620742 -0.880121
v -0.014534 0.620742 -0.880121
v 0.013761 0.632521 -0.880510
v -0.013761 0.632521 -0.880510
v 0.012497 0.620060 -0.862721
v -0.012497 0.620060 -0.862721
v 0.012497 0.631977 -0.863412
v -0.012497 0.631977 -0.863412
v 0.010285 0.618056 -0.837598
v -0.010285 0.618056 -0.837598
v 0.010285 0.629320 -0.838006
v -0.010285 0.629320 -0.838006
v 0.008482 0.613726 -0.812360
v -0.008482 0.613726 -0.812360
v 0.008482 0.625586 -0.812485
v -0.008482 0.625586 -0.812485
v 0.006430 0.606292 -0.776521
v -0.006430 0.606292 -0.776521
v 0.006430 0.619201 -0.776984
v -0.006430 0.619201 -0.776984
v 0.005779 0.602545 -0.760542
v -0.005779 0.602545 -0.760542
v 0.005422 0.616970 -0.760864
v -0.005422 0.616970 -0.760864
v 0.004507 0.597590 -0.743034
v -0.004507 0.597590 -0.743034
v 0.004507 0.617542 -0.743462
v -0.004507 0.617542 -0.743462
v 0.004438 0.593321 -0.728475
v -0.004438 0.593321 -0.728475
v 0.004438 0.625136 -0.729105
v -0.004438 0.625136 -0.729105
v 0.004517 0.587647 -0.707968
v -0.004517 0.587647 -0.707968
v 0.004517 0.633589 -0.708878
v -0.004517 0.633589 -0.708878
v 0.004509 0.584888 -0.688576
v -0.004509 0.584888 -0.688576
v 0.004509 0.639273 -0.689913
v -0.004509 0.639273 -0.689913
v 0.004509 0.586231 -0.674049
v -0.004509 0.586231 -0.674049
v 0.004509 0.640124 -0.675360
v -0.004509 0.640124 -0.675360
v 0.004509 0.591861 -0.661102
v -0.004509 0.591861 -0.661102
v 0.004509 0.636615 -0.661952
v -0.004509 0.636615 -0.661952
v 0.004548 0.599081 -0.651723
v -0.004548 0.599081 -0.651723
v 0.004548 0.629842 -0.652229
v -0.004548 0.629842 -0.652229
v 0.019383 0.620899 -0.884138
v -0.019311 0.620899 -0.884138
v 0.018354 0.632679 -0.884527
v -0.018282 0.632679 -0.884527
v 0.021994 0.620899 -0.888663
v -0.021922 0.620899 -0.888663
v 0.020827 0.632679 -0.889052
v -0.020755 0.632679 -0.889052
v 0.023212 0.620899 -0.893327
v -0.023140 0.620899 -0.893327
v 0.021979 0.632679 -0.893716
v -0.021908 0.632679 -0.893716
v 0.023648 0.620899 -0.898345
v -0.023576 0.620899 -0.898345
v 0.022392 0.632679 -0.898734
v -0.022321 0.632679 -0.898734
v 0.023648 0.620899 -0.908456
v -0.023576 0.620899 -0.908456
v 0.022392 0.632679 -0.908846
v -0.022321 0.632679 -0.908846
v 0.022606 0.620899 -0.913629
v -0.022911 0.620899 -0.913629
v 0.021406 0.632679 -0.914018
v -0.021312 0.632679 -0.914018
v 0.020381 0.620899 -0.918116
v -0.019953 0.620899 -0.918116
v 0.019299 0.632679 -0.918505
v -0.019227 0.632679 -0.918505
v 0.015521 0.620899 -0.922707
v -0.015449 0.620899 -0.922707
v 0.014697 0.632679 -0.923096
v -0.014625 0.632679 -0.923096
v 0.007542 0.620899 -0.925629
v -0.007470 0.620899 -0.925629
v 0.007143 0.632679 -0.926018
v -0.007071 0.632679 -0.926018
v 0.004548 0.609102 -0.646552
v -0.004548 0.609102 -0.646552
v 0.004548 0.619912 -0.646767
v -0.004548 0.619912 -0.646767
vt 0.569210 0.772515
vt 0.569210 0.793506
vt 0.567635 0.793506
vt 0.567635 0.772515
vt 0.565997 0.793506
vt 0.565997 0.772515
vt 0.564358 0.793506
vt 0.564358 0.772515
vt 0.562783 0.793506
vt 0.562783 0.772515
vt 0.561331 0.793507
vt 0.561331 0.772515
vt 0.560059 0.793508
vt 0.560059 0.772516
vt 0.573422 0.814507
vt 0.573422 0.793515
vt 0.574845 0.793515
vt 0.574845 0.814507
vt 0.576402 0.793515
vt 0.576402 0.814507
vt 0.578033 0.793515
vt 0.578033 0.814507
vt 0.579676 0.793515
vt 0.579676 0.814507
vt 0.581267 0.793515
vt 0.581267 0.814507
vt 0.582746 0.793515
vt 0.582746 0.814507
vt 0.584055 0.793515
vt 0.584055 0.814507
vt 0.571932 0.793508
vt 0.571932 0.814499
vt 0.570675 0.814499
vt 0.570675 0.793508
vt 0.569235 0.814499
vt 0.569235 0.793508
vt 0.567667 0.814499
vt 0.567667 0.793508
vt 0.566031 0.814499
vt 0.566031 0.793508
vt 0.564391 0.814499
vt 0.564391 0.793508
vt 0.562809 0.814499
vt 0.562809 0.793508
vt 0.561346 0.814499
vt 0.561346 0.793508
vt 0.560059 0.814499
vt 0.560059 0.793508
vt 0.573422 0.793504
vt 0.573422 0.772513
vt 0.574690 0.772518
vt 0.574690 0.793509
vt 0.576139 0.772521
vt 0.576139 0.793512
vt 0.577712 0.772523
vt 0.577712 0.793514
vt 0.579349 0.772524
vt 0.579349 0.793515
vt 0.580988 0.772523
vt 0.580988 0.793515
vt 0.582565 0.772521
vt 0.582565 0.793512
vt 0.584020 0.772518
vt 0.584020 0.793509
vt 0.585297 0.772513
vt 0.585297 0.793504
vt 0.586346 0.772507
vt 0.586346 0.793499
vt 0.560315 0.755806
vt 0.560819 0.753417
vt 0.561550 0.751260
vt 0.562481 0.749417
vt 0.563575 0.747960
vt 0.564791 0.746944
vt 0.566082 0.746408
vt 0.567399 0.746374
vt 0.568689 0.746841
vt 0.569906 0.747793
vt 0.571000 0.749193
vt 0.571931 0.750987
vt 0.572662 0.753106
vt 0.573166 0.755468
vt 0.573422 0.757983
vt 0.573422 0.760554
vt 0.573166 0.763083
vt 0.572662 0.765472
vt 0.571931 0.767629
vt 0.571000 0.769471
vt 0.569906 0.770929
vt 0.568689 0.771945
vt 0.567399 0.772480
vt 0.566082 0.772515
vt 0.564791 0.772047
vt 0.563575 0.771095
vt 0.562481 0.769695
vt 0.561550 0.767902
vt 0.560819 0.765783
vt 0.560315 0.763421
vt 0.560059 0.760906
vt 0.560059 0.758334
vt 0.571933 0.772516
vt 0.571933 0.793508
vt 0.570661 0.793507
vt 0.570661 0.772515
vt 0.586023 0.753364
vt 0.586527 0.755749
vt 0.586784 0.758276
vt 0.586784 0.760847
vt 0.586527 0.763365
vt 0.586023 0.765731
vt 0.585292 0.767856
vt 0.584362 0.769658
vt 0.583268 0.771067
vt 0.582052 0.772029
vt 0.580761 0.772507
vt 0.579445 0.772484
vt 0.578154 0.771959
vt 0.576939 0.770952
vt 0.575844 0.769504
vt 0.574914 0.767669
vt 0.574183 0.765517
vt 0.573679 0.763132
vt 0.573422 0.760606
vt 0.573422 0.758034
vt 0.573679 0.755516
vt 0.574183 0.753150
vt 0.574914 0.751025
vt 0.575844 0.749223
vt 0.576939 0.747814
vt 0.578154 0.746852
vt 0.579445 0.746374
vt 0.580761 0.746398
vt 0.582052 0.746923
vt 0.583268 0.747929
vt 0.584362 0.749377
vt 0.585292 0.751212
vt 0.503770 0.820892
vt 0.521338 0.830643
vt 0.521338 0.855682
vt 0.503770 0.852470
vt 0.826450 0.581192
vt 0.808836 0.587326
vt 0.811758 0.574829
vt 0.826459 0.569649
vt 0.808836 0.679955
vt 0.826450 0.670204
vt 0.826450 0.695175
vt 0.808836 0.711227
vt 0.623033 0.734444
vt 0.624305 0.734436
vt 0.624305 0.745171
vt 0.623346 0.745171
vt 1.078067 0.768127
vt 1.092743 0.768127
vt 1.092743 0.790962
vt 1.078067 0.790962
vt 0.624305 0.668709
vt 0.625578 0.668709
vt 0.625578 0.692909
vt 0.624305 0.692917
vt 0.623033 0.668709
vt 0.623033 0.692917
vt 0.623033 0.644508
vt 0.624305 0.644501
vt 0.625578 0.644501
vt 1.063392 0.768127
vt 1.063392 0.790962
vt 1.063392 0.745171
vt 1.078067 0.745171
vt 1.092743 0.745171
vt 1.078067 0.804001
vt 1.063392 0.804001
vt 1.092743 0.804001
vt 0.521338 0.762657
vt 0.503770 0.756142
vt 0.506685 0.746376
vt 0.521347 0.751549
vt 0.802094 0.682327
vt 0.801060 0.707664
vt 0.802983 0.657043
vt 0.808836 0.648460
vt 0.826450 0.645226
vt 0.084366 0.813393
vt 0.084366 0.800846
vt 0.099041 0.800846
vt 0.099041 0.813393
vt 0.069691 0.813393
vt 0.069691 0.800846
vt 0.148435 0.800709
vt 0.163112 0.800709
vt 0.163130 0.812859
vt 0.152071 0.812859
vt 0.497046 0.818520
vt 0.497932 0.843864
vt 0.496014 0.793121
vt 0.503770 0.789543
vt 0.521338 0.805611
vt 0.544983 0.812859
vt 0.544932 0.832619
vt 0.533514 0.832619
vt 0.533565 0.812859
vt 0.556400 0.812859
vt 0.556349 0.832619
vt 0.624305 0.582428
vt 0.623033 0.582436
vt 0.623346 0.571236
vt 0.624305 0.571228
vt 0.177787 0.800709
vt 0.174189 0.812859
vt 0.625578 0.582428
vt 0.625264 0.571228
vt 0.503770 0.913757
vt 0.521338 0.919884
vt 0.521347 0.931458
vt 0.506685 0.926285
vt 0.551534 0.800708
vt 0.551534 0.823169
vt 0.538685 0.823169
vt 0.538685 0.800708
vt 0.564382 0.800708
vt 0.564382 0.823169
vt 1.063392 0.835701
vt 1.078067 0.835701
vt 1.078067 0.848579
vt 1.067009 0.848579
vt 0.808836 0.744537
vt 0.826450 0.738014
vt 0.826459 0.749092
vt 0.811758 0.754272
vt 1.092743 0.835701
vt 1.089125 0.848579
vt 0.625578 0.734436
vt 0.625264 0.745171
vt 0.628623 0.793518
vt 0.643299 0.793518
vt 0.643299 0.851692
vt 0.628623 0.851692
vt 0.613947 0.793518
vt 0.613947 0.851692
vt 0.637102 0.149384
vt 0.653514 0.134918
vt 0.648860 0.167206
vt 0.640689 0.179169
vt 0.474062 0.453392
vt 0.452637 0.452008
vt 0.445901 0.416532
vt 0.472005 0.415453
vt 0.431363 0.435547
vt 0.428802 0.404694
vt 0.751376 0.127464
vt 0.774707 0.124897
vt 0.774973 0.156269
vt 0.751889 0.158806
vt 0.414989 0.421005
vt 0.418568 0.391153
vt 0.611121 0.540221
vt 0.598978 0.525087
vt 0.598813 0.492738
vt 0.610767 0.507779
vt 0.797134 0.106632
vt 0.797165 0.138199
vt 0.587152 0.494481
vt 0.587050 0.462520
vt 0.718967 0.125408
vt 0.714037 0.173927
vt 0.574649 0.432598
vt 0.587096 0.009092
vt 0.597969 0.016332
vt 0.768802 0.569649
vt 0.764066 0.564556
vt 0.739418 0.190372
vt 0.552515 0.414427
vt 0.529489 0.411828
vt 0.546359 0.000000
vt 0.569487 0.000798
vt 0.791989 0.568909
vt 0.606944 0.022938
vt 0.615332 0.032354
vt 0.862570 0.468977
vt 0.862439 0.498047
vt 0.849315 0.498023
vt 0.849144 0.460815
vt 0.855847 0.473821
vt 0.533803 0.812672
vt 0.534470 0.843457
vt 0.521347 0.843457
vt 0.522029 0.809408
vt 0.523051 0.780444
vt 0.532784 0.776870
vt 0.696321 0.117214
vt 0.694258 0.155056
vt 0.833731 0.030930
vt 0.848390 0.034855
vt 0.849135 0.066643
vt 0.833376 0.063290
vt 0.809698 0.076500
vt 0.809598 0.108379
vt 0.821555 0.045994
vt 0.821388 0.078262
vt 0.674843 0.118546
vt 0.670193 0.153023
vt 0.625742 0.536322
vt 0.626485 0.504457
vt 0.496651 0.445231
vt 0.491336 0.403558
vt 0.528978 0.443249
vt 0.552249 0.445876
vt 0.778126 0.055248
vt 0.831733 0.055248
vt 0.831450 0.091232
vt 0.778409 0.091232
vt 0.820543 0.553482
vt 0.809642 0.560677
vt 0.837952 0.537540
vt 0.829543 0.546913
vt 0.626485 0.048292
vt 0.849135 0.521671
vt 0.830627 0.597110
vt 0.779231 0.597110
vt 0.502620 0.386682
vt 0.505388 0.373767
vt 0.517050 0.380154
vt 0.855837 0.454056
vt 0.862570 0.440880
vt 0.849135 0.440855
vt 0.855869 0.407452
vt 0.861241 0.407462
vt 0.850498 0.407442
vt 0.574620 0.464237
vt 0.574132 0.480138
vt 0.573644 0.496039
vt 0.551508 0.477874
vt 0.551878 0.461875
vt 0.586598 0.510224
vt 0.809143 0.060795
vt 0.820966 0.030392
vt 0.778267 0.037624
vt 0.831592 0.037624
vt 0.528731 0.459262
vt 0.499457 0.469838
vt 0.475478 0.476047
vt 0.655621 0.113152
vt 0.676549 0.097355
vt 0.625609 0.552114
vt 0.610440 0.555724
vt 0.697740 0.094620
vt 0.833049 0.015465
vt 0.796645 0.090771
vt 0.848257 0.019104
vt 0.721780 0.100872
vt 0.751128 0.111488
vt 0.598390 0.540727
vt 0.774335 0.108940
vt 0.433463 0.457373
vt 0.419104 0.441236
vt 0.454340 0.473258
vt 0.641228 0.129215
vt 0.724951 0.183826
vt 0.727727 0.196716
vt 0.856326 0.000012
vt 0.862543 0.000023
vt 0.862460 0.095799
vt 0.614770 0.863274
vt 0.608754 0.837815
vt 0.610616 0.835145
vt 0.613117 0.849917
vt 0.614770 0.571227
vt 0.849977 0.095778
vt 0.850109 0.000000
vt 0.608754 0.571228
vt 0.607105 0.584606
vt 0.604609 0.599403
vt 0.602750 0.596718
vt 0.541635 0.005092
vt 0.749843 0.473221
vt 0.756149 0.533775
vt 0.755005 0.554813
vt 0.533739 0.035932
vt 0.532597 0.014840
vt 0.527449 0.096621
vt 0.509102 0.359655
vt 0.511230 0.365260
vt 0.733583 0.205215
vt 0.731450 0.210804
vt 0.608754 0.863918
vt 0.632111 0.215439
vt 0.642989 0.245132
vt 0.629213 0.250378
vt 0.627525 0.216785
vt 0.596270 0.802555
vt 0.596414 0.813213
vt 0.591909 0.813213
vt 0.592079 0.802555
vt 0.596367 0.783260
vt 0.592030 0.783260
vt 0.643692 0.117950
vt 0.659496 0.095116
vt 0.476894 0.498701
vt 0.456041 0.494507
vt 0.437329 0.475463
vt 0.750879 0.095516
vt 0.773964 0.092979
vt 0.421562 0.452535
vt 0.609760 0.571227
vt 0.597803 0.556367
vt 0.796155 0.074905
vt 0.586043 0.525968
vt 0.724594 0.076332
vt 0.699161 0.072025
vt 0.832365 0.000000
vt 0.848126 0.003353
vt 0.808588 0.045090
vt 0.820377 0.014790
vt 0.678255 0.076160
vt 0.625478 0.567905
vt 0.502264 0.494445
vt 0.528484 0.475275
vt 0.778409 0.020000
vt 0.831450 0.020000
vt 0.549513 0.768999
vt 0.550160 0.783991
vt 0.547919 0.786501
vt 0.543706 0.772787
vt 0.523840 0.759680
vt 0.531994 0.759680
vt 0.790465 0.652080
vt 0.794650 0.642755
vt 0.792366 0.663646
vt 0.789318 0.663646
vt 0.548185 0.821746
vt 0.547389 0.821746
vt 0.547389 0.800709
vt 0.548185 0.800708
vt 0.928514 0.334365
vt 0.949730 0.323056
vt 0.940947 0.338907
vt 0.933279 0.346675
vt 0.549380 0.821746
vt 0.548982 0.821746
vt 0.548982 0.800708
vt 0.549380 0.800708
vt 0.784224 0.652080
vt 0.786304 0.652080
vt 0.786270 0.663646
vt 0.784746 0.663646
vt 0.783970 0.644038
vt 0.786328 0.644038
vt 0.791044 0.644038
vt 0.796189 0.636135
vt 0.420860 0.325034
vt 0.410010 0.354773
vt 0.405437 0.353414
vt 0.407120 0.319743
vt 0.634903 0.189770
vt 0.629733 0.204174
vt 0.776575 0.636135
vt 0.781612 0.644038
vt 0.782144 0.652080
vt 0.778010 0.642755
vt 0.783222 0.663646
vt 0.780174 0.663646
vt 0.548583 0.821746
vt 0.548583 0.800708
vt 0.788686 0.644038
vt 0.788385 0.652080
vt 0.550574 0.821745
vt 0.549778 0.821746
vt 0.549778 0.800708
vt 0.550574 0.800708
vt 0.787794 0.663646
vt 0.783821 0.633185
vt 0.786356 0.633786
vt 0.412798 0.380513
vt 0.407640 0.366061
vt 0.524346 0.746374
vt 0.531485 0.746374
vt 0.552919 0.746372
vt 0.560059 0.746372
vt 0.558661 0.772614
vt 0.554318 0.772614
vt 0.558082 0.814999
vt 0.554896 0.814999
vt 0.540932 0.763142
vt 0.540288 0.778170
vt 0.534494 0.774393
vt 0.538696 0.760632
vt 0.788895 0.633185
vt 0.791442 0.629677
vt 0.099732 0.441260
vt 0.078569 0.429918
vt 0.083322 0.417579
vt 0.090978 0.425368
vt 0.543320 0.769531
vt 0.543684 0.786161
vt 0.628178 0.186493
vt 0.632263 0.171207
vt 0.632028 0.174496
vt 0.626485 0.195671
vt 0.556795 0.802041
vt 0.562175 0.802319
vt 0.562175 0.811647
vt 0.556854 0.811377
vt 0.781560 0.815668
vt 0.786902 0.816923
vt 0.786822 0.825594
vt 0.781624 0.824468
vt 0.552919 0.761017
vt 0.552554 0.777607
vt 0.410162 0.399118
vt 0.406088 0.383784
vt 0.404398 0.374581
vt 0.409927 0.395817
vt 0.538666 0.783442
vt 0.542078 0.791391
vt 0.543216 0.795710
vt 0.541643 0.800844
vt 0.551309 0.755802
vt 0.550873 0.746374
vt 0.552449 0.751492
vt 0.547888 0.763746
vt 0.781293 0.629677
vt 0.792251 0.815668
vt 0.792028 0.824468
vt 0.567555 0.802041
vt 0.567496 0.811377
vt 0.543684 0.746374
vt 0.110716 0.433086
vt 0.960732 0.331214
vt 0.552919 0.800709
vt 0.543684 0.772764
vt 0.541247 0.800844
vt 0.541247 0.812116
vt 0.540558 0.811837
vt 0.540558 0.800844
vt 0.541935 0.800844
vt 0.541935 0.811837
vt 0.534471 0.774416
vt 0.592347 0.764057
vt 0.592833 0.746372
vt 0.593522 0.746372
vt 0.594211 0.746372
vt 0.594899 0.746372
vt 0.595588 0.746372
vt 0.596061 0.764057
vt 0.777544 0.688693
vt 0.781279 0.713268
vt 0.769051 0.701765
vt 0.764586 0.678307
vt 0.505293 0.633265
vt 0.512802 0.607658
vt 0.517314 0.614536
vt 0.512842 0.637980
vt 0.777438 0.577244
vt 0.781232 0.591896
vt 0.769009 0.596654
vt 0.764499 0.587309
vt 0.525775 0.590401
vt 0.529565 0.602982
vt 0.777496 0.725893
vt 0.775487 0.732485
vt 0.762474 0.711832
vt 0.764546 0.708680
vt 0.525716 0.738781
vt 0.523695 0.746372
vt 0.510672 0.733025
vt 0.512753 0.728811
vt 0.505263 0.707455
vt 0.501376 0.671465
vt 0.510808 0.668844
vt 0.512817 0.698557
vt 0.757022 0.608750
vt 0.753142 0.644828
vt 0.747791 0.643407
vt 0.753058 0.604161
vt 0.757051 0.683074
vt 0.753090 0.685579
vt 0.777515 0.614368
vt 0.775591 0.650983
vt 0.762556 0.647400
vt 0.764561 0.617621
vt 0.525793 0.701727
vt 0.523868 0.665190
vt 0.549382 0.658007
vt 0.549352 0.696764
vt 0.525824 0.627535
vt 0.549364 0.596682
vt 0.549382 0.619228
vt 0.529517 0.724134
vt 0.549315 0.719275
vt 0.517273 0.719458
vt 0.800995 0.596645
vt 0.801030 0.619199
vt 0.801060 0.658027
vt 0.762424 0.583098
vt 0.501291 0.712057
vt 0.496014 0.672913
vt 0.549269 0.735489
vt 0.549199 0.744598
vt 0.801042 0.719460
vt 0.801012 0.735750
vt 0.800951 0.744958
vt 0.463761 0.562830
vt 0.465775 0.569401
vt 0.452802 0.586658
vt 0.450724 0.583525
vt 0.489269 0.550226
vt 0.489332 0.559420
vt 0.549332 0.580420
vt 0.775424 0.569648
vt 0.800882 0.571272
vt 0.800951 0.580401
vt 0.501323 0.630785
vt 0.510724 0.604525
vt 0.801060 0.696873
vt 0.617926 0.895068
vt 0.616669 0.879525
vt 0.615642 0.857940
vt 0.614770 0.820770
vt 0.614770 0.783576
vt 0.615290 0.761946
vt 0.616181 0.746341
vt 0.617926 0.737510
vt 0.619876 0.746234
vt 0.621133 0.761777
vt 0.622160 0.783362
vt 0.623032 0.820531
vt 0.623032 0.857726
vt 0.622512 0.879356
vt 0.621621 0.894961
vt 0.619876 0.903792
vt 0.777544 0.864003
vt 0.781279 0.888579
vt 0.769051 0.877076
vt 0.764586 0.853617
vt 0.558661 0.633265
vt 0.566170 0.607658
vt 0.570682 0.614536
vt 0.566209 0.637980
vt 0.777438 0.752554
vt 0.781232 0.767207
vt 0.769009 0.771965
vt 0.764499 0.762620
vt 0.579143 0.590401
vt 0.582933 0.602982
vt 0.785116 0.909140
vt 0.783106 0.915732
vt 0.770094 0.895080
vt 0.772166 0.891928
vt 0.579083 0.738781
vt 0.577063 0.746372
vt 0.564040 0.733025
vt 0.566121 0.728811
vt 0.558630 0.707455
vt 0.554744 0.671465
vt 0.564175 0.668844
vt 0.566185 0.698557
vt 0.757022 0.784060
vt 0.753142 0.820139
vt 0.747791 0.818718
vt 0.753058 0.779471
vt 0.757051 0.858384
vt 0.764546 0.883991
vt 0.762474 0.887143
vt 0.753090 0.860889
vt 0.777515 0.789679
vt 0.775591 0.826294
vt 0.762556 0.822710
vt 0.764561 0.792931
vt 0.579161 0.701727
vt 0.577235 0.665190
vt 0.602750 0.658007
vt 0.602719 0.696764
vt 0.579192 0.627535
vt 0.602731 0.596682
vt 0.602750 0.619228
vt 0.582884 0.724134
vt 0.602682 0.719275
vt 0.570641 0.719458
vt 0.800995 0.771956
vt 0.801030 0.794509
vt 0.801060 0.833337
vt 0.762424 0.758409
vt 0.554659 0.712057
vt 0.549382 0.672913
vt 0.602637 0.735489
vt 0.602567 0.744598
vt 0.777496 0.901203
vt 0.801042 0.894770
vt 0.801012 0.911061
vt 0.808631 0.918998
vt 0.808570 0.928205
vt 0.784761 0.902104
vt 0.786775 0.908674
vt 0.773802 0.925932
vt 0.771724 0.922798
vt 0.789315 0.894262
vt 0.789378 0.903456
vt 0.765821 0.913437
vt 0.763807 0.906866
vt 0.602699 0.580420
vt 0.775424 0.744958
vt 0.800882 0.746582
vt 0.800951 0.755711
vt 0.554691 0.630785
vt 0.564092 0.604525
vt 0.801060 0.872184
vt 0.617926 0.728785
vt 0.616669 0.713242
vt 0.615642 0.691657
vt 0.614770 0.654487
vt 0.614770 0.617293
vt 0.615290 0.595663
vt 0.616181 0.580058
vt 0.617926 0.571227
vt 0.619876 0.579951
vt 0.621133 0.595494
vt 0.622160 0.617079
vt 0.623033 0.654248
vt 0.623033 0.691443
vt 0.622512 0.713073
vt 0.621621 0.728678
vt 0.619876 0.737509
vt 0.280877 0.042320
vt 0.288025 0.047070
vt 0.278159 0.087471
vt 0.271809 0.091003
vt 0.602230 0.746372
vt 0.602239 0.756664
vt 0.601082 0.756664
vt 0.601072 0.746372
vt 0.119460 0.834702
vt 0.125826 0.838226
vt 0.135719 0.878525
vt 0.128552 0.883270
vt 0.273729 0.037567
vt 0.283047 0.017513
vt 0.288442 0.026867
vt 0.598728 0.746372
vt 0.599885 0.746372
vt 0.599885 0.807117
vt 0.598728 0.807117
vt 0.602208 0.808960
vt 0.601051 0.808960
vt 0.598728 0.837807
vt 0.599885 0.837807
vt 0.599885 0.861145
vt 0.598728 0.861145
vt 0.602206 0.826294
vt 0.601049 0.826294
vt 0.141548 0.889343
vt 0.136137 0.898682
vt 0.601062 0.849243
vt 0.602219 0.849243
vt 0.602239 0.865017
vt 0.601082 0.865013
vt 0.295056 0.007481
vt 0.300451 0.016834
vt 0.153589 0.899353
vt 0.148179 0.908691
vt 0.161776 0.914368
vt 0.164864 0.903244
vt 0.173252 0.903427
vt 0.174050 0.914185
vt 0.599885 0.886070
vt 0.598728 0.886070
vt 0.310932 0.000000
vt 0.314012 0.011147
vt 0.596414 0.769482
vt 0.597571 0.769482
vt 0.597571 0.825409
vt 0.596414 0.825409
vt 0.596414 0.746374
vt 0.597571 0.746374
vt 0.327051 0.000538
vt 0.326255 0.011326
vt 0.599892 0.746372
vt 0.601049 0.746372
vt 0.601047 0.756321
vt 0.599889 0.756321
vt 0.599885 0.803509
vt 0.601042 0.803509
vt 0.601042 0.826294
vt 0.599885 0.826294
vt 0.359598 0.021751
vt 0.357117 0.031364
vt 0.202508 0.884628
vt 0.204995 0.894211
vt 0.596414 0.854973
vt 0.597571 0.854973
vt 0.597571 0.881489
vt 0.596414 0.881489
vt 0.213910 0.870438
vt 0.218174 0.878006
vt 0.374514 0.040024
vt 0.370261 0.047607
vt 0.597571 0.917274
vt 0.596414 0.917274
vt 0.385869 0.062649
vt 0.379570 0.066116
vt 0.601044 0.844250
vt 0.599887 0.844250
vt 0.221192 0.856094
vt 0.227508 0.859543
vt 0.827626 0.569649
vt 0.828783 0.569649
vt 0.828783 0.602108
vt 0.827626 0.602108
vt 0.397835 0.103523
vt 0.390700 0.103458
vt 0.601049 0.878281
vt 0.599892 0.878281
vt 0.231514 0.822372
vt 0.238667 0.822311
vt 0.918974 0.721901
vt 0.917817 0.721901
vt 0.917847 0.679390
vt 0.919004 0.679390
vt 0.236801 0.785217
vt 0.244125 0.782837
vt 0.918932 0.759613
vt 0.917774 0.759613
vt 0.403448 0.145416
vt 0.396143 0.143036
vt 0.917866 0.575401
vt 0.919023 0.575401
vt 0.404397 0.187252
vt 0.397206 0.182823
vt 0.828783 0.639515
vt 0.827626 0.639515
vt 0.237980 0.747574
vt 0.245190 0.743149
vt 0.384980 0.266983
vt 0.391476 0.274307
vt 0.381017 0.311474
vt 0.374522 0.304150
vt 0.828783 0.735352
vt 0.827626 0.735352
vt 0.226420 0.666519
vt 0.232932 0.659210
vt 0.827626 0.784817
vt 0.828783 0.784817
vt 0.828783 0.817951
vt 0.827626 0.817951
vt 0.215933 0.629440
vt 0.222446 0.622131
vt 0.917860 0.525856
vt 0.919017 0.525856
vt 0.919000 0.483818
vt 0.917843 0.483818
vt 0.917821 0.452285
vt 0.918978 0.452285
vt 0.206936 0.606689
vt 0.211798 0.596741
vt 0.368752 0.339607
vt 0.363903 0.329617
vt 0.827626 0.849751
vt 0.828783 0.849751
vt 0.828783 0.896111
vt 0.827626 0.896111
vt 0.356743 0.357891
vt 0.351893 0.347904
vt 0.194894 0.588455
vt 0.199757 0.578491
vt 0.157250 0.552734
vt 0.154285 0.563843
vt 0.134104 0.557693
vt 0.138973 0.547943
vt 0.171842 0.567657
vt 0.174215 0.556351
vt 0.917757 0.398658
vt 0.918914 0.398658
vt 0.328785 0.381443
vt 0.326419 0.370102
vt 0.918826 0.357490
vt 0.917669 0.357490
vt 0.917624 0.324066
vt 0.918781 0.324066
vt 0.918870 0.378074
vt 0.917713 0.378074
vt 0.309499 0.373730
vt 0.312456 0.384872
vt 0.296127 0.388302
vt 0.291270 0.378525
vt 0.136775 0.582504
vt 0.131303 0.563492
vt 0.829940 0.839111
vt 0.828783 0.839111
vt 0.828783 0.813248
vt 0.829940 0.813248
vt 0.277432 0.401703
vt 0.273885 0.390759
vt 0.829940 0.867928
vt 0.828783 0.867928
vt 0.117984 0.546646
vt 0.121541 0.535736
vt 0.918774 0.317474
vt 0.917617 0.317474
vt 0.917630 0.252960
vt 0.918787 0.252960
vt 0.107569 0.532471
vt 0.114642 0.527176
vt 0.274058 0.404659
vt 0.267004 0.399345
vt 0.917647 0.227378
vt 0.918804 0.227371
vt 0.266576 0.459206
vt 0.259521 0.453892
vt 0.828783 0.749199
vt 0.829940 0.749199
vt 0.100066 0.478058
vt 0.107140 0.472763
vt 0.829940 0.714928
vt 0.828783 0.714928
vt 0.828783 0.633095
vt 0.829940 0.633095
vt 0.266895 0.484131
vt 0.259648 0.483036
vt 0.100000 0.444794
vt 0.107267 0.443695
vt 0.918874 0.143180
vt 0.917717 0.143180
vt 0.917781 0.081520
vt 0.918938 0.081520
vt 0.107470 0.357285
vt 0.113691 0.356888
vt 0.272260 0.570480
vt 0.266055 0.570076
vt 0.274886 0.639820
vt 0.279715 0.637249
vt 0.294453 0.704453
vt 0.290760 0.707500
vt 0.828783 0.569649
vt 0.829940 0.569649
vt 0.117704 0.284760
vt 0.122545 0.287323
vt 0.827621 0.840302
vt 0.826463 0.840302
vt 0.826460 0.759010
vt 0.827617 0.759010
vt 0.827626 0.904404
vt 0.826469 0.904404
vt 0.134759 0.216782
vt 0.138462 0.219818
vt 0.917866 0.027000
vt 0.919023 0.027000
vt 0.832299 0.706711
vt 0.831142 0.706711
vt 0.831142 0.656120
vt 0.832299 0.656120
vt 0.160711 0.138657
vt 0.163425 0.145264
vt 0.832299 0.821159
vt 0.831142 0.821159
vt 0.831142 0.754486
vt 0.832299 0.754486
vt 0.318364 0.775639
vt 0.315657 0.782265
vt 0.827619 0.660263
vt 0.826462 0.660263
vt 0.826469 0.569649
vt 0.827626 0.569649
vt 0.334660 0.826202
vt 0.337805 0.819523
vt 0.361194 0.857368
vt 0.357306 0.862217
vt 0.827616 0.708504
vt 0.826459 0.708504
vt 0.182479 0.101440
vt 0.179326 0.094772
vt 0.201286 0.060684
vt 0.205184 0.065521
vt 0.539401 0.813248
vt 0.539401 0.800842
vt 0.540558 0.800842
vt 0.540558 0.813248
vt 0.244331 0.000000
vt 0.248366 0.007889
vt 0.831142 0.569649
vt 0.832299 0.569649
vt 0.404397 0.912113
vt 0.400373 0.920017
vt 0.573090 0.854809
vt 0.571933 0.854809
vt 0.571933 0.831734
vt 0.573090 0.831734
vt 0.573090 0.798351
vt 0.571933 0.798351
vt 0.571933 0.772514
vt 0.573090 0.772514
vt 0.546232 0.800709
vt 0.547389 0.800709
vt 0.547389 0.807793
vt 0.546232 0.807793
vt 0.306541 0.362587
vt 0.286414 0.368752
vt 0.283621 0.362938
vt 0.289078 0.343864
vt 0.275985 0.328079
vt 0.264980 0.339363
vt 0.257205 0.316402
vt 0.274140 0.317005
vt 0.123647 0.598251
vt 0.112613 0.586990
vt 0.547387 0.845314
vt 0.546230 0.845314
vt 0.258753 0.293354
vt 0.276044 0.303799
vt 0.547389 0.869370
vt 0.546232 0.869370
vt 0.801070 0.754272
vt 0.802227 0.754272
vt 0.802218 0.763863
vt 0.801061 0.763863
vt 0.121798 0.609299
vt 0.104817 0.609894
vt 0.801063 0.779587
vt 0.802220 0.779579
vt 0.802227 0.843407
vt 0.801073 0.862648
vt 0.598728 0.886093
vt 0.597571 0.886093
vt 0.597571 0.860779
vt 0.598728 0.860779
vt 0.123706 0.622467
vt 0.106369 0.632889
vt 0.285687 0.233501
vt 0.283312 0.249702
vt 0.264711 0.188065
vt 0.264743 0.188015
vt 0.133343 0.692535
vt 0.112343 0.737900
vt 0.597571 0.746376
vt 0.598728 0.746376
vt 0.486874 0.674938
vt 0.472089 0.598137
vt 0.478455 0.583549
vt 0.493005 0.654125
vt 0.432645 0.832642
vt 0.447192 0.761921
vt 0.450198 0.795856
vt 0.440894 0.844898
vt 0.426282 0.818100
vt 0.441061 0.741150
vt 0.833489 0.807957
vt 0.832299 0.807957
vt 0.832299 0.769878
vt 0.833489 0.769878
vt 0.831142 0.737656
vt 0.829952 0.737656
vt 0.829949 0.716984
vt 0.831139 0.716984
vt 0.535661 0.815529
vt 0.534470 0.815536
vt 0.534475 0.800842
vt 0.535665 0.800842
vt 0.831135 0.692646
vt 0.829945 0.692646
vt 0.829941 0.663486
vt 0.831132 0.663490
vt 0.411600 0.774017
vt 0.431271 0.716652
vt 0.477081 0.699509
vt 0.457404 0.642323
vt 0.829940 0.647102
vt 0.831131 0.647102
vt 0.467560 0.728886
vt 0.450827 0.716778
vt 0.832299 0.698807
vt 0.833489 0.698807
vt 0.405026 0.699593
vt 0.421753 0.687340
vt 0.833489 0.646862
vt 0.832299 0.646862
vt 0.832299 0.629040
vt 0.833489 0.629040
vt 0.464642 0.745331
vt 0.450198 0.749409
vt 0.832299 0.666798
vt 0.833489 0.666798
vt 0.404398 0.666950
vt 0.418835 0.670918
vt 0.831135 0.600555
vt 0.829945 0.600555
vt 0.829948 0.583771
vt 0.831138 0.583771
vt 0.419775 0.654388
vt 0.406097 0.647415
vt 0.409183 0.630535
vt 0.421713 0.640709
vt 0.831132 0.630543
vt 0.829942 0.630543
vt 0.829943 0.616814
vt 0.831133 0.616814
vt 0.451898 0.768929
vt 0.465579 0.761841
vt 0.467520 0.775501
vt 0.454987 0.785774
vt 0.467020 0.821781
vt 0.476352 0.808262
vt 0.482928 0.822186
vt 0.476981 0.837414
vt 0.459677 0.802979
vt 0.471158 0.791641
vt 0.833489 0.610256
vt 0.832299 0.610256
vt 0.832299 0.588886
vt 0.833489 0.588886
vt 0.425348 0.624535
vt 0.413873 0.613285
vt 0.421213 0.594418
vt 0.430542 0.607864
vt 0.536855 0.833382
vt 0.535665 0.833382
vt 0.535665 0.816269
vt 0.536855 0.816269
vt 0.832299 0.569649
vt 0.833489 0.569649
vt 0.431171 0.578701
vt 0.437115 0.593884
vt 0.829952 0.569649
vt 0.831142 0.569649
vt 0.440521 0.572483
vt 0.445117 0.586739
vt 0.543127 0.823997
vt 0.541936 0.823990
vt 0.541935 0.809921
vt 0.543126 0.809921
vt 0.490930 0.829262
vt 0.486331 0.843552
vt 0.312950 0.788891
vt 0.331516 0.832886
vt 0.166139 0.151871
vt 0.185631 0.108109
vt 0.176587 0.545044
vt 0.160215 0.541611
vt 0.324052 0.358761
vt 0.353418 0.867069
vt 0.396349 0.927917
vt 0.209082 0.070358
vt 0.252401 0.015762
vt 0.539401 0.825668
vt 0.540558 0.825668
vt 0.287068 0.710552
vt 0.142165 0.222855
vt 0.127387 0.289886
vt 0.119912 0.356476
vt 0.259851 0.569672
vt 0.270057 0.642395
vt 0.252401 0.481937
vt 0.114533 0.442596
vt 0.114213 0.467468
vt 0.252467 0.448574
vt 0.121715 0.521866
vt 0.259949 0.394032
vt 0.270337 0.379810
vt 0.125098 0.524826
vt 0.143842 0.538193
vt 0.347043 0.337917
vt 0.204619 0.568527
vt 0.216661 0.586777
vt 0.359053 0.319630
vt 0.368026 0.296825
vt 0.228959 0.614838
vt 0.239445 0.651901
vt 0.252401 0.738739
vt 0.390015 0.178391
vt 0.378485 0.259659
vt 0.251449 0.780457
vt 0.388839 0.140652
vt 0.383566 0.103394
vt 0.245821 0.822250
vt 0.233823 0.863007
vt 0.373272 0.069588
vt 0.222438 0.885574
vt 0.366008 0.055191
vt 0.354636 0.040977
vt 0.207483 0.903793
vt 0.174848 0.924942
vt 0.325459 0.022110
vt 0.317093 0.022293
vt 0.305847 0.026192
vt 0.142768 0.918015
vt 0.158687 0.925476
vt 0.130727 0.908005
vt 0.293838 0.036224
vt 0.121385 0.888000
vt 0.113911 0.836777
vt 0.589189 0.812210
vt 0.589189 0.820202
vt 0.588032 0.820202
vt 0.588032 0.812210
vt 0.266275 0.088924
vt 0.535665 0.800842
vt 0.536855 0.800842
vt 0.448627 0.571228
vt 0.450198 0.583000
vt 0.541936 0.800842
vt 0.543127 0.800842
vt 0.496014 0.832958
vt 0.494440 0.844738
vt 0.831142 0.771568
vt 0.831136 0.820835
vt 0.829946 0.820835
vt 0.829952 0.771568
vt 0.535665 0.833435
vt 0.534475 0.833435
vt 0.486707 0.571228
vt 0.496014 0.620178
vt 0.733053 0.642513
vt 0.746109 0.639008
vt 0.744946 0.665203
vt 0.731729 0.669205
vt 0.684229 0.904221
vt 0.671042 0.900154
vt 0.668008 0.861267
vt 0.680463 0.864738
vt 0.889686 0.868019
vt 0.851728 0.868027
vt 0.853503 0.837868
vt 0.887971 0.837868
vt 0.869641 0.080158
vt 0.872059 0.080158
vt 0.871889 0.110550
vt 0.869811 0.110550
vt 0.685390 0.930481
vt 0.672363 0.926910
vt 0.728687 0.707996
vt 0.741172 0.704586
vt 0.736200 0.744408
vt 0.723064 0.747536
vt 0.856704 0.793724
vt 0.885072 0.793724
vt 0.871705 0.154003
vt 0.869995 0.154003
vt 0.870145 0.196693
vt 0.871555 0.196693
vt 0.871385 0.256771
vt 0.870315 0.256771
vt 0.662398 0.821609
vt 0.675504 0.824806
vt 0.859402 0.749763
vt 0.882798 0.749763
vt 0.667288 0.768951
vt 0.653013 0.764984
vt 0.648350 0.739624
vt 0.664296 0.743767
vt 0.862594 0.689049
vt 0.880329 0.689049
vt 0.727966 0.800095
vt 0.713658 0.803997
vt 0.708984 0.829281
vt 0.724967 0.825214
vt 0.725029 0.851597
vt 0.702924 0.857193
vt 0.864109 0.661240
vt 0.879065 0.661240
vt 0.871331 0.283379
vt 0.870370 0.283379
vt 0.664358 0.717323
vt 0.642303 0.711624
vt 0.637110 0.688309
vt 0.672276 0.697319
vt 0.871225 0.312180
vt 0.870475 0.312180
vt 0.865338 0.630135
vt 0.877770 0.630135
vt 0.877246 0.601906
vt 0.865004 0.601913
vt 0.864416 0.562950
vt 0.876876 0.562950
vt 0.732965 0.871593
vt 0.697718 0.880436
vt 0.871219 0.336063
vt 0.870481 0.336063
vt 0.690761 0.913090
vt 0.741658 0.900322
vt 0.747327 0.927814
vt 0.687068 0.943325
vt 0.871226 0.369850
vt 0.870474 0.369850
vt 0.630168 0.655548
vt 0.680949 0.668564
vt 0.686606 0.641029
vt 0.626484 0.625229
vt 0.627491 0.603386
vt 0.687068 0.619019
vt 0.871225 0.402885
vt 0.870475 0.402885
vt 0.864106 0.527229
vt 0.876542 0.527229
vt 0.688078 0.965130
vt 0.747791 0.949780
vt 0.743465 0.971077
vt 0.693884 0.983463
vt 0.864058 0.501091
vt 0.876495 0.501091
vt 0.871225 0.429054
vt 0.870475 0.429054
vt 0.733308 0.991474
vt 0.703761 0.998852
vt 0.879841 0.409609
vt 0.891544 0.410204
vt 0.891544 0.435377
vt 0.879841 0.434782
vt 0.633285 0.585030
vt 0.682751 0.597656
vt 0.864258 0.478554
vt 0.876694 0.478554
vt 0.871046 0.566051
vt 0.883648 0.563874
vt 0.885876 0.582202
vt 0.873814 0.584679
vt 0.877460 0.444108
vt 0.890179 0.444580
vt 0.890182 0.468903
vt 0.877456 0.468430
vt 0.643138 0.569649
vt 0.672618 0.577171
vt 0.885223 0.590857
vt 0.872072 0.590857
vt 0.872015 0.564530
vt 0.885280 0.564530
vt 0.733351 0.636333
vt 0.746409 0.632828
vt 0.869244 0.073143
vt 0.872462 0.073143
vt 0.685688 0.936676
vt 0.672661 0.933105
vt 0.896010 0.875099
vt 0.845485 0.875099
vt 0.685832 0.943596
vt 0.672805 0.940033
vt 0.899420 0.883125
vt 0.842074 0.883133
vt 0.733496 0.629429
vt 0.746554 0.625919
vt 0.869027 0.065166
vt 0.872679 0.065166
vt 0.733648 0.622314
vt 0.746705 0.618809
vt 0.868926 0.056946
vt 0.872780 0.056946
vt 0.685983 0.950729
vt 0.672956 0.947159
vt 0.901010 0.891411
vt 0.840486 0.891411
vt 0.733813 0.614666
vt 0.746870 0.611160
vt 0.868890 0.048100
vt 0.872817 0.048100
vt 0.686147 0.958397
vt 0.673120 0.954826
vt 0.901579 0.900314
vt 0.839917 0.900322
vt 0.686480 0.973839
vt 0.673452 0.970268
vt 0.901579 0.918266
vt 0.839917 0.918266
vt 0.734145 0.599258
vt 0.747202 0.595753
vt 0.868890 0.030273
vt 0.872817 0.030273
vt 0.734317 0.591381
vt 0.747374 0.587875
vt 0.868945 0.021156
vt 0.872730 0.021156
vt 0.686651 0.981735
vt 0.673623 0.978165
vt 0.900219 0.927444
vt 0.841305 0.927452
vt 0.869191 0.013245
vt 0.872545 0.013245
vt 0.686802 0.988579
vt 0.673775 0.985008
vt 0.897314 0.935417
vt 0.844182 0.935417
vt 0.734468 0.584553
vt 0.747525 0.581047
vt 0.686960 0.995567
vt 0.673933 0.991997
vt 0.890967 0.943565
vt 0.850529 0.943565
vt 0.734627 0.577576
vt 0.747683 0.574070
vt 0.869565 0.005150
vt 0.872141 0.005150
vt 0.734735 0.573158
vt 0.747791 0.569649
vt 0.870229 0.000000
vt 0.871477 0.000000
vt 0.687068 1.000000
vt 0.674042 0.996429
vt 0.880548 0.948753
vt 0.860947 0.948753
vt 0.588032 0.832192
vt 0.586784 0.832192
vt 0.586819 0.812210
vt 0.588001 0.812210
vt 0.754590 0.626380
vt 0.767855 0.626380
vt 0.767855 0.664163
vt 0.754590 0.664163
vt 0.661869 0.579963
vt 0.670289 0.536648
vt 0.675683 0.554350
vt 0.672736 0.568600
vt 0.885915 0.584571
vt 0.872015 0.584373
vt 0.872015 0.564530
vt 0.885439 0.564530
vt 0.743487 0.977443
vt 0.717576 0.989736
vt 0.729580 0.996079
vt 0.737167 0.992755
vn -0.6857 0.0000 -0.7279
vn 0.6857 0.0000 -0.7279
vn 0.6857 -0.1420 -0.7139
vn -0.6857 -0.1420 -0.7139
vn 0.6857 -0.2785 -0.6725
vn -0.6857 -0.2785 -0.6725
vn 0.6857 -0.4044 -0.6052
vn -0.6857 -0.4044 -0.6052
vn 0.6857 -0.5147 -0.5147
vn -0.6857 -0.5147 -0.5147
vn 0.6857 -0.6052 -0.4044
vn -0.6857 -0.6052 -0.4044
vn 0.6857 -0.6725 -0.2785
vn -0.6857 -0.6725 -0.2785
vn 0.6857 -0.7139 -0.1420
vn -0.6857 -0.7139 -0.1420
vn 0.6857 -0.7279 0.0000
vn -0.6857 -0.7279 0.0000
vn 0.6857 -0.7139 0.1420
vn -0.6857 -0.7139 0.1420
vn 0.6857 -0.6725 0.2785
vn -0.6857 -0.6725 0.2785
vn 0.6857 -0.6052 0.4044
vn -0.6857 -0.6052 0.4044
vn 0.6857 -0.5147 0.5147
vn -0.6857 -0.5147 0.5147
vn 0.6857 -0.4044 0.6052
vn -0.6857 -0.4044 0.6052
vn 0.6857 -0.2785 0.6725
vn -0.6857 -0.2785 0.6725
vn 0.6857 -0.1420 0.7139
vn -0.6857 -0.1420 0.7139
vn 0.6857 0.0000 0.7279
vn -0.6857 0.0000 0.7279
vn 0.6857 0.1420 0.7139
vn -0.6857 0.1420 0.7139
vn 0.6857 0.2786 0.6725
vn -0.6857 0.2786 0.6725
vn 0.6857 0.4044 0.6052
vn -0.6857 0.4044 0.6052
vn 0.6857 0.5147 0.5147
vn -0.6857 0.5147 0.5147
vn 0.6857 0.6052 0.4044
vn -0.6857 0.6052 0.4044
vn 0.6857 0.6725 0.2785
vn -0.6857 0.6725 0.2785
vn 0.6857 0.7139 0.1420
vn -0.6857 0.7139 0.1420
vn 0.6857 0.7279 0.0000
vn -0.6857 0.7279 0.0000
vn 0.6857 0.7139 -0.1420
vn -0.6857 0.7139 -0.1420
vn 0.6857 0.6725 -0.2785
vn -0.6857 0.6725 -0.2785
vn 0.6857 0.6052 -0.4044
vn -0.6857 0.6052 -0.4044
vn 0.6857 0.5147 -0.5147
vn -0.6857 0.5147 -0.5147
vn 0.6857 0.4044 -0.6052
vn -0.6857 0.4044 -0.6052
vn 0.6857 0.2785 -0.6725
vn -0.6857 0.2785 -0.6725
vn 0.6857 0.1420 -0.7139
vn -0.6857 0.1420 -0.7139
vn -1.0000 0.0000 0.0000
vn -0.7071 0.6736 0.2149
vn -0.8269 -0.3966 -0.3986
vn 0.7317 0.6811 0.0253
vn 0.6903 -0.5652 -0.4517
vn 0.4110 -0.1984 -0.8897
vn 0.4084 0.7859 -0.4643
vn 1.0000 0.0000 0.0000
vn 0.7071 0.6736 0.2149
vn 0.8453 -0.5188 0.1272
vn 0.7308 0.5667 0.3805
vn 0.0000 0.9527 0.3039
vn 0.0000 0.4588 0.8885
vn 0.4002 0.3722 0.8375
vn 0.0000 -0.9324 -0.3614
vn 0.7081 -0.6583 -0.2552
vn 0.6018 -0.7815 0.1647
vn 0.0000 -0.9785 0.2062
vn -0.7081 -0.6583 -0.2552
vn -0.6018 -0.7815 0.1647
vn -0.6209 -0.5370 -0.5710
vn 0.0000 -0.6851 -0.7284
vn 0.6209 -0.5370 -0.5710
vn 0.0000 -0.9712 0.2382
vn -0.8453 -0.5188 0.1272
vn -0.7308 0.5667 0.3805
vn -0.6887 -0.7231 0.0528
vn -0.4022 -0.6716 0.6222
vn -0.4002 0.3722 0.8374
vn 0.8269 -0.3966 -0.3986
vn 0.0000 -0.7053 -0.7088
vn 0.0000 -0.8776 -0.4794
vn 0.0000 -0.2816 -0.9595
vn 0.0000 0.8885 -0.4588
vn -0.4110 -0.1984 -0.8897
vn -0.4084 0.7859 -0.4643
vn -0.6903 -0.5652 -0.4517
vn -0.7317 0.6811 0.0253
vn 0.0000 -0.7779 0.6283
vn 0.4022 -0.6716 0.6222
vn 0.0000 -0.9944 -0.1057
vn 0.6887 -0.7231 0.0528
vn 0.1459 0.9408 0.3058
vn 0.5959 0.7410 0.3095
vn 0.6323 0.5462 -0.5495
vn 0.6406 0.4109 -0.6487
vn -0.9590 0.2627 0.1061
vn -0.8387 0.5055 0.2026
vn -0.7046 0.5428 -0.4570
vn -0.7326 0.4689 -0.4934
vn -0.5895 0.7470 0.3073
vn -0.6287 0.5213 -0.5770
vn 0.9999 0.0055 0.0057
vn 0.9862 -0.1648 -0.0169
vn 0.9852 -0.1687 -0.0312
vn 0.9991 0.0236 -0.0355
vn -0.1518 0.9404 0.3043
vn -0.6578 0.4078 -0.6332
vn -0.6642 -0.7467 -0.0343
vn -0.8471 -0.5309 -0.0235
vn -0.8079 -0.5859 -0.0634
vn -0.6455 -0.7605 -0.0710
vn 0.9414 -0.3359 -0.0287
vn 0.9389 -0.3419 -0.0390
vn -0.9100 -0.4138 -0.0247
vn -0.8835 -0.4655 -0.0511
vn 0.9924 0.1196 0.0294
vn 0.6615 0.5288 -0.5317
vn -0.9389 -0.3419 -0.0390
vn -0.9422 -0.3343 -0.0208
vn -0.8900 -0.4550 -0.0283
vn 0.9999 0.0089 -0.0098
vn 0.9693 0.2457 0.0109
vn 0.9767 0.2044 -0.0653
vn -0.9852 -0.1687 -0.0312
vn -0.9991 0.0228 -0.0355
vn -0.9999 0.0066 -0.0096
vn -0.9840 -0.1774 -0.0142
vn 0.9840 -0.1774 -0.0142
vn -0.8162 -0.5763 -0.0389
vn -0.6417 -0.7650 -0.0550
vn -0.7068 0.5303 -0.4681
vn 0.7405 0.4661 -0.4841
vn -0.0117 0.6748 -0.7379
vn 0.7100 0.5187 -0.4762
vn 0.9580 0.2676 0.1028
vn 0.6797 -0.7327 -0.0333
vn 0.3070 -0.9500 -0.0568
vn 0.2920 -0.9539 -0.0685
vn 0.6586 -0.7492 -0.0703
vn 0.8974 -0.4404 -0.0261
vn 0.8748 -0.4816 -0.0516
vn 0.8420 -0.5389 -0.0242
vn 0.8005 -0.5959 -0.0634
vn 0.8399 0.5047 0.1996
vn -0.3070 -0.9500 -0.0568
vn -0.2920 -0.9539 -0.0685
vn -0.9923 0.1202 0.0293
vn -0.9999 0.0059 0.0054
vn -0.9862 -0.1648 -0.0169
vn 0.8837 -0.4671 -0.0283
vn 0.9422 -0.3343 -0.0208
vn 0.6520 -0.7563 -0.0540
vn 0.8109 -0.5838 -0.0380
vn -0.3126 -0.9470 -0.0743
vn 0.3126 -0.9470 -0.0743
vn -0.6839 0.6486 -0.3340
vn -0.5999 0.7577 -0.2569
vn -0.9776 0.2002 -0.0651
vn -0.0068 0.8701 -0.4927
vn 0.6984 0.6138 -0.3678
vn 0.0000 0.9905 -0.1370
vn 0.0677 0.9893 -0.1290
vn -0.0677 0.9893 -0.1290
vn -0.9414 -0.3359 -0.0287
vn -0.9565 -0.2904 0.0276
vn -0.9481 -0.3170 0.0263
vn -0.9857 -0.1647 0.0339
vn -0.9860 -0.1630 0.0340
vn -0.9326 -0.3600 0.0237
vn 0.9214 -0.3880 0.0225
vn 0.8555 -0.5175 0.0166
vn 0.3010 -0.9525 -0.0469
vn -0.3010 -0.9525 -0.0469
vn -0.9989 -0.0001 0.0461
vn -0.9906 0.1211 0.0640
vn -0.9444 0.3039 0.1252
vn 0.5922 0.7690 0.2405
vn 0.8366 0.5218 0.1666
vn -0.6702 -0.7421 -0.0058
vn 0.9444 0.3039 0.1252
vn 0.6858 -0.7277 -0.0049
vn 0.9565 -0.2904 0.0276
vn 0.9906 0.1211 0.0640
vn 0.9989 -0.0001 0.0461
vn -0.8601 -0.5097 0.0171
vn 0.9860 -0.1630 0.0340
vn -0.5922 0.7690 0.2405
vn -0.1816 0.9201 0.3468
vn -0.8366 0.5218 0.1666
vn 0.1816 0.9201 0.3468
vn 0.5999 0.7577 -0.2569
vn 0.0000 1.0000 -0.0014
vn -0.7609 0.6457 0.0636
vn -0.4091 0.9125 -0.0045
vn -0.3164 0.9399 -0.1284
vn 0.4090 0.9125 -0.0045
vn 0.7639 0.6427 0.0581
vn 0.3164 0.9399 -0.1284
vn -0.9710 0.2386 0.0127
vn 0.9608 0.2756 0.0280
vn -0.9583 0.2843 0.0295
vn -0.8838 0.4304 -0.1833
vn 0.8874 0.4229 -0.1835
vn 0.6810 -0.6832 -0.2636
vn 0.4743 -0.6400 -0.6045
vn 0.4722 0.6191 -0.6275
vn 0.4207 0.8794 -0.2227
vn -0.2451 0.9133 0.3251
vn 0.2451 0.9133 0.3251
vn 0.7283 0.6606 0.1820
vn -0.9334 0.3334 0.1322
vn -0.8426 0.5142 0.1597
vn -0.7283 0.6606 0.1820
vn 0.9984 0.0279 0.0485
vn 0.9857 -0.1647 0.0339
vn -0.6668 -0.7452 -0.0067
vn -0.8086 -0.5882 0.0133
vn 0.9481 -0.3170 0.0263
vn -0.9356 -0.3522 0.0239
vn 0.9895 0.1275 0.0671
vn 0.9334 0.3334 0.1322
vn 0.6808 -0.7324 -0.0060
vn 0.3235 -0.9451 -0.0454
vn 0.9178 -0.3963 0.0220
vn 0.8193 -0.5732 0.0139
vn 0.8426 0.5142 0.1597
vn -0.3235 -0.9451 -0.0454
vn -0.9895 0.1275 0.0671
vn -0.9984 0.0279 0.0485
vn 0.5511 0.4577 0.6977
vn 0.8581 0.2502 0.4483
vn 0.6520 0.6984 0.2952
vn 0.4415 0.6243 0.6444
vn -0.0037 0.9998 0.0154
vn -0.0017 0.7325 -0.6807
vn 0.0000 0.0579 -0.9983
vn -0.4743 -0.6400 -0.6044
vn -0.4722 0.6190 -0.6275
vn 0.0017 0.7325 -0.6807
vn 0.0052 1.0000 -0.0031
vn 0.1650 0.9660 0.1989
vn 0.2719 0.9373 -0.2179
vn -0.0035 0.9999 0.0140
vn 0.0000 0.7329 -0.6803
vn 0.0000 0.9999 0.0142
vn 0.0002 0.9999 0.0085
vn 0.0000 0.9999 0.0085
vn -0.6810 -0.6832 -0.2635
vn -0.4207 0.8795 -0.2226
vn 0.6812 0.3771 -0.6275
vn -0.2719 0.9373 -0.2178
vn 0.0035 0.9999 0.0140
vn 0.0037 0.9998 0.0154
vn -0.0002 0.9999 0.0085
vn -0.0021 1.0000 -0.0066
vn 0.0000 1.0000 -0.0071
vn -0.6813 0.3771 -0.6274
vn -0.8581 0.2502 0.4483
vn -0.5511 0.4577 0.6977
vn -0.4415 0.6243 0.6444
vn -0.6520 0.6984 0.2952
vn 0.0021 1.0000 -0.0066
vn -0.1650 0.9660 0.1990
vn -0.0052 1.0000 -0.0031
vn -0.2544 0.8914 0.3750
vn -0.1173 0.9745 0.1910
vn 0.1312 0.6958 0.7061
vn 0.0000 0.7446 0.6675
vn 0.0000 0.9870 0.1605
vn 0.0344 0.9880 0.1502
vn 0.1173 0.9745 0.1910
vn 0.2544 0.8914 0.3750
vn -0.1312 0.6958 0.7061
vn -0.0344 0.9880 0.1502
vn 0.0849 0.8055 0.5865
vn 0.0000 0.8523 0.5230
vn -0.0849 0.8055 0.5865
vn 0.8684 0.3794 0.3193
vn 0.6850 0.6850 0.2480
vn 0.5773 0.5773 0.5773
vn 0.6695 0.3219 0.6695
vn -0.3756 0.3756 0.8472
vn -0.3219 0.6695 0.6695
vn -0.5773 0.5773 0.5773
vn -0.6695 0.3219 0.6695
vn 0.3794 -0.8684 0.3193
vn 0.6850 -0.6850 0.2480
vn 0.5773 -0.5773 0.5773
vn 0.3219 -0.6695 0.6695
vn -0.3794 0.8684 0.3193
vn -0.6850 0.6850 0.2480
vn 0.3794 0.8684 0.3193
vn 0.0000 0.9377 0.3475
vn 0.0000 0.7071 0.7071
vn 0.3219 0.6695 0.6695
vn -0.3794 -0.8684 0.3193
vn 0.0000 -0.9377 0.3475
vn 0.0000 -0.7071 0.7071
vn -0.3219 -0.6695 0.6695
vn -0.3756 -0.3756 0.8472
vn -0.4004 0.0000 0.9163
vn -0.7071 0.0000 0.7071
vn -0.6695 -0.3219 0.6695
vn 0.3756 -0.3756 0.8472
vn 0.4004 0.0000 0.9163
vn 0.0000 0.0000 1.0000
vn 0.0000 -0.4004 0.9163
vn 0.3756 0.3756 0.8472
vn 0.0000 0.4004 0.9163
vn 0.8684 -0.3794 0.3193
vn 0.9377 0.0000 0.3475
vn 0.7071 0.0000 0.7071
vn 0.6695 -0.3219 0.6695
vn -0.8684 -0.3794 0.3193
vn -0.9377 0.0000 0.3475
vn -0.7848 0.0000 -0.6196
vn -0.7118 -0.3008 -0.6347
vn -0.8684 0.3794 0.3193
vn -0.5363 0.5363 -0.6518
vn -0.7118 0.3008 -0.6347
vn -0.6850 -0.6850 0.2480
vn -0.5363 -0.5363 -0.6518
vn -0.5773 -0.5773 0.5773
vn 0.5363 -0.5363 -0.6518
vn 0.7118 -0.3008 -0.6347
vn 0.7848 0.0000 -0.6196
vn -0.3008 -0.7118 -0.6347
vn 0.0000 -0.7848 -0.6196
vn 0.5363 0.5363 -0.6518
vn 0.3008 0.7118 -0.6347
vn 0.0000 0.7848 -0.6196
vn -0.3008 0.7118 -0.6347
vn 0.3008 -0.7118 -0.6347
vn 0.7118 0.3008 -0.6347
vn -0.7390 0.6511 -0.1728
vn -0.6369 0.6851 -0.3534
vn -0.6503 0.3400 -0.6793
vn 0.6369 0.6851 -0.3534
vn 0.6503 0.3400 -0.6793
vn 0.7390 0.6511 -0.1728
vn -0.6709 -0.7308 0.1256
vn -0.6685 -0.6445 0.3710
vn -0.5681 -0.5251 -0.6336
vn 0.5681 -0.5251 -0.6336
vn 0.6709 -0.7308 0.1256
vn 0.6685 -0.6445 0.3710
vn 0.6887 -0.5112 0.5141
vn -0.6887 -0.5112 0.5141
vn -0.7434 0.5701 -0.3497
vn 0.7434 0.5701 -0.3497
vn 0.7342 0.4626 -0.4968
vn -0.7342 0.4626 -0.4968
vn -0.7291 0.3508 -0.5877
vn 0.7291 0.3508 -0.5877
vn 0.7587 0.1468 -0.6347
vn 0.6760 -0.3875 0.6268
vn -0.6760 -0.3875 0.6268
vn -0.6649 -0.1545 0.7307
vn 0.6649 -0.1545 0.7307
vn 0.6724 0.1139 0.7313
vn -0.6724 0.1139 0.7313
vn -0.7587 0.1468 -0.6347
vn 0.7473 -0.1052 -0.6561
vn -0.7473 -0.1052 -0.6561
vn -0.7405 -0.3054 -0.5986
vn 0.7405 -0.3054 -0.5986
vn -0.6749 0.3323 0.6588
vn 0.6749 0.3323 0.6588
vn 0.6764 0.5075 0.5337
vn -0.6764 0.5075 0.5337
vn 0.6801 0.6276 0.3788
vn -0.6801 0.6276 0.3788
vn -0.7388 -0.4592 -0.4931
vn 0.7388 -0.4592 -0.4931
vn 0.7369 -0.5735 -0.3579
vn -0.7369 -0.5735 -0.3579
vn -0.7273 -0.6464 -0.2308
vn 0.7273 -0.6464 -0.2308
vn -0.6879 0.6866 0.2354
vn 0.6879 0.6866 0.2354
vn 0.6804 0.7276 0.0870
vn -0.6804 0.7276 0.0870
vn 0.6895 0.7217 -0.0613
vn -0.6895 0.7217 -0.0613
vn -0.7364 -0.6708 -0.0876
vn 0.7364 -0.6708 -0.0876
vn -0.6905 0.7025 -0.1723
vn -0.7266 -0.6848 0.0551
vn 0.7266 -0.6848 0.0551
vn 0.7201 -0.6769 0.1525
vn -0.7201 -0.6769 0.1525
vn -0.7301 -0.6352 0.2519
vn 0.7301 -0.6352 0.2519
vn 0.6905 0.7025 -0.1723
vn -0.6894 0.6681 -0.2797
vn 0.6894 0.6681 -0.2797
vn 0.6827 0.6074 -0.4060
vn -0.6827 0.6074 -0.4060
vn 0.7301 -0.5729 0.3724
vn -0.7301 -0.5729 0.3724
vn -0.7465 -0.4428 0.4967
vn 0.7465 -0.4428 0.4967
vn 0.8060 -0.0951 0.5842
vn 0.9187 -0.3937 -0.0314
vn 0.6736 0.4833 -0.5591
vn -0.6736 0.4833 -0.5591
vn -0.7374 0.4279 -0.5226
vn 0.7374 0.4279 -0.5226
vn 0.7147 0.5252 -0.4619
vn -0.7147 0.5252 -0.4619
vn -0.7071 0.3734 -0.6005
vn 0.7071 0.3734 -0.6005
vn 0.7149 0.1885 0.6733
vn 0.7432 -0.3148 -0.5903
vn 0.6802 -0.5863 0.4398
vn -0.6802 -0.5863 0.4398
vn -0.6526 -0.7333 0.1906
vn 0.6526 -0.7333 0.1906
vn -0.9187 -0.3937 -0.0314
vn -0.7928 0.5748 -0.2024
vn 0.7928 0.5748 -0.2024
vn 0.7322 0.6762 0.0807
vn -0.7322 0.6762 0.0807
vn 0.7158 0.6738 0.1832
vn -0.7158 0.6738 0.1832
vn -0.6859 -0.7234 -0.0781
vn 0.6859 -0.7234 -0.0781
vn 0.6922 -0.6951 -0.1940
vn -0.6922 -0.6951 -0.1940
vn -0.6973 -0.6645 -0.2687
vn 0.6973 -0.6645 -0.2687
vn -0.7161 0.6573 0.2349
vn 0.7161 0.6573 0.2349
vn 0.7269 0.6128 0.3100
vn -0.7269 0.6128 0.3100
vn -0.7276 0.5490 0.4113
vn -0.6881 -0.6314 -0.3573
vn 0.6881 -0.6314 -0.3573
vn 0.6936 -0.5679 -0.4432
vn -0.6936 -0.5679 -0.4432
vn -0.6930 -0.5085 -0.5111
vn 0.6930 -0.5085 -0.5111
vn 0.7276 0.5490 0.4113
vn -0.7305 0.3800 0.5674
vn 0.7305 0.3800 0.5674
vn 0.7245 0.2768 0.6312
vn -0.7245 0.2768 0.6312
vn 0.7241 0.4776 0.4975
vn -0.7241 0.4776 0.4975
vn 0.7004 -0.3018 -0.6468
vn -0.7004 -0.3018 -0.6468
vn -0.5757 0.3140 -0.7549
vn 0.5757 0.3140 -0.7549
vn 0.6799 -0.4096 -0.6083
vn -0.6799 -0.4096 -0.6083
vn 0.7071 0.6577 -0.2596
vn -0.7071 0.6577 -0.2596
vn 0.5753 0.7439 0.3400
vn -0.5753 0.7439 0.3400
vn -0.8060 -0.0951 0.5842
vn -0.7149 0.1885 0.6733
vn -0.8052 0.3838 0.4520
vn 0.8052 0.3838 0.4520
vn -0.7432 -0.3148 -0.5903
vn -0.6555 -0.4173 -0.6293
vn -0.6437 -0.6981 -0.3133
vn -0.7633 0.6281 0.1509
vn 0.6555 -0.4173 -0.6293
vn -0.7088 -0.7006 -0.0813
vn -0.7065 0.7077 0.0049
vn 0.6437 -0.6981 -0.3133
vn 0.7633 0.6281 0.1509
vn 0.7051 0.7090 0.0049
vn -0.6706 0.7189 0.1830
vn 0.5501 0.7177 0.4270
vn 0.7088 -0.7006 -0.0813
vn -0.6987 -0.3457 0.6263
vn 0.3434 -0.4538 0.8222
vn -0.6913 -0.5982 -0.4053
vn -0.6923 0.6170 0.3741
vn -0.6832 0.6812 0.2629
vn -0.6692 -0.4926 -0.5563
vn 0.6832 0.6812 0.2629
vn 0.6692 -0.4926 -0.5563
vn 0.6533 -0.2125 -0.7266
vn 0.5640 0.6485 -0.5113
vn 0.6923 0.6170 0.3741
vn 0.6913 -0.5982 -0.4053
vn -0.6637 0.5110 0.5462
vn 0.6637 0.5110 0.5462
vn -0.7185 -0.5841 -0.3775
vn 0.7185 -0.5841 -0.3775
vn 0.7346 -0.5001 -0.4585
vn -0.7346 -0.5001 -0.4585
vn 0.7605 -0.3041 -0.5737
vn -0.7605 -0.3041 -0.5737
vn -0.6923 0.3323 0.6405
vn 0.6923 0.3323 0.6405
vn 0.6882 0.0874 0.7202
vn -0.6882 0.0874 0.7202
vn -0.6915 -0.0262 0.7219
vn 0.6915 -0.0262 0.7219
vn -0.6848 0.2218 0.6941
vn 0.6848 0.2218 0.6941
vn -0.7220 0.0686 -0.6885
vn 0.7220 0.0686 -0.6885
vn 0.7292 0.1756 -0.6614
vn -0.7292 0.1756 -0.6614
vn 0.7252 -0.1269 -0.6767
vn 0.7233 -0.0249 -0.6901
vn -0.7252 -0.1269 -0.6767
vn -0.7233 -0.0249 -0.6901
vn -0.6817 -0.2726 0.6789
vn -0.7533 0.3434 -0.5608
vn -0.6706 -0.4612 0.5810
vn -0.6898 -0.1338 0.7115
vn 0.6898 -0.1338 0.7115
vn 0.6817 -0.2726 0.6789
vn 0.6706 -0.4612 0.5810
vn -0.6804 -0.6027 0.4167
vn 0.6804 -0.6027 0.4167
vn 0.7533 0.3434 -0.5609
vn 0.7147 0.4906 -0.4984
vn -0.7147 0.4906 -0.4984
vn -0.7384 -0.5976 0.3124
vn 0.7384 -0.5976 0.3124
vn 0.7344 0.4921 -0.4674
vn -0.7344 0.4921 -0.4674
vn -0.6533 -0.2125 -0.7266
vn -0.5640 0.6485 -0.5113
vn 0.5595 -0.7886 0.2549
vn 0.5005 0.8139 0.2949
vn 0.6878 0.7175 0.1104
vn 0.7141 -0.6996 0.0243
vn -0.6878 0.7175 0.1104
vn -0.7141 -0.6996 0.0243
vn -0.7177 -0.6957 -0.0293
vn -0.6939 0.7056 0.1433
vn -0.5027 0.8130 0.2936
vn -0.5617 -0.7875 0.2534
vn 0.7177 -0.6957 -0.0293
vn 0.6939 0.7056 0.1433
vn 0.6963 0.6999 0.1589
vn 0.7127 -0.6961 -0.0862
vn -0.7127 -0.6961 -0.0862
vn 0.7145 -0.6903 -0.1137
vn -0.7145 -0.6903 -0.1137
vn -0.6963 0.6999 0.1589
vn -0.7055 0.6927 0.1496
vn -0.7241 -0.6766 -0.1333
vn -0.7184 0.6909 0.0802
vn 0.7055 0.6927 0.1496
vn 0.7241 -0.6766 -0.1333
vn 0.7185 0.6909 0.0802
vn 0.7570 0.6377 -0.1425
vn 0.7049 -0.6864 -0.1784
vn -0.7570 0.6377 -0.1425
vn -0.7049 -0.6864 -0.1784
vn -0.7044 -0.6825 -0.1947
vn -0.6960 0.6490 -0.3070
vn 0.6960 0.6490 -0.3070
vn -0.6958 0.6760 -0.2426
vn 0.6958 0.6760 -0.2426
vn 0.7044 -0.6825 -0.1947
vn 0.6933 -0.7053 -0.1480
vn 0.6818 0.7204 -0.1271
vn 0.6818 -0.7313 -0.0178
vn -0.6933 -0.7053 -0.1480
vn -0.6818 0.7204 -0.1271
vn -0.6818 -0.7313 -0.0178
vn -0.6731 -0.7163 0.1838
vn -0.6735 0.7356 0.0729
vn 0.6731 -0.7163 0.1838
vn 0.6735 0.7356 0.0729
vn 0.6695 0.6748 0.3105
vn 0.6803 -0.6315 0.3719
vn 0.6605 0.5031 0.5573
vn 0.6625 -0.4809 0.5742
vn -0.6803 -0.6315 0.3719
vn -0.6695 0.6748 0.3105
vn -0.6625 -0.4809 0.5742
vn 0.6558 -0.1708 0.7353
vn -0.6558 -0.1708 0.7353
vn -0.6605 0.5031 0.5573
vn 0.5998 -0.6355 0.4861
vn 0.5453 0.7019 0.4581
vn -0.6012 -0.6362 0.4834
vn -0.5465 0.7027 0.4555
vn -0.6480 0.7161 0.2594
vn -0.7137 -0.6399 0.2849
vn 0.6480 0.7161 0.2594
vn 0.7137 -0.6399 0.2849
vn 0.7502 -0.6489 0.1268
vn 0.6767 0.7275 0.1133
vn -0.7502 -0.6489 0.1268
vn -0.6767 0.7275 0.1133
vn 0.7521 -0.6582 0.0323
vn 0.6771 0.7353 0.0281
vn -0.7521 -0.6582 0.0323
vn -0.6771 0.7353 0.0281
vn -0.6865 0.7249 -0.0566
vn -0.7552 -0.6527 -0.0591
vn 0.6879 0.7225 -0.0687
vn 0.7584 -0.6477 -0.0717
vn 0.7245 -0.6471 -0.2373
vn 0.6665 0.7104 -0.2259
vn -0.7420 -0.6211 -0.2523
vn -0.6572 0.7159 -0.2358
vn -0.5950 -0.6698 -0.4442
vn 0.6207 -0.6493 -0.4396
vn -0.5790 0.6850 -0.4420
vn 0.5836 0.6893 -0.4292
vn -0.3991 0.6656 -0.6306
vn -0.4158 -0.6580 -0.6277
vn 0.3928 0.6667 -0.6334
vn 0.4084 -0.6604 -0.6301
vn 0.1347 -0.6784 -0.7222
vn 0.1313 0.6592 -0.7404
vn -0.1347 -0.6784 -0.7222
vn -0.1313 0.6592 -0.7404
vn 0.6570 0.1948 0.7283
vn -0.6570 0.1948 0.7283
usemtl Material.002
s 1
f 277/593/226 278/594/227 280/595/228 279/596/229
f 279/596/229 280/595/228 282/597/230 281/598/231
f 281/598/231 282/597/230 284/599/232 283/600/233
f 283/600/233 284/599/232 286/601/234 285/602/235
f 285/602/235 286/601/234 288/603/236 287/604/237
f 287/604/237 288/603/236 290/605/238 289/606/239
f 289/607/239 290/608/238 292/609/240 291/610/241
f 291/610/241 292/609/240 294/611/242 293/612/243
f 293/612/243 294/611/242 296/613/244 295/614/245
f 295/614/245 296/613/244 298/615/246 297/616/247
f 297/616/247 298/615/246 300/617/248 299/618/249
f 299/618/249 300/617/248 302/619/250 301/620/251
f 301/620/251 302/619/250 304/621/252 303/622/253
f 303/623/253 304/624/252 306/625/254 305/626/255
f 305/626/255 306/625/254 308/627/256 307/628/257
f 307/628/257 308/627/256 310/629/258 309/630/259
f 309/630/259 310/629/258 312/631/260 311/632/261
f 311/632/261 312/631/260 314/633/262 313/634/263
f 313/634/263 314/633/262 316/635/264 315/636/265
f 315/636/265 316/635/264 318/637/266 317/638/267
f 317/638/267 318/637/266 320/639/268 319/640/269
f 319/641/269 320/642/268 322/643/270 321/644/271
f 321/644/271 322/643/270 324/645/272 323/646/273
f 323/646/273 324/645/272 326/647/274 325/648/275
f 325/648/275 326/647/274 328/649/276 327/650/277
f 327/650/277 328/649/276 330/651/278 329/652/279
f 329/652/279 330/651/278 332/653/280 331/654/281
f 331/654/281 332/653/280 334/655/282 333/656/283
f 333/656/283 334/655/282 336/657/284 335/658/285
f 335/658/285 336/657/284 338/659/286 337/660/287
f 280/661/228 278/662/227 340/663/288 338/664/286 336/665/284 334/666/282 332/667/280 330/668/278 328/669/276 326/670/274 324/671/272 322/672/270 320/673/268 318/674/266 316/675/264 314/676/262 312/677/260 310/678/258 308/679/256 306/680/254 304/681/252 302/682/250 300/683/248 298/684/246 296/685/244 294/686/242 292/687/240 290/688/238 288/689/236 286/690/234 284/691/232 282/692/230
f 337/693/287 338/694/286 340/695/288 339/696/289
f 339/696/289 340/695/288 278/594/227 277/593/226
f 277/697/226 279/698/229 281/699/231 283/700/233 285/701/235 287/702/237 289/703/239 291/704/241 293/705/243 295/706/245 297/707/247 299/708/249 301/709/251 303/710/253 305/711/255 307/712/257 309/713/259 311/714/261 313/715/263 315/716/265 317/717/267 319/718/269 321/719/271 323/720/273 325/721/275 327/722/277 329/723/279 331/724/281 333/725/283 335/726/285 337/727/287 339/728/289
f 366/729/290 351/730/291 344/731/291 352/732/292
f 381/733/293 380/734/294 371/735/295 368/736/296
f 364/737/297 357/738/298 346/739/298 358/740/299
f 388/741/300 387/742/301 377/743/302 374/744/303
f 362/745/304 356/746/305 345/747/306 359/748/307
f 361/749/301 351/750/291 342/751/291 360/752/301
f 357/753/298 361/749/301 360/752/301 346/754/298
f 348/755/298 354/756/301 361/749/301 357/753/298
f 354/756/301 344/757/291 351/750/291 361/749/301
f 349/758/308 362/745/304 359/748/307 341/759/309
f 343/760/310 353/761/311 362/745/304 349/758/308
f 353/761/311 347/762/312 356/746/305 362/745/304
f 359/748/307 363/763/313 350/764/314 341/759/309
f 345/747/306 358/765/299 363/763/313 359/748/307
f 386/766/315 385/767/316 375/768/317 373/769/318
f 356/770/305 364/737/297 358/740/299 345/771/306
f 347/772/312 355/773/319 364/737/297 356/770/305
f 355/773/319 348/774/298 357/738/298 364/737/297
f 353/775/311 365/776/320 355/777/319 347/778/312
f 343/779/310 352/780/292 365/776/320 353/775/311
f 380/781/294 379/782/321 372/783/322 371/784/295
f 349/785/308 366/729/290 352/732/292 343/786/310
f 341/787/309 350/788/314 366/729/290 349/785/308
f 350/788/314 342/789/291 351/730/291 366/729/290
f 372/790/322 370/791/323 368/792/296 371/793/295
f 369/794/324 367/795/325 370/791/323 372/790/322
f 382/796/301 381/797/293 368/798/296 370/799/323
f 379/782/321 383/800/326 369/801/324 372/783/322
f 384/802/327 382/796/301 370/799/323 367/803/325
f 383/804/326 384/805/327 367/806/325 369/807/324
f 378/808/328 377/809/302 373/810/318 375/811/317
f 376/812/329 374/813/303 377/809/302 378/808/328
f 385/814/316 389/815/330 378/816/328 375/817/317
f 390/818/331 388/819/300 374/820/303 376/821/329
f 389/815/330 390/822/331 376/823/329 378/816/328
f 387/742/301 386/824/315 373/825/318 377/743/302
f 352/732/292 344/731/291 384/805/327 383/804/326
f 344/757/291 354/756/301 382/796/301 384/802/327
f 365/826/320 352/827/292 383/828/326 379/829/321
f 354/756/301 348/755/298 381/797/293 382/796/301
f 355/830/319 365/826/320 379/829/321 380/831/294
f 348/774/298 355/773/319 380/734/294 381/733/293
f 360/752/301 342/751/291 386/824/315 387/742/301
f 363/763/313 358/765/299 390/822/331 389/815/330
f 358/740/299 346/739/298 388/819/300 390/818/331
f 350/764/314 363/763/313 389/815/330 385/814/316
f 342/789/291 350/788/314 385/767/316 386/766/315
f 346/754/298 360/752/301 387/742/301 388/741/300
f 472/832/332 474/833/333 425/834/334 415/835/335
f 473/836/336 461/837/337 435/838/338 421/839/339
f 461/837/337 462/840/340 424/841/341 435/838/338
f 470/842/342 465/843/343 434/844/344 409/845/345
f 462/840/340 463/846/346 417/847/347 424/841/341
f 464/848/348 467/849/349 427/850/350 437/851/351
f 465/843/343 466/852/352 423/853/353 434/844/344
f 467/849/349 468/854/354 433/855/355 427/850/350
f 469/856/356 470/842/342 409/845/345 429/857/357
f 433/855/355 422/858/358 442/859/359 448/860/360
f 409/845/345 438/861/361 486/862/362 497/863/363
f 428/864/364 416/865/365 439/866/366 446/867/367
f 422/858/358 428/864/364 446/867/367 442/859/359
f 409/845/345 434/844/344 449/868/368 438/861/361
f 437/851/351 427/850/350 445/869/369 451/870/370
f 427/850/350 433/855/355 448/860/360 445/869/369
f 432/871/371 421/872/339 420/873/372 429/874/357 452/875/373
f 431/876/374 420/877/372 421/878/339 435/879/338
f 435/879/338 424/880/341 425/881/334 431/876/374
f 475/882/375 469/856/356 429/857/357 420/883/372
f 477/884/376 476/885/377 419/886/378 430/887/379
f 466/852/352 478/888/380 436/889/381 423/853/353
f 479/890/382 477/884/376 430/887/379 426/891/383
f 480/892/384 475/882/375 420/883/372 431/893/374
f 481/894/385 464/848/348 437/851/351 418/895/386
f 474/833/333 480/892/384 431/893/374 425/834/334
f 482/896/387 473/836/336 421/839/339 432/897/371
f 483/898/388 482/896/387 432/897/371 416/865/365
f 471/899/389 483/898/388 416/865/365 428/864/364
f 476/900/377 481/901/385 418/902/386 419/903/378
f 478/888/380 479/890/382 426/891/383 436/889/381
f 423/853/353 436/889/381 450/904/390 443/905/391
f 426/891/383 430/887/379 447/906/392 444/907/393
f 434/844/344 423/853/353 443/905/391 449/868/368
f 418/895/386 437/851/351 451/870/370 440/908/394
f 430/887/379 419/886/378 441/909/395 447/906/392
f 419/903/378 418/902/386 440/910/394 441/911/395
f 436/889/381 426/891/383 444/907/393 450/904/390
f 455/912/396 495/913/397 494/914/398 416/865/365
f 432/871/371 452/875/373 456/915/399 455/916/396
f 452/875/373 429/874/357 454/917/400 456/915/399
f 455/916/396 456/915/399 459/918/401 458/919/402
f 456/915/399 454/917/400 457/920/403 459/918/401
f 484/921/404 422/858/358 433/855/355 468/854/354
f 515/922/405 460/923/406 404/924/407 520/925/408
f 422/858/358 484/921/404 471/899/389 428/864/364
f 515/922/405 484/921/404 468/854/354 518/926/409
f 524/927/410 510/928/411 479/890/382 478/888/380
f 523/929/412 512/930/413 481/901/385 476/900/377
f 520/925/408 514/931/414 483/898/388 471/899/389
f 514/931/414 513/932/415 482/896/387 483/898/388
f 513/932/415 507/933/416 473/836/336 482/896/387
f 522/934/417 511/935/418 480/892/384 474/833/333
f 512/936/413 503/937/419 464/848/348 481/894/385
f 511/935/418 508/938/420 475/882/375 480/892/384
f 510/928/411 509/939/421 477/884/376 479/890/382
f 517/940/422 524/927/410 478/888/380 466/852/352
f 509/939/421 523/941/412 476/885/377 477/884/376
f 508/938/420 506/942/423 469/856/356 475/882/375
f 506/942/423 519/943/424 470/842/342 469/856/356
f 505/944/425 518/926/409 468/854/354 467/849/349
f 504/945/426 517/940/422 466/852/352 465/843/343
f 503/937/419 505/944/425 467/849/349 464/848/348
f 502/946/427 516/947/428 463/846/346 462/840/340
f 519/943/424 504/945/426 465/843/343 470/842/342
f 501/948/429 502/946/427 462/840/340 461/837/337
f 507/933/416 501/948/429 461/837/337 473/836/336
f 521/949/430 522/934/417 474/833/333 472/832/332
f 454/950/400 409/845/345 497/863/363 499/951/431
f 432/897/371 455/912/396 416/865/365
f 458/919/402 459/918/401 453/952/432 491/953/433 490/954/434
f 455/955/396 458/956/402 493/957/435 495/958/397
f 493/957/435 458/956/402 490/959/434
f 459/918/401 457/920/403 485/960/436 487/961/437 453/952/432
f 409/845/345 454/950/400 429/857/357
f 454/962/400 499/963/431 498/964/438 457/965/403
f 489/966/439 439/866/366 416/865/365 494/914/398
f 485/967/436 488/968/440 487/969/437
f 488/968/440 486/862/362 487/969/437
f 489/966/439 492/970/441 491/971/433
f 492/970/441 490/972/434 491/971/433
f 493/973/435 496/974/442 495/913/397
f 496/974/442 494/914/398 495/913/397
f 497/863/363 500/975/443 499/951/431
f 500/975/443 498/976/438 499/951/431
f 489/966/439 494/914/398 496/974/442 492/970/441
f 492/970/441 496/974/442 493/973/435 490/972/434
f 485/967/436 498/976/438 500/975/443 488/968/440
f 488/968/440 500/975/443 497/863/363 486/862/362
f 485/977/436 457/965/403 498/964/438
f 531/978/444 525/979/445 527/980/446 533/981/447
f 516/982/428 394/983/448 392/984/449 521/985/430
f 463/986/346 516/982/428 521/985/430 472/987/332
f 392/988/449 401/989/450 522/934/417 521/949/430
f 398/990/451 412/991/452 501/948/429 507/933/416
f 412/991/452 400/992/453 502/946/427 501/948/429
f 391/993/454 411/994/455 504/945/426 519/943/424
f 400/992/453 394/995/448 516/947/428 502/946/427
f 414/996/456 403/997/457 505/944/425 503/937/419
f 411/994/455 399/998/458 517/940/422 504/945/426
f 403/997/457 410/999/459 518/926/409 505/944/425
f 405/1000/460 391/993/454 519/943/424 506/942/423
f 397/1001/461 405/1000/460 506/942/423 508/938/420
f 406/1002/462 396/1003/463 523/941/412 509/939/421
f 399/998/458 413/1004/464 524/927/410 517/940/422
f 402/1005/465 406/1002/462 509/939/421 510/928/411
f 407/1006/466 397/1001/461 508/938/420 511/935/418
f 395/1007/467 414/996/456 503/937/419 512/936/413
f 401/989/450 407/1006/466 511/935/418 522/934/417
f 408/1008/468 398/990/451 507/933/416 513/932/415
f 393/1009/469 408/1008/468 513/932/415 514/931/414
f 404/924/407 393/1009/469 514/931/414 520/925/408
f 396/1010/463 395/1011/467 512/930/413 523/929/412
f 413/1004/464 402/1005/465 510/928/411 524/927/410
f 460/923/406 515/922/405 518/926/409 410/999/459
f 484/921/404 515/922/405 520/925/408 471/899/389
f 564/1012/470 554/1013/471 549/1014/472 552/1015/473
f 425/881/334 424/880/341 417/1016/347 415/1017/335
f 541/1018/474 533/1019/447 527/1020/446 539/1021/475
f 537/1022/476 526/1023/477 528/1024/478 536/1025/479
f 566/1026/480 557/1027/481 545/1028/482 548/1029/483
f 579/1030/476 530/1031/476 529/1032/484 578/1033/484
f 571/1034/485 535/1035/485 529/1036/484 569/1037/484
f 572/1038/486 546/1039/487 535/1035/485 571/1034/485
f 548/1040/483 545/1041/482 533/1019/447 541/1018/474
f 526/1042/477 532/1043/488 534/1044/489 528/1045/478
f 544/1046/490 531/978/444 533/981/447 545/1047/482
f 543/1048/491 547/1049/492 538/1050/493 534/1051/489
f 534/1051/489 538/1050/493 536/1052/479 528/1053/478
f 570/1054/476 537/1022/476 536/1025/479 569/1055/484
f 580/1056/494 548/1040/483 541/1018/474 577/1057/485
f 525/1058/445 540/1059/476 539/1060/475 527/1061/446
f 577/1057/485 541/1018/474 539/1021/475 578/1062/484
f 576/1063/495 561/1064/496 546/1039/487 572/1038/486
f 532/1043/488 542/1065/497 543/1066/491 534/1044/489
f 415/1017/335 417/1016/347 542/1067/497 544/1068/490
f 544/1069/490 542/1070/497 532/1071/488 531/1072/444
f 531/1072/444 532/1071/488 526/1073/477 525/1074/445
f 558/1075/498 567/1076/499 553/1077/500 550/1078/501
f 584/1079/502 566/1080/480 548/1040/483 580/1056/494
f 555/1081/503 563/1082/504 547/1083/492 543/1084/491
f 567/1076/499 558/1075/498 559/1085/505 568/1086/506
f 568/1087/506 559/1088/505 557/1089/481 566/1090/480
f 574/1091/507 560/1092/508 562/1093/509 575/1094/510
f 575/1095/510 562/1096/509 561/1097/496 576/1098/495
f 554/1013/471 564/1012/470 565/1099/511 556/1100/512
f 556/1101/512 565/1102/511 563/1103/504 555/1104/503
f 582/1105/513 567/1076/499 568/1086/506 583/1106/514
f 583/1106/514 568/1086/506 566/1107/480 584/1108/502
f 565/1099/511 575/1109/510 576/1110/495 563/1111/504
f 564/1012/470 574/1112/507 575/1109/510 565/1099/511
f 563/1113/504 576/1063/495 572/1038/486 547/1049/492
f 530/1031/476 570/1054/476 569/1055/484 529/1032/484
f 547/1049/492 572/1038/486 571/1034/485 538/1050/493
f 538/1050/493 571/1034/485 569/1037/484 536/1052/479
f 562/1096/509 583/1114/514 584/1115/502 561/1097/496
f 560/1092/508 582/1116/513 583/1117/514 562/1093/509
f 561/1064/496 584/1079/502 580/1056/494 546/1039/487
f 535/1035/485 577/1057/485 578/1062/484 529/1036/484
f 546/1039/487 580/1056/494 577/1057/485 535/1035/485
f 540/1059/476 579/1030/476 578/1033/484 539/1060/475
f 550/1078/501 472/1118/332 558/1075/498
f 542/1065/497 417/847/347 555/1104/503
f 543/1084/491 542/1119/497 555/1081/503
f 415/835/335 544/1046/490 557/1089/481
f 545/1028/482 557/1027/481 544/1120/490
f 549/1014/472 554/1013/471 463/1121/346
f 415/835/335 557/1089/481 472/832/332
f 557/1089/481 559/1088/505 472/832/332
f 556/1101/512 555/1104/503 463/846/346
f 463/846/346 555/1104/503 417/847/347
f 552/1015/473 573/1122/515 574/1112/507 564/1012/470
f 581/1123/516 560/1124/508 574/1125/507 573/1126/515
f 551/1127/517 582/1128/513 560/1124/508 581/1123/516
f 567/1076/499 582/1105/513 551/1129/517 553/1077/500
f 472/987/332 550/1130/501 553/1131/500 551/1132/517 581/1133/516 573/1134/515 552/1135/473 549/1136/472 463/986/346
f 554/1013/471 556/1100/512 463/1121/346
f 559/1085/505 558/1075/498 472/1118/332
f 641/1137/518 604/1138/519 588/1139/520 611/1140/521
f 640/1141/522 607/1142/523 586/1143/524 603/1144/525
f 639/1145/526 610/1146/527 587/1147/528 606/1148/529
f 638/1149/530 609/1150/531 586/1143/524 607/1142/523
f 637/1151/532 614/1152/533 596/1153/534 613/1154/535
f 636/1155/536 617/1156/537 595/1157/538 612/1158/539
f 635/1159/540 620/1160/541 590/1161/542 608/1162/543
f 634/1163/544 621/1164/545 599/1165/546 622/1166/547
f 633/1167/548 613/1154/535 596/1153/534 623/1168/549
f 632/1169/550 624/1170/551 594/1171/552 605/1172/553
f 631/1173/554 627/1174/555 601/1175/556 628/1176/557
f 630/1177/558 609/1150/531 591/1178/559 629/1179/560
f 627/1174/555 630/1177/558 629/1179/560 601/1175/556
f 590/1161/542 603/1144/525 630/1177/558 627/1174/555
f 603/1144/525 586/1143/524 609/1150/531 630/1177/558
f 602/1180/561 631/1173/554 628/1176/557 589/1181/562
f 585/1182/563 608/1162/543 631/1173/554 602/1180/561
f 608/1162/543 590/1161/542 627/1174/555 631/1173/554
f 610/1146/527 632/1169/550 605/1172/553 587/1147/528
f 592/1183/564 625/1184/565 632/1169/550 610/1146/527
f 625/1184/565 600/1185/566 624/1170/551 632/1169/550
f 621/1164/545 633/1167/548 623/1168/549 599/1165/546
f 594/1171/552 611/1140/521 633/1167/548 621/1164/545
f 611/1140/521 588/1139/520 613/1154/535 633/1167/548
f 606/1148/529 634/1163/544 622/1166/547 595/1186/538
f 587/1147/528 605/1172/553 634/1163/544 606/1148/529
f 605/1172/553 594/1171/552 621/1164/545 634/1163/544
f 612/1158/539 635/1159/540 608/1162/543 585/1182/563
f 595/1157/538 622/1187/547 635/1159/540 612/1158/539
f 622/1187/547 599/1188/546 620/1160/541 635/1159/540
f 602/1180/561 636/1155/536 612/1158/539 585/1182/563
f 589/1181/562 618/1189/567 636/1155/536 602/1180/561
f 618/1189/567 598/1190/568 617/1156/537 636/1155/536
f 604/1138/519 637/1151/532 613/1154/535 588/1139/520
f 593/1191/569 615/1192/570 637/1151/532 604/1138/519
f 615/1192/570 597/1193/571 614/1152/533 637/1151/532
f 614/1194/533 638/1195/530 607/1196/523 596/1197/534
f 597/1198/571 616/1199/572 638/1195/530 614/1194/533
f 616/1200/572 591/1178/559 609/1150/531 638/1149/530
f 617/1201/537 639/1145/526 606/1148/529 595/1186/538
f 598/1202/568 619/1203/573 639/1145/526 617/1201/537
f 619/1203/573 592/1183/564 610/1146/527 639/1145/526
f 620/1160/541 640/1141/522 603/1144/525 590/1161/542
f 599/1188/546 623/1204/549 640/1141/522 620/1160/541
f 623/1204/549 596/1205/534 607/1142/523 640/1141/522
f 624/1170/551 641/1137/518 611/1140/521 594/1171/552
f 600/1185/566 626/1206/574 641/1137/518 624/1170/551
f 626/1206/574 593/1191/569 604/1138/519 641/1137/518
f 615/1207/570 593/1208/569 626/1209/574 600/1210/566 625/1211/565 592/1212/564 619/1213/573 598/1214/568 618/1215/567 589/1216/562 628/1217/557 601/1218/556 629/1219/560 591/1220/559 616/1221/572 597/1222/571
f 698/1223/518 661/1224/519 645/1225/520 668/1226/521
f 697/1227/522 664/1228/523 643/1229/524 660/1230/525
f 696/1231/526 667/1232/527 644/1233/528 663/1234/529
f 695/1235/530 666/1236/531 643/1229/524 664/1228/523
f 694/1237/532 671/1238/533 653/1239/534 670/1240/535
f 693/1241/536 674/1242/537 652/1243/538 669/1244/539
f 692/1245/540 677/1246/541 647/1247/542 665/1248/543
f 691/1249/544 678/1250/545 656/1251/546 679/1252/547
f 690/1253/548 670/1254/535 653/1255/534 680/1256/549
f 689/1257/550 681/1258/551 651/1259/552 662/1260/553
f 688/1261/554 684/1262/555 658/1263/556 685/1264/557
f 687/1265/558 666/1236/531 648/1266/559 686/1267/560
f 684/1262/555 687/1265/558 686/1267/560 658/1263/556
f 647/1247/542 660/1230/525 687/1265/558 684/1262/555
f 660/1230/525 643/1229/524 666/1236/531 687/1265/558
f 659/1268/561 688/1261/554 685/1264/557 646/1269/562
f 642/1270/563 665/1248/543 688/1261/554 659/1268/561
f 665/1248/543 647/1247/542 684/1262/555 688/1261/554
f 667/1232/527 689/1257/550 662/1260/553 644/1233/528
f 649/1271/564 682/1272/565 689/1257/550 667/1232/527
f 682/1272/565 657/1273/566 681/1258/551 689/1257/550
f 678/1250/545 690/1253/548 680/1256/549 656/1251/546
f 651/1259/552 668/1226/521 690/1253/548 678/1250/545
f 668/1226/521 645/1225/520 670/1254/535 690/1253/548
f 663/1234/529 691/1249/544 679/1252/547 652/1274/538
f 644/1233/528 662/1260/553 691/1249/544 663/1234/529
f 662/1260/553 651/1259/552 678/1250/545 691/1249/544
f 669/1244/539 692/1245/540 665/1248/543 642/1270/563
f 652/1243/538 679/1275/547 692/1245/540 669/1244/539
f 679/1275/547 656/1276/546 677/1246/541 692/1245/540
f 659/1268/561 693/1241/536 669/1244/539 642/1270/563
f 646/1269/562 675/1277/567 693/1241/536 659/1268/561
f 675/1277/567 655/1278/568 674/1242/537 693/1241/536
f 661/1224/519 694/1279/532 670/1254/535 645/1225/520
f 650/1280/569 672/1281/570 694/1279/532 661/1224/519
f 672/1282/570 654/1283/571 671/1238/533 694/1237/532
f 671/1284/533 695/1285/530 664/1286/523 653/1287/534
f 654/1288/571 673/1289/572 695/1290/530 671/1291/533
f 673/1292/572 648/1266/559 666/1236/531 695/1235/530
f 674/1293/537 696/1231/526 663/1234/529 652/1274/538
f 655/1294/568 676/1295/573 696/1231/526 674/1293/537
f 676/1295/573 649/1271/564 667/1232/527 696/1231/526
f 677/1246/541 697/1227/522 660/1230/525 647/1247/542
f 656/1276/546 680/1296/549 697/1227/522 677/1246/541
f 680/1296/549 653/1297/534 664/1228/523 697/1227/522
f 681/1258/551 698/1223/518 668/1226/521 651/1259/552
f 657/1273/566 683/1298/574 698/1223/518 681/1258/551
f 683/1298/574 650/1280/569 661/1224/519 698/1223/518
f 672/1299/570 650/1300/569 683/1301/574 657/1302/566 682/1303/565 649/1304/564 676/1305/573 655/1306/568 675/1307/567 646/1308/562 685/1309/557 658/1310/556 686/1311/560 648/1312/559 673/1313/572 654/1314/571
f 883/1315/290 700/1316/575 702/1317/576 884/1318/577
f 884/1319/577 702/1320/576 706/1321/578 885/1322/579
f 885/1323/579 706/1324/578 704/1325/580 886/1326/297
f 883/1315/290 699/1327/581 707/1328/582 887/1329/290
f 701/1330/583 705/1331/584 703/1332/585 699/1333/581
f 706/1321/578 702/1320/576 700/1334/575 704/1335/580
f 707/1336/582 709/1337/586 713/1338/587 711/1339/588
f 699/1333/581 703/1332/585 709/1337/586 707/1336/582
f 704/1335/580 700/1334/575 708/1340/589 710/1341/590
f 886/1326/297 704/1325/580 710/1342/590 888/1343/297
f 714/1344/591 712/1345/592 716/1346/593 718/1347/594
f 887/1329/290 707/1328/582 711/1348/588 889/1349/290
f 710/1341/590 708/1340/589 712/1345/592 714/1344/591
f 888/1343/297 710/1342/590 714/1350/591 890/1351/297
f 892/1352/297 718/1353/594 722/1354/595 894/1355/297
f 890/1351/297 714/1350/591 718/1353/594 892/1352/297
f 711/1339/588 713/1338/587 717/1356/596 715/1357/597
f 889/1349/290 711/1348/588 715/1358/597 891/1359/290
f 719/1360/598 721/1361/599 725/1362/600 723/1363/601
f 715/1364/597 717/1365/596 721/1361/599 719/1360/598
f 891/1359/290 715/1358/597 719/1366/598 893/1367/290
f 718/1368/594 716/1369/593 720/1370/602 722/1371/595
f 726/1372/603 724/1373/604 728/1374/605 730/1375/606
f 893/1367/290 719/1366/598 723/1376/601 895/1377/290
f 722/1371/595 720/1370/602 724/1373/604 726/1372/603
f 894/1355/297 722/1354/595 726/1378/603 896/1379/297
f 727/1380/607 729/1381/608 733/1382/609 731/1383/610
f 896/1379/297 726/1378/603 730/1384/606 898/1385/297
f 723/1363/601 725/1362/600 729/1381/608 727/1380/607
f 895/1377/290 723/1376/601 727/1386/607 897/1387/290
f 731/1383/610 733/1382/609 737/1388/611 735/1389/612
f 897/1387/290 727/1386/607 731/1390/610 899/1391/290
f 730/1375/606 728/1374/605 732/1392/613 734/1393/614
f 898/1385/297 730/1384/606 734/1394/614 900/1395/297
f 738/1396/615 736/1397/616 740/1398/617 742/1399/618
f 899/1391/290 731/1390/610 735/1400/612 901/1401/290
f 734/1393/614 732/1392/613 736/1402/616 738/1403/615
f 900/1395/297 734/1394/614 738/1404/615 902/1405/297
f 739/1406/619 741/1407/620 745/1408/621 743/1409/622
f 902/1405/297 738/1404/615 742/1410/618 904/1411/297
f 735/1412/612 737/1413/611 741/1407/620 739/1406/619
f 901/1401/290 735/1400/612 739/1414/619 903/1415/290
f 743/1409/622 745/1408/621 749/1416/623 747/1417/624
f 903/1415/290 739/1414/619 743/1418/622 905/1419/290
f 742/1399/618 740/1398/617 744/1420/625 746/1421/626
f 904/1411/297 742/1410/618 746/1422/626 906/1423/297
f 907/1424/290 747/1425/624 751/1426/627 909/1427/290
f 905/1419/290 743/1418/622 747/1425/624 907/1424/290
f 746/1421/626 744/1420/625 748/1428/628 750/1429/629
f 906/1423/297 746/1422/626 750/1430/629 908/1431/297
f 754/1432/630 752/1433/631 756/1434/632 758/1435/633
f 750/1429/629 748/1428/628 752/1433/631 754/1432/630
f 908/1431/297 750/1430/629 754/1436/630 910/1437/297
f 747/1417/624 749/1416/623 753/1438/634 751/1439/627
f 755/1440/635 757/1441/636 761/1442/637 759/1443/638
f 910/1437/297 754/1436/630 758/1444/633 912/1445/297
f 751/1439/627 753/1438/634 757/1441/636 755/1440/635
f 909/1427/290 751/1426/627 755/1446/635 911/1447/290
f 762/1448/639 760/1449/640 764/1450/641 766/1451/642
f 911/1447/290 755/1446/635 759/1452/638 913/1453/290
f 758/1435/633 756/1434/632 760/1449/640 762/1448/639
f 912/1445/297 758/1444/633 762/1454/639 914/1455/297
f 940/1456/297 811/1457/643 770/1458/644 918/1459/297
f 914/1455/297 762/1454/639 766/1460/642 916/1461/297
f 759/1443/638 761/1442/637 765/1462/645 763/1463/646
f 913/1453/290 759/1452/638 763/1464/646 915/1465/290
f 767/1466/647 769/1467/648 773/1468/649 771/1469/650
f 813/1470/651 812/1471/652 769/1467/648 767/1466/647
f 939/1472/290 813/1473/651 767/1474/647 917/1475/290
f 770/1458/644 811/1457/643 817/1476/653 816/1477/654
f 774/1478/655 772/1479/656 776/1480/657 778/1481/658
f 917/1475/290 767/1474/647 771/1482/650 919/1483/290
f 770/1484/644 768/1485/659 772/1479/656 774/1478/655
f 918/1459/297 770/1458/644 774/1486/655 920/1487/297
f 775/1488/660 777/1489/661 781/1490/662 779/1491/663
f 920/1487/297 774/1486/655 778/1492/658 922/1493/297
f 771/1469/650 773/1468/649 777/1489/661 775/1488/660
f 919/1483/290 771/1482/650 775/1494/660 921/1495/290
f 779/1491/663 781/1490/662 785/1496/664 783/1497/665
f 921/1495/290 775/1494/660 779/1498/663 923/1499/290
f 778/1481/658 776/1480/657 780/1500/666 782/1501/667
f 922/1493/297 778/1492/658 782/1502/667 924/1503/297
f 786/1504/668 784/1505/669 788/1506/670 790/1507/671
f 923/1499/290 779/1498/663 783/1508/665 925/1509/290
f 782/1501/667 780/1500/666 784/1505/669 786/1504/668
f 924/1503/297 782/1502/667 786/1510/668 926/1511/297
f 787/1512/672 789/1513/673 793/1514/674 791/1515/675
f 926/1511/297 786/1510/668 790/1516/671 928/1517/297
f 783/1497/665 785/1496/664 789/1513/673 787/1512/672
f 925/1509/290 783/1508/665 787/1518/672 927/1519/290
f 929/1520/290 791/1521/675 795/1522/676 931/1523/290
f 927/1519/290 787/1518/672 791/1521/675 929/1520/290
f 790/1507/671 788/1506/670 792/1524/677 794/1525/678
f 928/1517/297 790/1516/671 794/1526/678 930/1527/297
f 798/1528/679 796/1529/680 800/1530/681 802/1531/682
f 794/1532/678 792/1533/677 796/1529/680 798/1528/679
f 930/1527/297 794/1526/678 798/1534/679 932/1535/297
f 791/1515/675 793/1514/674 797/1536/683 795/1537/676
f 880/1538/684 879/1539/685 805/1540/686 803/1541/687
f 932/1535/297 798/1534/679 802/1542/682 934/1543/297
f 795/1544/676 797/1545/683 801/1546/688 799/1547/689
f 931/1523/290 795/1522/676 799/1548/689 933/1549/290
f 806/1550/690 804/1551/691 808/1552/692 810/1553/693
f 942/1554/290 880/1555/684 803/1556/687 935/1557/290
f 882/1558/694 881/1559/695 804/1551/691 806/1550/690
f 941/1560/297 882/1561/694 806/1562/690 936/1563/297
f 938/1564/696 810/1565/693 808/1566/692 937/1567/697
f 936/1563/297 806/1562/690 810/1568/693 938/1569/696
f 803/1541/687 805/1540/686 809/1570/698 807/1571/699
f 935/1557/290 803/1556/687 807/1572/699 937/1573/697
f 766/1574/642 764/1575/641 814/1576/700 811/1577/643
f 915/1465/290 763/1464/646 813/1473/651 939/1472/290
f 763/1463/646 765/1462/645 812/1471/652 813/1470/651
f 916/1461/297 766/1460/642 811/1457/643 940/1456/297
f 817/1578/653 818/1579/701 822/1580/702 821/1581/703
f 811/1577/643 814/1576/700 818/1579/701 817/1578/653
f 768/1582/659 770/1583/644 816/1584/654 815/1585/704
f 814/1586/700 768/1587/659 815/1588/704 818/1589/701
f 822/1590/702 819/1591/705 823/1592/706 826/1593/707
f 816/1477/654 817/1476/653 821/1594/703 820/1595/708
f 818/1589/701 815/1588/704 819/1591/705 822/1590/702
f 815/1585/704 816/1584/654 820/1596/708 819/1597/705
f 826/1593/707 823/1592/706 827/1598/709 830/1599/710
f 819/1597/705 820/1596/708 824/1600/711 823/1601/706
f 821/1602/703 822/1603/702 826/1604/707 825/1605/712
f 820/1595/708 821/1594/703 825/1606/712 824/1607/711
f 829/1608/713 830/1609/710 834/1610/714 833/1611/715
f 823/1612/706 824/1613/711 828/1614/716 827/1615/709
f 825/1605/712 826/1604/707 830/1609/710 829/1608/713
f 824/1607/711 825/1606/712 829/1616/713 828/1617/716
f 833/1618/715 834/1619/714 831/1620/717 832/1621/718
f 828/1617/716 829/1616/713 833/1622/715 832/1623/718
f 830/1599/710 827/1598/709 831/1620/717 834/1619/714
f 827/1615/709 828/1614/716 832/1624/718 831/1625/717
f 835/1626/719 836/1627/720 838/1628/721 837/1629/722
f 842/1630/723 841/1631/724 949/1632/725 950/1633/726
f 841/1631/724 842/1630/723 840/1634/727 839/1635/728
f 840/1636/727 836/1637/720 844/1638/729 846/1639/730
f 837/1640/722 841/1641/724 839/1642/728 835/1643/719
f 842/1644/723 838/1645/721 836/1646/720 840/1647/727
f 843/1648/731 845/1649/732 849/1650/733 847/1651/734
f 839/1635/728 840/1634/727 846/1652/730 845/1653/732
f 836/1627/720 835/1626/719 843/1654/731 844/1655/729
f 835/1643/719 839/1642/728 845/1649/732 843/1648/731
f 847/1651/734 849/1650/733 853/1656/735 851/1657/736
f 844/1655/729 843/1654/731 847/1658/734 848/1659/737
f 846/1639/730 844/1638/729 848/1660/737 850/1661/738
f 845/1653/732 846/1652/730 850/1662/738 849/1663/733
f 873/1664/739 874/1665/740 856/1666/741 858/1667/742
f 848/1659/737 847/1658/734 851/1668/736 852/1669/743
f 850/1661/738 848/1660/737 852/1670/743 854/1671/744
f 849/1663/733 850/1662/738 854/1672/744 853/1673/735
f 876/1674/745 875/1675/746 861/1676/747 859/1677/748
f 872/1678/749 873/1679/739 858/1680/742 857/1681/750
f 871/1682/751 872/1683/749 857/1684/750 855/1685/752
f 874/1686/740 871/1687/751 855/1688/752 856/1689/741
f 860/1690/753 859/1691/748 863/1692/754 864/1693/755
f 877/1694/756 876/1695/745 859/1691/748 860/1690/753
f 878/1696/757 877/1697/756 860/1698/753 862/1699/758
f 875/1700/746 878/1701/757 862/1702/758 861/1703/747
f 866/1704/759 864/1705/755 868/1706/760 870/1707/761
f 862/1699/758 860/1698/753 864/1708/755 866/1709/759
f 861/1703/747 862/1702/758 866/1710/759 865/1711/762
f 859/1677/748 861/1676/747 865/1712/762 863/1713/754
f 853/1673/735 854/1672/744 873/1679/739 872/1678/749
f 865/1711/762 866/1710/759 870/1714/761 869/1715/763
f 863/1716/754 865/1717/762 869/1718/763 867/1719/764
f 864/1693/755 863/1692/754 867/1720/764 868/1721/760
f 854/1671/744 852/1670/743 874/1665/740 873/1664/739
f 851/1657/736 853/1656/735 872/1683/749 871/1682/751
f 852/1669/743 851/1668/736 871/1687/751 874/1686/740
f 857/1681/750 858/1680/742 878/1701/757 875/1700/746
f 858/1667/742 856/1666/741 877/1697/756 878/1696/757
f 856/1689/741 855/1688/752 876/1695/745 877/1694/756
f 855/1685/752 857/1684/750 875/1675/746 876/1674/745
f 934/1543/297 802/1542/682 882/1561/694 941/1560/297
f 802/1531/682 800/1530/681 881/1559/695 882/1558/694
f 933/1549/290 799/1548/689 880/1555/684 942/1554/290
f 799/1547/689 801/1546/688 879/1539/685 880/1538/684
f 800/1722/681 933/1549/290 942/1554/290 881/1723/695
f 801/1724/688 934/1543/297 941/1560/297 879/1725/685
f 765/1726/645 916/1461/297 940/1456/297 812/1727/652
f 764/1728/641 915/1465/290 939/1472/290 814/1586/700
f 804/1729/691 935/1557/290 937/1573/697 808/1730/692
f 805/1731/686 936/1563/297 938/1569/696 809/1732/698
f 809/1733/698 938/1564/696 937/1567/697 807/1734/699
f 879/1725/685 941/1560/297 936/1563/297 805/1731/686
f 881/1723/695 942/1554/290 935/1557/290 804/1729/691
f 796/1735/680 931/1523/290 933/1549/290 800/1722/681
f 797/1736/683 932/1535/297 934/1543/297 801/1724/688
f 793/1737/674 930/1527/297 932/1535/297 797/1736/683
f 789/1738/673 928/1517/297 930/1527/297 793/1737/674
f 788/1739/670 927/1519/290 929/1520/290 792/1740/677
f 792/1740/677 929/1520/290 931/1523/290 796/1735/680
f 784/1741/669 925/1509/290 927/1519/290 788/1739/670
f 785/1742/664 926/1511/297 928/1517/297 789/1738/673
f 781/1743/662 924/1503/297 926/1511/297 785/1742/664
f 780/1744/666 923/1499/290 925/1509/290 784/1741/669
f 777/1745/661 922/1493/297 924/1503/297 781/1743/662
f 776/1746/657 921/1495/290 923/1499/290 780/1744/666
f 772/1747/656 919/1483/290 921/1495/290 776/1746/657
f 773/1748/649 920/1487/297 922/1493/297 777/1745/661
f 769/1749/648 918/1459/297 920/1487/297 773/1748/649
f 768/1587/659 917/1475/290 919/1483/290 772/1747/656
f 814/1586/700 939/1472/290 917/1475/290 768/1587/659
f 760/1750/640 913/1453/290 915/1465/290 764/1728/641
f 761/1751/637 914/1455/297 916/1461/297 765/1726/645
f 812/1727/652 940/1456/297 918/1459/297 769/1749/648
f 757/1752/636 912/1445/297 914/1455/297 761/1751/637
f 756/1753/632 911/1447/290 913/1453/290 760/1750/640
f 752/1754/631 909/1427/290 911/1447/290 756/1753/632
f 753/1755/634 910/1437/297 912/1445/297 757/1752/636
f 749/1756/623 908/1431/297 910/1437/297 753/1755/634
f 745/1757/621 906/1423/297 908/1431/297 749/1756/623
f 744/1758/625 905/1419/290 907/1424/290 748/1759/628
f 748/1759/628 907/1424/290 909/1427/290 752/1754/631
f 741/1760/620 904/1411/297 906/1423/297 745/1757/621
f 740/1761/617 903/1415/290 905/1419/290 744/1758/625
f 736/1762/616 901/1401/290 903/1415/290 740/1761/617
f 737/1763/611 902/1405/297 904/1411/297 741/1760/620
f 733/1764/609 900/1395/297 902/1405/297 737/1763/611
f 732/1765/613 899/1391/290 901/1401/290 736/1762/616
f 729/1766/608 898/1385/297 900/1395/297 733/1764/609
f 728/1767/605 897/1387/290 899/1391/290 732/1765/613
f 724/1768/604 895/1377/290 897/1387/290 728/1767/605
f 725/1769/600 896/1379/297 898/1385/297 729/1766/608
f 721/1770/599 894/1355/297 896/1379/297 725/1769/600
f 720/1771/602 893/1367/290 895/1377/290 724/1768/604
f 716/1772/593 891/1359/290 893/1367/290 720/1771/602
f 712/1773/592 889/1349/290 891/1359/290 716/1772/593
f 713/1774/587 890/1351/297 892/1352/297 717/1775/596
f 717/1775/596 892/1352/297 894/1355/297 721/1770/599
f 709/1776/586 888/1343/297 890/1351/297 713/1774/587
f 708/1777/589 887/1329/290 889/1349/290 712/1773/592
f 703/1778/585 886/1326/297 888/1343/297 709/1776/586
f 700/1316/575 883/1315/290 887/1329/290 708/1777/589
f 705/1779/584 885/1323/579 886/1326/297 703/1778/585
f 701/1780/583 884/1781/577 885/1782/579 705/1783/584
f 699/1327/581 883/1315/290 884/1318/577 701/1784/583
f 870/1707/761 868/1706/760 944/1785/765 946/1786/766
f 869/1715/763 870/1714/761 946/1787/766 945/1788/767
f 867/1719/764 869/1718/763 945/1789/767 943/1790/768
f 868/1721/760 867/1720/764 943/1791/768 944/1792/765
f 947/1793/769 948/1794/770 950/1795/726 949/1796/725
f 841/1641/724 837/1640/722 947/1793/769 949/1796/725
f 838/1645/721 842/1644/723 950/1797/726 948/1798/770
f 837/1629/722 838/1628/721 948/1799/770 947/1800/769
f 951/1801/771 953/1802/772 957/1803/773 955/1804/774
f 958/1805/775 956/1806/776 960/1807/777 962/1808/778
f 953/1809/772 954/1810/779 958/1811/775 957/1812/773
f 952/1813/780 951/1814/771 955/1815/774 956/1816/776
f 954/1817/779 952/1818/780 956/1806/776 958/1805/775
f 959/1819/781 961/1820/782 965/1821/783 963/1822/784
f 957/1812/773 958/1811/775 962/1823/778 961/1824/782
f 955/1804/774 957/1803/773 961/1820/782 959/1819/781
f 956/1816/776 955/1815/774 959/1825/781 960/1826/777
f 964/1827/785 963/1828/784 967/1829/786 968/1830/787
f 960/1826/777 959/1825/781 963/1828/784 964/1827/785
f 962/1808/778 960/1807/777 964/1831/785 966/1832/788
f 961/1824/782 962/1823/778 966/1833/788 965/1834/783
f 970/1835/789 968/1836/787 972/1837/790 974/1838/791
f 966/1832/788 964/1831/785 968/1836/787 970/1835/789
f 965/1834/783 966/1833/788 970/1839/789 969/1840/792
f 963/1822/784 965/1821/783 969/1841/792 967/1842/786
f 971/1843/793 973/1844/794 977/1845/795 975/1846/796
f 969/1840/792 970/1839/789 974/1847/791 973/1848/794
f 967/1842/786 969/1841/792 973/1844/794 971/1843/793
f 968/1830/787 967/1829/786 971/1849/793 972/1850/790
f 978/1851/797 976/1852/798 980/1853/799 982/1854/800
f 972/1850/790 971/1849/793 975/1855/796 976/1856/798
f 974/1838/791 972/1837/790 976/1852/798 978/1851/797
f 973/1848/794 974/1847/791 978/1857/797 977/1858/795
f 981/1859/801 982/1860/800 986/1861/802 985/1862/803
f 977/1858/795 978/1857/797 982/1860/800 981/1859/801
f 975/1846/796 977/1845/795 981/1863/801 979/1864/804
f 976/1856/798 975/1855/796 979/1865/804 980/1866/799
f 983/1867/805 985/1868/803 989/1869/806 987/1870/807
f 979/1864/804 981/1863/801 985/1868/803 983/1867/805
f 980/1866/799 979/1865/804 983/1871/805 984/1872/808
f 982/1854/800 980/1853/799 984/1873/808 986/1874/802
f 990/1875/809 988/1876/810 992/1877/811 994/1878/812
f 984/1872/808 983/1871/805 987/1879/807 988/1880/810
f 986/1874/802 984/1873/808 988/1876/810 990/1875/809
f 985/1862/803 986/1861/802 990/1881/809 989/1882/806
f 991/1883/813 993/1884/814 997/1885/815 995/1886/816
f 989/1882/806 990/1881/809 994/1887/812 993/1888/814
f 987/1870/807 989/1869/806 993/1884/814 991/1883/813
f 988/1880/810 987/1879/807 991/1889/813 992/1890/811
f 995/1886/816 997/1885/815 1001/1891/817 999/1892/818
f 992/1893/811 991/1894/813 995/1895/816 996/1896/819
f 994/1878/812 992/1877/811 996/1897/819 998/1898/820
f 993/1888/814 994/1887/812 998/1899/820 997/1900/815
f 1000/1901/821 999/1902/818 1039/1903/822 1040/1904/823
f 996/1905/819 995/1906/816 999/1907/818 1000/1908/821
f 998/1898/820 996/1897/819 1000/1909/821 1002/1910/824
f 997/1911/815 998/1912/820 1002/1913/824 1001/1914/817
f 953/1802/772 951/1801/771 1003/1915/825 1005/1916/826
f 951/1814/771 952/1813/780 1004/1917/827 1003/1918/825
f 952/1818/780 954/1817/779 1006/1919/828 1004/1920/827
f 954/1810/779 953/1809/772 1005/1921/826 1006/1922/828
f 1004/1920/827 1006/1919/828 1010/1923/829 1008/1924/830
f 1006/1922/828 1005/1921/826 1009/1925/831 1010/1926/829
f 1005/1916/826 1003/1915/825 1007/1927/832 1009/1928/831
f 1003/1918/825 1004/1917/827 1008/1929/830 1007/1930/832
f 1009/1928/831 1007/1927/832 1011/1931/833 1013/1932/834
f 1007/1930/832 1008/1929/830 1012/1933/835 1011/1934/833
f 1008/1924/830 1010/1923/829 1014/1935/836 1012/1936/835
f 1010/1926/829 1009/1925/831 1013/1937/834 1014/1938/836
f 1013/1932/834 1011/1931/833 1015/1939/837 1017/1940/838
f 1011/1934/833 1012/1933/835 1016/1941/839 1015/1942/837
f 1012/1936/835 1014/1935/836 1018/1943/840 1016/1944/839
f 1014/1938/836 1013/1937/834 1017/1945/838 1018/1946/840
f 1016/1944/839 1018/1943/840 1022/1947/841 1020/1948/842
f 1018/1946/840 1017/1945/838 1021/1949/843 1022/1950/841
f 1017/1940/838 1015/1939/837 1019/1951/844 1021/1952/843
f 1015/1942/837 1016/1941/839 1020/1953/842 1019/1954/844
f 1021/1952/843 1019/1951/844 1023/1955/845 1025/1956/846
f 1019/1954/844 1020/1953/842 1024/1957/847 1023/1958/845
f 1020/1948/842 1022/1947/841 1026/1959/848 1024/1960/847
f 1022/1950/841 1021/1949/843 1025/1961/846 1026/1962/848
f 1023/1958/845 1024/1957/847 1028/1963/849 1027/1964/850
f 1024/1960/847 1026/1959/848 1030/1965/851 1028/1966/849
f 1026/1962/848 1025/1961/846 1029/1967/852 1030/1968/851
f 1025/1956/846 1023/1955/845 1027/1969/850 1029/1970/852
f 1028/1966/849 1030/1965/851 1034/1971/853 1032/1972/854
f 1030/1968/851 1029/1967/852 1033/1973/855 1034/1974/853
f 1029/1970/852 1027/1969/850 1031/1975/856 1033/1976/855
f 1027/1964/850 1028/1963/849 1032/1977/854 1031/1978/856
f 1033/1976/855 1031/1975/856 1035/1979/857 1037/1980/858
f 1031/1978/856 1032/1977/854 1036/1981/859 1035/1982/857
f 1032/1972/854 1034/1971/853 1038/1983/860 1036/1984/859
f 1034/1974/853 1033/1973/855 1037/1985/858 1038/1986/860
f 1035/1987/857 1036/1988/859 1038/1989/860 1037/1990/858
f 1040/1991/823 1039/1992/822 1041/1993/861 1042/1994/862
f 1002/1995/824 1000/1996/821 1040/1997/823 1042/1998/862
f 1001/1999/817 1002/2000/824 1042/2001/862 1041/2002/861
f 999/2003/818 1001/2004/817 1041/2005/861 1039/2006/822
o Cube.002_Cube.001
v 0.082102 0.530225 -1.208942
v -0.082103 0.530225 -1.208942
v -0.036434 0.455016 -1.200148
v 0.036434 0.455016 -1.200148
v -0.075350 0.492812 -1.214334
v 0.075349 0.492812 -1.214334
v 0.064613 0.475739 -1.210947
v -0.064613 0.475739 -1.210947
v -0.078726 0.509211 -1.214797
v 0.078277 0.545470 -1.195664
v 0.055300 0.465979 -1.207243
v -0.078277 0.545470 -1.195664
v -0.069982 0.482572 -1.212698
v 0.078726 0.509211 -1.214797
v 0.069981 0.482572 -1.212698
v -0.055301 0.465979 -1.207243
v -0.000000 0.541925 -1.195664
v 0.085575 0.544614 -1.287256
v -0.085575 0.544614 -1.287256
v -0.037975 0.457903 -1.278461
v 0.037975 0.457903 -1.278461
v -0.078536 0.495700 -1.292647
v 0.078537 0.495700 -1.292647
v 0.067346 0.478627 -1.289260
v -0.067346 0.478627 -1.289260
v -0.082056 0.512099 -1.293111
v 0.081588 0.556314 -1.273978
v 0.057639 0.468867 -1.285556
v -0.081588 0.556314 -1.273978
v -0.072941 0.485459 -1.291011
v 0.082056 0.512099 -1.293111
v 0.072941 0.485459 -1.291011
v -0.057639 0.468867 -1.285556
v 0.000000 0.556314 -1.273978
v 0.094900 0.566109 -1.359512
v -0.094900 0.566109 -1.359512
v -0.042114 0.461508 -1.369461
v 0.042114 0.461508 -1.369461
v -0.087095 0.499304 -1.383647
v 0.087095 0.499304 -1.383647
v 0.074685 0.482231 -1.380259
v -0.074685 0.482231 -1.380259
v -0.090997 0.515703 -1.384110
v 0.090478 0.577810 -1.346234
v 0.063920 0.472471 -1.376556
v -0.090478 0.577810 -1.346234
v -0.080890 0.489064 -1.382011
v 0.090998 0.515703 -1.384110
v 0.080890 0.489064 -1.382011
v -0.063920 0.472471 -1.376556
v 0.000000 0.577810 -1.346234
v 0.105756 0.568048 -1.476670
v -0.105756 0.568048 -1.476670
v -0.046931 0.466955 -1.467875
v 0.046931 0.466955 -1.467875
v -0.097057 0.504751 -1.482062
v 0.097057 0.504751 -1.482062
v 0.083228 0.487678 -1.478674
v -0.083228 0.487678 -1.478674
v -0.101406 0.521150 -1.482525
v 0.100828 0.579748 -1.463392
v 0.071232 0.477918 -1.474971
v -0.100828 0.579748 -1.463392
v -0.090143 0.494511 -1.480426
v 0.101406 0.521150 -1.482525
v 0.090143 0.494511 -1.480426
v -0.071232 0.477918 -1.474971
v 0.000000 0.579748 -1.463392
v 0.105756 0.569225 -1.576553
v -0.105756 0.569225 -1.576553
v -0.046931 0.473801 -1.567759
v 0.046931 0.473801 -1.567759
v -0.097057 0.511598 -1.581945
v 0.097057 0.511598 -1.581945
v 0.083228 0.494525 -1.578558
v -0.083228 0.494525 -1.578558
v -0.101406 0.527997 -1.582409
v 0.100828 0.580925 -1.563275
v 0.071232 0.484765 -1.574854
v -0.100828 0.580925 -1.563275
v -0.090143 0.501357 -1.580309
v 0.101406 0.527997 -1.582409
v 0.090143 0.501357 -1.580309
v -0.071232 0.484765 -1.574854
v 0.000000 0.580925 -1.563275
v 0.105756 0.568769 -1.679410
v -0.105756 0.568769 -1.679410
v -0.046931 0.481973 -1.670616
v 0.046931 0.481973 -1.670616
v -0.097057 0.519770 -1.684802
v 0.097057 0.519770 -1.684802
v 0.083228 0.502697 -1.681415
v -0.083228 0.502697 -1.681415
v -0.101406 0.536169 -1.685266
v 0.100828 0.580469 -1.666132
v 0.071232 0.492937 -1.677711
v -0.100828 0.580469 -1.666132
v -0.090143 0.509529 -1.683166
v 0.101406 0.536169 -1.685266
v 0.090143 0.509529 -1.683166
v -0.071232 0.492937 -1.677711
v 0.000000 0.580469 -1.666132
v 0.101355 0.568933 -1.789320
v -0.101355 0.568933 -1.789320
v -0.044978 0.493477 -1.780526
v 0.044978 0.493477 -1.780526
v -0.093018 0.531274 -1.794712
v 0.093018 0.531274 -1.794712
v 0.079765 0.514201 -1.791325
v -0.079765 0.514201 -1.791325
v -0.097187 0.547673 -1.795176
v 0.096632 0.580633 -1.776042
v 0.068268 0.504441 -1.787621
v -0.096632 0.580633 -1.776042
v -0.086391 0.521033 -1.793076
v 0.097187 0.547673 -1.795176
v 0.086391 0.521033 -1.793076
v -0.068268 0.504441 -1.787621
v 0.000000 0.580633 -1.776042
v 0.096322 0.569783 -1.885206
v -0.096322 0.569783 -1.885206
v -0.042744 0.508132 -1.876412
v 0.042744 0.508132 -1.876412
v -0.088399 0.544943 -1.890598
v 0.088399 0.544943 -1.890598
v 0.075803 0.527870 -1.887211
v -0.075803 0.527870 -1.887211
v -0.092360 0.561342 -1.891062
v 0.091833 0.581483 -1.871928
v 0.064878 0.518110 -1.883507
v -0.091833 0.581483 -1.871928
v -0.082101 0.534702 -1.888962
v 0.092360 0.561342 -1.891062
v 0.082101 0.534702 -1.888962
v -0.064878 0.518110 -1.883507
v 0.000000 0.581483 -1.871928
v 0.082518 0.561886 -1.959870
v -0.082518 0.561886 -1.959870
v -0.036619 0.527471 -1.951076
v 0.036619 0.527471 -1.951076
v -0.075731 0.544766 -1.965262
v 0.075731 0.544766 -1.965262
v 0.064940 0.536954 -1.961875
v -0.064940 0.536954 -1.961875
v -0.079125 0.552270 -1.965726
v 0.078673 0.567240 -1.946592
v 0.055580 0.532488 -1.958171
v -0.078673 0.567240 -1.946592
v -0.070336 0.540081 -1.963626
v 0.079125 0.552270 -1.965726
v 0.070336 0.540081 -1.963626
v -0.055580 0.532488 -1.958171
v 0.000000 0.567240 -1.985769
v -0.000000 0.455016 -1.200148
v 0.000000 0.457903 -1.278461
v 0.000000 0.461508 -1.369461
v 0.000000 0.466955 -1.467875
v 0.000000 0.473801 -1.567759
v 0.000000 0.481973 -1.670616
v 0.000000 0.493477 -1.780526
v 0.000000 0.508132 -1.876412
v 0.000000 0.532488 -1.997348
v 0.000000 0.527471 -1.990253
v 0.000000 0.536954 -2.001052
v 0.000000 0.540081 -2.002803
v 0.000000 0.544766 -2.004439
v 0.000000 0.552270 -2.004903
v 0.000000 0.561886 -1.999047
v 0.039641 0.536954 -1.990572
v 0.046227 0.544766 -1.993959
v 0.050370 0.561886 -1.988567
v 0.018217 0.455016 -1.200148
v 0.018988 0.457903 -1.278461
v 0.021057 0.461508 -1.369461
v 0.023465 0.466955 -1.467875
v 0.023465 0.473801 -1.567759
v 0.023465 0.481973 -1.670616
v 0.022489 0.493477 -1.780526
v 0.021372 0.508132 -1.876412
v 0.033927 0.532488 -1.986868
v 0.022353 0.527471 -1.979773
v 0.042934 0.540081 -1.992323
v 0.048299 0.552270 -1.994422
v -0.018217 0.455016 -1.200148
v -0.018988 0.457903 -1.278461
v -0.021057 0.461508 -1.369461
v -0.023465 0.466955 -1.467875
v -0.023465 0.473801 -1.567759
v -0.023465 0.481973 -1.670616
v -0.022489 0.493477 -1.780526
v -0.021372 0.508132 -1.876412
v -0.033927 0.532488 -1.986868
v -0.022353 0.527471 -1.979773
v -0.042934 0.540081 -1.992323
v -0.048299 0.552270 -1.994422
v -0.039641 0.536954 -1.990572
v -0.046227 0.544766 -1.993959
v -0.050370 0.561886 -1.988567
vt 0.561589 0.425488
vt 0.562525 0.435281
vt 0.549883 0.429881
vt 0.548947 0.419673
vt 0.433101 0.335751
vt 0.433101 0.192942
vt 0.446808 0.192942
vt 0.446808 0.341791
vt 0.563255 0.445075
vt 0.550612 0.440089
vt 0.759249 0.399485
vt 0.762747 0.402438
vt 0.762684 0.448465
vt 0.757217 0.445603
vt 0.765428 0.401736
vt 0.765359 0.447750
vt 0.563255 0.680837
vt 0.562525 0.690631
vt 0.549883 0.696030
vt 0.550612 0.685823
vt 0.561589 0.700424
vt 0.548947 0.706238
vt 0.446808 0.044093
vt 0.459725 0.027873
vt 0.459725 0.192942
vt 0.551845 0.668113
vt 0.535905 0.699211
vt 0.537138 0.679573
vt 0.535176 0.415380
vt 0.534240 0.404059
vt 0.459725 0.358011
vt 0.535905 0.426700
vt 0.762768 0.502432
vt 0.754172 0.488791
vt 0.765428 0.501680
vt 0.564488 0.663846
vt 0.749257 0.787666
vt 0.745760 0.790620
vt 0.743728 0.744501
vt 0.749195 0.741639
vt 0.566340 0.629427
vt 0.553697 0.632238
vt 0.751938 0.788368
vt 0.751870 0.742354
vt 0.757039 0.391454
vt 0.755001 0.437557
vt 0.564488 0.462065
vt 0.551845 0.457798
vt 0.566340 0.496485
vt 0.553697 0.493673
vt 0.743549 0.798650
vt 0.741511 0.752547
vt 0.433101 0.050133
vt 0.566340 0.596191
vt 0.553697 0.597597
vt 0.535176 0.710532
vt 0.534240 0.721852
vt 0.518232 0.740027
vt 0.519168 0.727412
vt 0.538990 0.601372
vt 0.538990 0.639788
vt 0.522982 0.648576
vt 0.522982 0.605766
vt 0.740683 0.701313
vt 0.738449 0.709400
vt 0.738975 0.640049
vt 0.741228 0.631914
vt 0.537138 0.446338
vt 0.538990 0.486123
vt 0.522982 0.477334
vt 0.521131 0.432999
vt 0.519897 0.411114
vt 0.751938 0.480704
vt 0.754718 0.558190
vt 0.752464 0.550055
vt 0.751938 0.688424
vt 0.749278 0.687673
vt 0.749132 0.629228
vt 0.751774 0.630022
vt 0.479589 0.376893
vt 0.479589 0.192942
vt 0.496508 0.192942
vt 0.496508 0.376893
vt 0.519168 0.398499
vt 0.503564 0.411114
vt 0.502834 0.398499
vt 0.762621 0.560876
vt 0.761831 0.619200
vt 0.754901 0.616475
vt 0.765264 0.560082
vt 0.764473 0.618406
vt 0.519897 0.714797
vt 0.502834 0.727412
vt 0.503564 0.714797
vt 0.501898 0.740027
vt 0.506649 0.648576
vt 0.506649 0.605766
vt 0.518232 0.385884
vt 0.521131 0.692912
vt 0.479589 0.008991
vt 0.496508 0.008991
vt 0.498368 0.000000
vt 0.515736 0.000000
vt 0.513876 0.008991
vt 0.750984 0.571699
vt 0.748341 0.570905
vt 0.747335 0.510838
vt 0.749977 0.511631
vt 0.504797 0.692912
vt 0.487903 0.692912
vt 0.489755 0.648576
vt 0.741411 0.573629
vt 0.741886 0.513620
vt 0.513876 0.192942
vt 0.486670 0.714797
vt 0.501898 0.385884
vt 0.485940 0.398499
vt 0.485004 0.385884
vt 0.481449 0.000000
vt 0.504797 0.432999
vt 0.506649 0.477334
vt 0.481449 0.385884
vt 0.498368 0.385884
vt 0.755376 0.676484
vt 0.760824 0.679267
vt 0.759107 0.743071
vt 0.755598 0.740194
vt 0.763467 0.678473
vt 0.761757 0.742294
vt 0.485940 0.727412
vt 0.467705 0.720569
vt 0.468434 0.708479
vt 0.485004 0.740027
vt 0.466769 0.732659
vt 0.489755 0.605766
vt 0.471519 0.645013
vt 0.471519 0.603984
vt 0.515736 0.385884
vt 0.513876 0.376893
vt 0.532456 0.369238
vt 0.534316 0.377855
vt 0.487903 0.432999
vt 0.489755 0.477334
vt 0.471519 0.480898
vt 0.469668 0.438407
vt 0.486670 0.411114
vt 0.532456 0.192942
vt 0.532456 0.016646
vt 0.548689 0.025401
vt 0.548689 0.192942
vt 0.469668 0.687504
vt 0.452286 0.701252
vt 0.453519 0.681319
vt 0.466769 0.393252
vt 0.467705 0.405342
vt 0.451557 0.413169
vt 0.450621 0.401680
vt 0.548689 0.360483
vt 0.468434 0.417432
vt 0.452286 0.424659
vt 0.756940 0.798651
vt 0.755624 0.795667
vt 0.759598 0.797893
vt 0.742108 0.449910
vt 0.745617 0.447033
vt 0.748267 0.447810
vt 0.534316 0.008029
vt 0.451557 0.712742
vt 0.450621 0.724231
vt 0.438760 0.701120
vt 0.439330 0.691277
vt 0.455306 0.601947
vt 0.455306 0.640938
vt 0.442158 0.629763
vt 0.437595 0.603736
vt 0.550549 0.368672
vt 0.560840 0.336473
vt 0.562908 0.343489
vt 0.453519 0.444592
vt 0.455306 0.484973
vt 0.442158 0.496148
vt 0.440698 0.461554
vt 0.439815 0.444478
vt 0.550549 0.017212
vt 0.562908 0.042395
vt 0.560840 0.049410
vt 0.449464 0.731458
vt 0.438191 0.707311
vt 0.742134 0.394437
vt 0.743450 0.391454
vt 0.746108 0.392211
vt 0.436136 0.624853
vt 0.440698 0.664357
vt 0.439815 0.681433
vt 0.435252 0.635276
vt 0.434767 0.641285
vt 0.434767 0.484626
vt 0.434198 0.478618
vt 0.438760 0.424791
vt 0.439330 0.434635
vt 0.728455 0.062430
vt 0.727219 0.066209
vt 0.728390 0.012383
vt 0.729626 0.006191
vt 0.728455 0.238664
vt 0.730302 0.242443
vt 0.731474 0.301094
vt 0.729626 0.294902
vt 0.567758 0.101045
vt 0.569529 0.192942
vt 0.567758 0.284838
vt 0.567461 0.192942
vt 0.449464 0.394453
vt 0.438191 0.418600
vt 0.449838 0.387226
vt 0.438488 0.412409
vt 0.449838 0.738685
vt 0.438488 0.713502
vt 0.730302 0.058650
vt 0.729874 0.150547
vt 0.728027 0.150547
vt 0.727219 0.234885
vt 0.726791 0.150547
vt 0.726502 0.072218
vt 0.726074 0.150547
vt 0.435252 0.490635
vt 0.433585 0.562956
vt 0.433101 0.562956
vt 0.436136 0.501059
vt 0.434469 0.562956
vt 0.437595 0.522175
vt 0.435929 0.562956
vt 0.471519 0.521927
vt 0.471519 0.562956
vt 0.455306 0.562956
vt 0.455306 0.523964
vt 0.506649 0.520145
vt 0.506649 0.562956
vt 0.489755 0.562956
vt 0.489755 0.520145
vt 0.522982 0.520145
vt 0.522982 0.562956
vt 0.553697 0.528314
vt 0.553697 0.562956
vt 0.538990 0.562956
vt 0.538990 0.524539
vt 0.566340 0.529720
vt 0.566340 0.562956
vt 0.728390 0.288711
vt 0.726502 0.228876
vt 0.434198 0.647293
vt 0.731474 0.000000
vn 0.9359 -0.3514 0.0248
vn 0.8281 -0.5604 0.0105
vn 0.8265 -0.5620 0.0302
vn 0.9350 -0.3510 0.0499
vn -0.4537 0.8764 0.1612
vn 0.0000 0.9873 0.1586
vn 0.0000 0.9749 0.2223
vn -0.6284 0.7483 0.2122
vn 0.7433 -0.6689 0.0007
vn 0.7385 -0.6741 0.0161
vn 0.9961 0.0674 0.0569
vn 0.9853 -0.1678 0.0306
vn 0.9835 -0.1699 0.0616
vn 0.9947 0.0178 0.1014
vn -0.7433 -0.6689 0.0007
vn -0.8281 -0.5604 0.0105
vn -0.8265 -0.5620 0.0302
vn -0.7385 -0.6741 0.0161
vn -0.9359 -0.3514 0.0248
vn -0.9350 -0.3510 0.0499
vn 0.6284 0.7483 0.2122
vn 0.6026 0.7755 0.1881
vn 0.0000 0.9883 0.1522
vn -0.5960 -0.8029 -0.0027
vn -0.7088 -0.7049 0.0248
vn -0.5644 -0.8255 0.0001
vn 0.8032 -0.5940 0.0444
vn 0.9234 -0.3771 0.0715
vn -0.6026 0.7755 0.1881
vn 0.7088 -0.7049 0.0248
vn 0.9807 -0.1738 0.0895
vn 0.9912 0.0788 0.1061
vn -0.5841 -0.8116 -0.0133
vn -0.9853 -0.1678 0.0306
vn -0.9961 0.0674 0.0569
vn -0.9947 0.0178 0.1014
vn -0.9835 -0.1699 0.0616
vn -0.2193 -0.9752 -0.0305
vn -0.2456 -0.9689 -0.0278
vn 0.4537 0.8764 0.1612
vn 0.5841 -0.8116 -0.0133
vn 0.5960 -0.8029 -0.0027
vn 0.2193 -0.9752 -0.0305
vn 0.2456 -0.9689 -0.0278
vn 0.0000 -0.9993 -0.0368
vn 0.0000 -0.9993 -0.0382
vn -0.8032 -0.5940 0.0444
vn -0.9234 -0.3771 0.0715
vn -0.9146 -0.4039 0.0199
vn -0.7780 -0.6282 -0.0017
vn 0.0000 -0.9989 -0.0474
vn -0.2302 -0.9726 -0.0320
vn -0.2137 -0.9755 -0.0518
vn 0.0000 -0.9981 -0.0618
vn -0.9912 0.0788 0.1061
vn -0.5979 0.7998 0.0527
vn -0.9908 0.1296 0.0378
vn 0.5644 -0.8255 0.0001
vn 0.2302 -0.9726 -0.0320
vn 0.2137 -0.9755 -0.0518
vn 0.5304 -0.8471 -0.0314
vn 0.6751 -0.7375 -0.0162
vn 0.9908 0.1296 0.0378
vn 0.5979 0.7998 0.0527
vn -0.9807 -0.1738 0.0895
vn -0.9833 -0.1778 0.0373
vn 0.0000 0.9999 0.0142
vn 0.0000 1.0000 0.0037
vn -0.5531 0.8331 0.0040
vn 0.7780 -0.6282 -0.0017
vn 0.6578 -0.7511 -0.0557
vn 0.7637 -0.6438 -0.0477
vn 0.9833 -0.1778 0.0373
vn 0.9830 -0.1829 -0.0117
vn 0.9891 0.1469 -0.0022
vn 0.9146 -0.4039 0.0199
vn 0.9085 -0.4167 -0.0310
vn -0.6751 -0.7375 -0.0162
vn -0.7637 -0.6438 -0.0477
vn -0.6578 -0.7511 -0.0557
vn -0.9085 -0.4167 -0.0310
vn -0.2010 -0.9769 -0.0718
vn 0.0000 -0.9973 -0.0738
vn -0.5304 -0.8471 -0.0314
vn 0.5531 0.8331 0.0040
vn 0.9892 0.1440 -0.0259
vn 0.5546 0.8321 -0.0069
vn -0.9830 -0.1829 -0.0117
vn -0.9803 -0.1941 -0.0349
vn -0.9084 -0.4144 -0.0553
vn -0.5107 -0.8574 -0.0635
vn -0.5093 -0.8563 -0.0853
vn -0.2006 -0.9755 -0.0905
vn -0.9891 0.1469 -0.0022
vn -0.9892 0.1440 -0.0259
vn 0.0000 1.0000 -0.0015
vn -0.6570 -0.7497 -0.0794
vn 0.7635 -0.6417 -0.0722
vn 0.9084 -0.4144 -0.0553
vn 0.5107 -0.8574 -0.0635
vn 0.2010 -0.9769 -0.0718
vn 0.9803 -0.1941 -0.0349
vn 0.9727 -0.2223 -0.0659
vn 0.9918 0.1172 -0.0506
vn 0.9095 -0.4060 -0.0891
vn -0.7635 -0.6417 -0.0722
vn -0.7671 -0.6323 -0.1086
vn -0.6608 -0.7416 -0.1156
vn -0.9095 -0.4060 -0.0891
vn 0.0000 -0.9958 -0.0916
vn -0.1959 -0.9724 -0.1268
vn 0.0000 -0.9918 -0.1276
vn -0.5546 0.8321 -0.0069
vn -0.5434 0.8393 -0.0191
vn -0.9918 0.1172 -0.0506
vn 0.5093 -0.8563 -0.0853
vn 0.2006 -0.9755 -0.0905
vn 0.1959 -0.9724 -0.1268
vn 0.5057 -0.8540 -0.1225
vn 0.6570 -0.7497 -0.0794
vn 0.0000 1.0000 0.0052
vn 0.5434 0.8393 -0.0191
vn 0.5134 0.8537 -0.0872
vn 0.0000 0.9974 -0.0717
vn -0.5057 -0.8540 -0.1225
vn -0.6152 -0.7720 -0.1597
vn -0.4519 -0.8731 -0.1829
vn 0.7671 -0.6323 -0.1086
vn 0.7344 -0.6639 -0.1411
vn 0.8953 -0.4277 -0.1242
vn -0.5134 0.8537 -0.0872
vn 0.6608 -0.7416 -0.1156
vn 0.6152 -0.7720 -0.1597
vn 0.9549 -0.2738 -0.1145
vn 0.9628 0.2221 -0.1539
vn -0.9727 -0.2223 -0.0659
vn -0.7344 -0.6639 -0.1411
vn -0.8953 -0.4277 -0.1242
vn -0.7782 -0.4755 -0.4102
vn -0.6063 -0.7272 -0.3218
vn -0.0535 -0.9834 -0.1732
vn -0.2101 -0.9601 -0.1843
vn -0.2180 -0.9541 -0.2051
vn -0.1528 -0.9490 -0.2756
vn -0.9628 0.2221 -0.1539
vn -0.3275 0.9189 -0.2196
vn -0.7840 0.4684 -0.4074
vn 0.4519 -0.8731 -0.1829
vn 0.2101 -0.9601 -0.1843
vn 0.2180 -0.9541 -0.2051
vn 0.3671 -0.9012 -0.2301
vn 0.4901 -0.8277 -0.2733
vn 0.7840 0.4684 -0.4074
vn 0.3275 0.9189 -0.2196
vn -0.9549 -0.2738 -0.1145
vn -0.8530 -0.1078 -0.5107
vn -0.2568 -0.8635 -0.4341
vn -0.3671 -0.9012 -0.2301
vn -0.4901 -0.8277 -0.2733
vn -0.3102 -0.7530 -0.5804
vn -0.3604 -0.6307 -0.6872
vn 0.3604 -0.6307 -0.6872
vn 0.4372 -0.3811 -0.8146
vn 0.7782 -0.4755 -0.4102
vn 0.6063 -0.7272 -0.3218
vn -0.4511 0.1073 -0.8860
vn -0.4372 -0.3811 -0.8146
vn 0.4511 0.1073 -0.8860
vn 0.3070 0.7180 -0.6246
vn 0.8530 -0.1078 -0.5107
vn 0.0000 0.7750 -0.6319
vn -0.3070 0.7180 -0.6246
vn 0.0000 0.9800 -0.1991
vn 0.0000 0.2082 -0.9781
vn 0.0000 -0.2430 -0.9700
vn 0.0000 -0.4802 -0.8771
vn 0.3102 -0.7530 -0.5804
vn 0.0000 -0.6368 -0.7710
vn 0.2568 -0.8635 -0.4341
vn 0.0000 -0.7912 -0.6115
vn 0.1528 -0.9490 -0.2756
vn 0.0000 -0.9298 -0.3680
vn 0.0000 -0.9866 -0.1631
vn 0.0535 -0.9834 -0.1732
usemtl Material
s 1
f 1048/2007/863 1057/2008/864 1074/2009/865 1065/2010/866
f 1054/2011/867 1059/2012/868 1076/2013/869 1071/2014/870
f 1057/2008/864 1049/2015/871 1066/2016/872 1074/2009/865
f 1043/2017/873 1056/2018/874 1073/2019/875 1060/2020/876
f 1056/2018/874 1048/2021/863 1065/2022/866 1073/2019/875
f 1050/2023/877 1055/2024/878 1072/2025/879 1067/2026/880
f 1055/2024/878 1047/2027/881 1064/2028/882 1072/2025/879
f 1076/2013/869 1069/2029/883 1086/2030/884 1093/2031/885
f 1075/2032/886 1067/2026/880 1084/2033/887 1092/2034/888
f 1065/2010/866 1074/2009/865 1091/2035/889 1082/2036/890
f 1071/2014/870 1076/2013/869 1093/2031/885 1088/2037/891
f 1074/2009/865 1066/2016/872 1083/2038/892 1091/2035/889
f 1060/2020/876 1073/2019/875 1090/2039/893 1077/2040/894
f 1073/2019/875 1065/2022/866 1082/2041/890 1090/2039/893
f 1058/2042/895 1050/2023/877 1067/2026/880 1075/2032/886
f 1051/2043/896 1044/2044/897 1061/2045/898 1068/2046/899
f 1045/2047/900 1058/2042/895 1075/2032/886 1062/2048/901
f 1047/2049/881 1051/2043/896 1068/2046/899 1064/2050/882
f 1052/2051/902 1043/2017/873 1060/2020/876 1069/2052/883
f 1049/2015/871 1053/2053/903 1070/2054/904 1066/2016/872
f 1053/2053/903 1046/2055/905 1063/2056/906 1070/2054/904
f 1044/2044/897 1054/2057/867 1071/2058/870 1061/2045/898
f 1059/2012/868 1052/2059/902 1069/2029/883 1076/2013/869
f 1226/2060/907 1045/2047/900 1062/2048/901 1227/2061/908
f 1089/2062/909 1081/2063/910 1098/2064/911 1106/2065/912
f 1228/2066/913 1079/2067/914 1096/2068/915 1229/2069/916
f 1078/2070/917 1088/2071/891 1105/2072/918 1095/2073/919
f 1087/2074/920 1080/2075/921 1097/2076/922 1104/2077/923
f 1083/2038/892 1087/2074/920 1104/2077/923 1100/2078/924
f 1086/2079/884 1077/2040/894 1094/2080/925 1103/2081/926
f 1081/2082/910 1085/2083/927 1102/2084/928 1098/2085/911
f 1068/2046/899 1061/2045/898 1078/2070/917 1085/2083/927
f 1062/2048/901 1075/2032/886 1092/2034/888 1079/2067/914
f 1064/2050/882 1068/2046/899 1085/2083/927 1081/2082/910
f 1069/2052/883 1060/2020/876 1077/2040/894 1086/2079/884
f 1066/2016/872 1070/2054/904 1087/2074/920 1083/2038/892
f 1070/2054/904 1063/2056/906 1080/2075/921 1087/2074/920
f 1061/2045/898 1071/2058/870 1088/2071/891 1078/2070/917
f 1227/2061/908 1062/2048/901 1079/2067/914 1228/2066/913
f 1072/2025/879 1064/2028/882 1081/2063/910 1089/2062/909
f 1067/2026/880 1072/2025/879 1089/2062/909 1084/2033/887
f 1105/2086/918 1110/2087/929 1127/2088/930 1122/2089/931
f 1108/2090/932 1100/2078/924 1117/2091/933 1125/2092/934
f 1094/2080/925 1107/2093/935 1124/2094/936 1111/2095/937
f 1107/2093/935 1099/2096/938 1116/2097/939 1124/2094/936
f 1101/2098/940 1106/2065/912 1123/2099/941 1118/2100/942
f 1106/2065/912 1098/2064/911 1115/2101/943 1123/2099/941
f 1229/2069/916 1096/2068/915 1113/2102/944 1230/2103/945
f 1084/2033/887 1089/2062/909 1106/2065/912 1101/2098/940
f 1090/2039/893 1082/2041/890 1099/2096/938 1107/2093/935
f 1077/2040/894 1090/2039/893 1107/2093/935 1094/2080/925
f 1091/2035/889 1083/2038/892 1100/2078/924 1108/2090/932
f 1088/2037/891 1093/2031/885 1110/2087/929 1105/2086/918
f 1082/2036/890 1091/2035/889 1108/2090/932 1099/2104/938
f 1092/2034/888 1084/2033/887 1101/2098/940 1109/2105/946
f 1093/2031/885 1086/2030/884 1103/2106/926 1110/2087/929
f 1085/2083/927 1078/2070/917 1095/2073/919 1102/2084/928
f 1079/2067/914 1092/2034/888 1109/2105/946 1096/2068/915
f 1120/2107/947 1111/2108/937 1128/2109/948 1137/2110/949
f 1115/2111/943 1119/2112/950 1136/2113/951 1132/2114/952
f 1113/2102/944 1126/2115/953 1143/2116/954 1130/2117/955
f 1119/2112/950 1112/2118/956 1129/2119/957 1136/2113/951
f 1127/2088/930 1120/2107/947 1137/2110/949 1144/2120/958
f 1126/2115/953 1118/2100/942 1135/2121/959 1143/2116/954
f 1116/2122/939 1125/2092/934 1142/2123/960 1133/2124/961
f 1099/2104/938 1108/2090/932 1125/2092/934 1116/2122/939
f 1109/2105/946 1101/2098/940 1118/2100/942 1126/2115/953
f 1110/2087/929 1103/2106/926 1120/2107/947 1127/2088/930
f 1102/2084/928 1095/2073/919 1112/2118/956 1119/2112/950
f 1096/2068/915 1109/2105/946 1126/2115/953 1113/2102/944
f 1098/2085/911 1102/2084/928 1119/2112/950 1115/2111/943
f 1103/2106/926 1094/2125/925 1111/2108/937 1120/2107/947
f 1100/2078/924 1104/2077/923 1121/2126/962 1117/2091/933
f 1104/2077/923 1097/2076/922 1114/2127/963 1121/2126/962
f 1095/2128/919 1105/2086/918 1122/2089/931 1112/2129/956
f 1128/2130/948 1141/2131/964 1158/2132/965 1145/2133/966
f 1141/2131/964 1133/2134/961 1150/2135/967 1158/2132/965
f 1135/2121/959 1140/2136/968 1157/2137/969 1152/2138/970
f 1140/2136/968 1132/2139/952 1149/2140/971 1157/2137/969
f 1231/2141/972 1130/2117/955 1147/2142/973 1232/2143/974
f 1129/2144/957 1139/2145/975 1156/2146/976 1146/2147/977
f 1138/2148/978 1131/2149/979 1148/2150/980 1155/2151/981
f 1117/2091/933 1121/2126/962 1138/2148/978 1134/2152/982
f 1121/2126/962 1114/2127/963 1131/2149/979 1138/2148/978
f 1112/2129/956 1122/2089/931 1139/2145/975 1129/2144/957
f 1230/2103/945 1113/2102/944 1130/2117/955 1231/2141/972
f 1123/2099/941 1115/2101/943 1132/2139/952 1140/2136/968
f 1118/2100/942 1123/2099/941 1140/2136/968 1135/2121/959
f 1124/2094/936 1116/2097/939 1133/2134/961 1141/2131/964
f 1111/2095/937 1124/2094/936 1141/2131/964 1128/2130/948
f 1125/2092/934 1117/2091/933 1134/2152/982 1142/2123/960
f 1122/2089/931 1127/2088/930 1144/2120/958 1139/2145/975
f 1161/2153/983 1154/2154/984 1171/2155/985 1178/2156/986
f 1160/2157/987 1152/2138/970 1169/2158/988 1177/2159/989
f 1150/2160/967 1159/2161/990 1176/2162/991 1167/2163/992
f 1156/2146/976 1161/2153/983 1178/2156/986 1173/2164/993
f 1159/2161/990 1151/2165/994 1168/2166/995 1176/2162/991
f 1145/2133/966 1158/2132/965 1175/2167/996 1162/2168/997
f 1158/2132/965 1150/2135/967 1167/2169/992 1175/2167/996
f 1142/2123/960 1134/2152/982 1151/2165/994 1159/2161/990
f 1139/2145/975 1144/2120/958 1161/2153/983 1156/2146/976
f 1133/2124/961 1142/2123/960 1159/2161/990 1150/2160/967
f 1143/2116/954 1135/2121/959 1152/2138/970 1160/2157/987
f 1144/2120/958 1137/2110/949 1154/2154/984 1161/2153/983
f 1136/2113/951 1129/2119/957 1146/2170/977 1153/2171/998
f 1130/2117/955 1143/2116/954 1160/2157/987 1147/2142/973
f 1132/2114/952 1136/2113/951 1153/2171/998 1149/2172/971
f 1137/2110/949 1128/2109/948 1145/2173/966 1154/2154/984
f 1134/2152/982 1138/2148/978 1155/2151/981 1151/2165/994
f 1174/2174/999 1166/2175/1000 1183/2176/1001 1191/2177/1002
f 1233/2178/1003 1164/2179/1004 1181/2180/1005 1235/2181/1006
f 1163/2182/1007 1173/2164/993 1190/2183/1008 1180/2184/1009
f 1172/2185/1010 1165/2186/1011 1182/2187/1012 1189/2188/1013
f 1168/2166/995 1172/2185/1010 1189/2188/1013 1185/2189/1014
f 1171/2155/985 1162/2190/997 1179/2191/1015 1188/2192/1016
f 1166/2175/1000 1170/2193/1017 1187/2194/1018 1183/2176/1001
f 1153/2171/998 1146/2170/977 1163/2195/1007 1170/2196/1017
f 1147/2142/973 1160/2157/987 1177/2159/989 1164/2179/1004
f 1149/2172/971 1153/2171/998 1170/2196/1017 1166/2197/1000
f 1154/2154/984 1145/2173/966 1162/2190/997 1171/2155/985
f 1151/2165/994 1155/2151/981 1172/2185/1010 1168/2166/995
f 1155/2151/981 1148/2150/980 1165/2186/1011 1172/2185/1010
f 1146/2147/977 1156/2146/976 1173/2164/993 1163/2182/1007
f 1232/2143/974 1147/2142/973 1164/2179/1004 1233/2178/1003
f 1157/2137/969 1149/2140/971 1166/2175/1000 1174/2174/999
f 1152/2138/970 1157/2137/969 1174/2174/999 1169/2158/988
f 1234/2198/1019 1235/2181/1006 1181/2180/1005 1194/2199/1020
f 1234/2198/1019 1194/2199/1020 1186/2200/1021 1238/2201/1022
f 1236/2202/1023 1238/2201/1022 1186/2200/1021 1191/2177/1002
f 1224/2203/1024 1212/2204/1025 1184/2205/1026 1193/2206/1027
f 1237/2207/1028 1239/2208/1029 1183/2209/1001 1187/2210/1018
f 1225/2211/1030 1213/2212/1031 1179/2213/1015 1192/2214/1032
f 1188/2192/1016 1179/2191/1015 1213/2215/1031 1210/2216/1033 1240/2217/1034 1180/2184/1009 1190/2183/1008 1195/2218/1035
f 1169/2158/988 1174/2174/999 1191/2177/1002 1186/2200/1021
f 1175/2219/996 1167/2163/992 1184/2205/1026 1192/2220/1032
f 1162/2221/997 1175/2219/996 1192/2220/1032 1179/2222/1015
f 1176/2162/991 1168/2166/995 1185/2189/1014 1193/2206/1027
f 1173/2164/993 1178/2156/986 1195/2218/1035 1190/2183/1008
f 1167/2163/992 1176/2162/991 1193/2206/1027 1184/2205/1026
f 1177/2159/989 1169/2158/988 1186/2200/1021 1194/2199/1020
f 1178/2156/986 1171/2155/985 1188/2192/1016 1195/2218/1035
f 1170/2193/1017 1163/2223/1007 1180/2224/1009 1187/2194/1018
f 1164/2179/1004 1177/2159/989 1194/2199/1020 1181/2180/1005
f 1237/2207/1028 1240/2225/1034 1210/2226/1033 1209/2227/1036
f 1225/2211/1030 1212/2228/1025 1208/2229/1037 1209/2227/1036
f 1236/2230/1023 1239/2208/1029 1208/2229/1037 1207/2231/1038
f 1224/2203/1024 1211/2232/1039 1206/2233/1040 1207/2234/1038
f 1222/2235/1041 1204/2236/1042 1206/2233/1040 1211/2232/1039
f 1222/2235/1041 1223/2237/1043 1205/2238/1044 1204/2236/1042
f 1220/2239/974 1202/2240/974 1203/2241/1045 1221/2242/1046
f 1221/2242/1046 1203/2241/1045 1205/2238/1044 1223/2237/1043
f 1218/2243/945 1200/2244/945 1201/2245/972 1219/2246/972
f 1219/2246/972 1201/2245/972 1202/2240/974 1220/2239/974
f 1217/2247/916 1199/2248/916 1200/2244/945 1218/2243/945
f 1215/2249/908 1197/2250/908 1198/2251/913 1216/2252/913
f 1216/2252/913 1198/2251/913 1199/2248/916 1217/2247/916
f 1214/2253/907 1196/2254/907 1197/2250/908 1215/2249/908
f 1046/2055/905 1214/2253/907 1215/2249/908 1063/2056/906
f 1080/2075/921 1216/2252/913 1217/2247/916 1097/2076/922
f 1063/2056/906 1215/2249/908 1216/2252/913 1080/2075/921
f 1097/2076/922 1217/2247/916 1218/2243/945 1114/2127/963
f 1131/2149/979 1219/2246/972 1220/2239/974 1148/2150/980
f 1114/2127/963 1218/2243/945 1219/2246/972 1131/2149/979
f 1165/2186/1011 1221/2242/1046 1223/2237/1043 1182/2187/1012
f 1148/2150/980 1220/2239/974 1221/2242/1046 1165/2186/1011
f 1189/2188/1013 1182/2187/1012 1223/2237/1043 1222/2235/1041
f 1189/2188/1013 1222/2235/1041 1211/2232/1039 1185/2189/1014
f 1193/2206/1027 1185/2189/1014 1211/2232/1039 1224/2203/1024
f 1192/2214/1032 1184/2255/1026 1212/2228/1025 1225/2211/1030
f 1209/2227/1036 1210/2226/1033 1213/2212/1031 1225/2211/1030
f 1207/2231/1038 1208/2229/1037 1212/2228/1025 1224/2256/1024
f 1191/2177/1002 1183/2176/1001 1239/2257/1029 1236/2202/1023
f 1187/2210/1018 1180/2258/1009 1240/2225/1034 1237/2207/1028
f 1209/2227/1036 1208/2229/1037 1239/2208/1029 1237/2207/1028
f 1207/2234/1038 1206/2233/1040 1238/2201/1022 1236/2202/1023
f 1204/2236/1042 1234/2198/1019 1238/2201/1022 1206/2233/1040
f 1204/2236/1042 1205/2238/1044 1235/2181/1006 1234/2198/1019
f 1202/2240/974 1232/2143/974 1233/2178/1003 1203/2241/1045
f 1203/2241/1045 1233/2178/1003 1235/2181/1006 1205/2238/1044
f 1200/2244/945 1230/2103/945 1231/2141/972 1201/2245/972
f 1201/2245/972 1231/2141/972 1232/2143/974 1202/2240/974
f 1199/2248/916 1229/2069/916 1230/2103/945 1200/2244/945
f 1197/2250/908 1227/2061/908 1228/2066/913 1198/2251/913
f 1198/2251/913 1228/2066/913 1229/2069/916 1199/2248/916
f 1196/2254/907 1226/2060/907 1227/2061/908 1197/2250/908
o Cube.003
v -0.015628 -0.093401 0.743963
v -0.038051 -0.068833 0.792628
v -0.065650 -0.034362 0.743942
v -0.047969 0.367878 0.795222
v -0.015628 0.420006 0.767516
v -0.065650 0.367878 0.743094
v -0.015628 0.212164 -0.153427
v -0.065650 0.264292 -0.162260
v -0.065650 0.418862 -0.312739
v -0.015628 0.506499 -0.260271
v -0.065650 0.408112 -0.401654
v -0.065650 0.454371 -0.234656
v 0.015628 -0.093401 0.743963
v 0.065650 -0.034362 0.743942
v 0.038051 -0.068833 0.792628
v 0.015628 0.420006 0.767516
v 0.047969 0.367878 0.795222
v 0.065650 0.367878 0.743094
v 0.015628 0.212164 -0.153427
v -0.015628 0.472757 -0.338355
v 0.065650 0.264292 -0.162260
v 0.015628 0.506499 -0.260271
v 0.065650 0.454371 -0.234656
v -0.047969 0.136284 0.785301
v -0.065650 0.166758 0.739278
v -0.065650 0.228783 -0.240344
v -0.065650 0.359332 -0.193600
v 0.065650 0.359332 -0.193600
v -0.015628 0.173414 -0.231511
v 0.047969 0.136284 0.785301
v 0.065650 0.166758 0.739278
v -0.015628 0.185029 -0.200278
v -0.065650 0.237157 -0.209111
v -0.015628 0.164620 -0.281682
v -0.015628 0.479364 -0.307122
v -0.065650 0.218714 -0.290515
v -0.065650 0.427236 -0.281506
v 0.015628 0.185029 -0.200278
v -0.015628 0.172599 -0.347836
v 0.065650 0.237157 -0.209111
v 0.015628 0.479364 -0.307122
v 0.065650 0.427236 -0.281506
v -0.015628 0.481236 -0.382343
v -0.054225 0.231588 -0.357579
v -0.065650 0.332197 -0.240450
v 0.065650 0.332197 -0.240450
v -0.065650 0.408792 -0.358494
v 0.015628 0.173414 -0.231511
v -0.015628 0.498222 -0.425503
v 0.065650 0.228783 -0.240344
v 0.015628 0.472757 -0.338355
v 0.065650 0.418862 -0.312739
v 0.065650 0.449937 -0.540895
v -0.065650 0.218033 -0.333676
v -0.065650 0.323823 -0.271683
v 0.065650 0.323823 -0.271683
v -0.015628 0.163066 -0.325553
v 0.015628 0.164620 -0.281682
v 0.065650 0.218714 -0.290515
v 0.015628 0.481236 -0.382343
v 0.065650 0.408792 -0.358494
v -0.015628 0.505106 -0.447787
v -0.065650 0.313753 -0.321855
v 0.065650 0.313753 -0.321855
v -0.065650 0.414996 -0.430121
v 0.015628 0.163066 -0.325553
v 0.020863 0.536386 -0.550016
v 0.065650 0.218033 -0.333676
v 0.015628 0.498222 -0.425503
v 0.065650 0.408112 -0.401654
v -0.065650 0.449937 -0.540895
v -0.065650 0.313073 -0.365015
v 0.065650 0.313073 -0.365015
v -0.020863 0.536386 -0.550016
v 0.015628 0.172599 -0.347836
v 0.054225 0.231588 -0.357579
v 0.015628 0.505106 -0.447787
v 0.065650 0.414996 -0.430121
v -0.051916 0.296615 -0.397628
v 0.051916 0.296615 -0.397628
v -0.029133 0.379719 -0.532575
v 0.029133 0.379719 -0.532575
v -0.034111 0.351380 -0.465008
v 0.020863 0.519681 -0.498902
v -0.065650 0.432466 -0.485815
v -0.020863 0.519681 -0.498902
v 0.065650 0.432466 -0.485815
v 0.034111 0.351380 -0.465008
v 0.053593 0.397399 0.755305
v 0.053593 0.488551 -0.247463
v 0.061946 0.452254 -0.294314
v 0.059531 0.500641 -0.546277
v 0.061946 0.444360 -0.325547
v 0.059531 0.451023 -0.370419
v 0.059531 0.459615 -0.413579
v 0.059531 0.466869 -0.438954
v 0.059531 0.483755 -0.492358
v 0.053593 0.195876 -0.235928
v 0.053593 0.181707 -0.329969
v 0.051984 -0.069572 0.743953
v 0.053593 0.233298 -0.157844
v 0.053593 0.204701 -0.204694
v 0.053593 0.185264 -0.286099
v 0.045241 0.193873 -0.351779
v -0.053593 0.397399 0.755305
v -0.053593 0.488551 -0.247463
v -0.061946 0.444360 -0.325547
v -0.059531 0.459615 -0.413579
v -0.061946 0.452254 -0.294314
v -0.059531 0.451023 -0.370419
v -0.059531 0.466869 -0.438954
v -0.059531 0.500641 -0.546277
v -0.059531 0.483755 -0.492358
v -0.051984 -0.069572 0.743953
v -0.053593 0.233298 -0.157844
v -0.053593 0.195876 -0.235928
v -0.053593 0.204701 -0.204694
v -0.053593 0.185264 -0.286099
v -0.045241 0.193873 -0.351779
v -0.053593 0.181707 -0.329969
v 0.065650 0.463093 -0.585736
v 0.020863 0.550394 -0.594858
v -0.065650 0.463093 -0.585736
v -0.020863 0.550394 -0.594858
v -0.029133 0.391384 -0.576138
v 0.029133 0.391384 -0.576138
v 0.059531 0.513797 -0.591119
v -0.059531 0.513797 -0.591119
v 0.065650 0.470528 -0.620136
v 0.020863 0.560591 -0.629258
v -0.065650 0.470528 -0.620136
v -0.020863 0.560591 -0.629258
v -0.029133 0.391962 -0.610539
v 0.029133 0.391962 -0.610539
v 0.059531 0.521232 -0.625519
v -0.059531 0.521232 -0.625519
v 0.067602 0.482971 -0.683478
v 0.021484 0.579217 -0.692599
v -0.067602 0.482971 -0.683478
v -0.021484 0.579217 -0.692599
v -0.029999 0.404458 -0.664414
v 0.029999 0.404458 -0.664414
v 0.061301 0.533675 -0.688860
v -0.061301 0.533675 -0.688860
v 0.071907 0.500343 -0.746603
v 0.022852 0.596589 -0.755724
v -0.071907 0.500343 -0.746603
v -0.022852 0.596589 -0.755724
v -0.031910 0.412704 -0.737005
v 0.031910 0.412704 -0.737005
v 0.065206 0.551047 -0.751985
v -0.065206 0.551047 -0.751985
v 0.077681 0.516832 -0.813898
v 0.024687 0.613078 -0.823019
v -0.077682 0.516832 -0.813898
v -0.024687 0.613078 -0.823019
v -0.034473 0.424889 -0.804300
v 0.034472 0.424889 -0.804300
v 0.070442 0.567536 -0.819281
v -0.070442 0.567536 -0.819281
v 0.082102 0.523261 -0.853222
v 0.026092 0.619507 -0.862343
v -0.082103 0.523261 -0.853222
v -0.026092 0.619507 -0.862343
v -0.036434 0.428336 -0.843624
v 0.036434 0.428336 -0.843624
v 0.074451 0.573965 -0.858604
v -0.074451 0.573965 -0.858604
v -0.060250 0.419411 -0.536096
v -0.047969 0.252081 0.790262
v -0.065650 0.406851 -0.214128
v 0.065650 0.267318 0.741186
v -0.065650 0.267318 0.741186
v 0.065650 0.406851 -0.214128
v 0.047969 0.252081 0.790262
v -0.065650 0.379716 -0.260978
v 0.065650 0.379716 -0.260978
v -0.065650 0.371342 -0.292211
v 0.065650 0.371342 -0.292211
v -0.065650 0.361273 -0.340175
v 0.065650 0.361273 -0.340175
v -0.065650 0.360593 -0.383335
v 0.065650 0.360593 -0.383335
v -0.065650 0.355311 -0.413875
v 0.065650 0.355311 -0.413875
v 0.060250 0.419411 -0.536096
v -0.060250 0.396294 -0.474985
v 0.060250 0.396294 -0.474985
v -0.060250 0.432567 -0.580937
v 0.060250 0.432567 -0.580937
v -0.060250 0.436911 -0.615337
v 0.060250 0.436911 -0.615337
v -0.062041 0.448824 -0.678679
v 0.062041 0.448824 -0.678679
v -0.065993 0.463427 -0.741804
v 0.065993 0.463427 -0.741804
v -0.071292 0.476935 -0.809099
v 0.071292 0.476935 -0.809099
v -0.075350 0.481234 -0.848423
v 0.075349 0.481234 -0.848423
v 0.084729 0.521902 -0.899243
v 0.026927 0.620034 -0.884699
v -0.084730 0.521902 -0.899243
v -0.026927 0.620034 -0.884699
v -0.037600 0.429107 -0.866660
v 0.037600 0.429107 -0.866660
v 0.076833 0.567453 -0.870061
v -0.076833 0.567453 -0.870061
v -0.077761 0.479875 -0.898363
v 0.077760 0.479875 -0.898363
v -0.038393 -0.084496 0.743958
v -0.056849 -0.051598 0.768285
v -0.063111 0.367878 0.769158
v 0.036211 0.178195 -0.233719
v 0.036211 0.167557 -0.327761
v -0.036713 0.500755 -0.253867
v -0.040878 0.467662 -0.331951
v 0.056849 -0.051598 0.768285
v 0.036713 0.411932 0.761411
v 0.063111 0.367878 0.769158
v 0.036211 0.217901 -0.155635
v -0.039645 0.488022 -0.419541
v 0.063111 0.151521 0.762289
v -0.063111 0.151521 0.762289
v -0.040878 0.474912 -0.300718
v -0.039645 0.475233 -0.376381
v 0.036211 0.190035 -0.202486
v -0.039645 0.495090 -0.443371
v 0.036211 0.169130 -0.283891
v 0.036211 0.178406 -0.349807
v -0.042736 0.527616 -0.548147
v 0.042736 0.510821 -0.495630
v 0.036713 0.500755 -0.253867
v 0.040878 0.474912 -0.300718
v 0.042736 0.527616 -0.548147
v 0.040878 0.467662 -0.331951
v 0.039645 0.475233 -0.376381
v 0.039645 0.488022 -0.419541
v 0.039645 0.495090 -0.443371
v 0.038393 -0.084496 0.743958
v -0.036713 0.411932 0.761411
v -0.042736 0.510821 -0.495630
v -0.036211 0.217901 -0.155635
v -0.036211 0.178195 -0.233719
v -0.036211 0.190035 -0.202486
v -0.036211 0.169130 -0.283891
v -0.036211 0.178406 -0.349807
v -0.036211 0.167557 -0.327761
v -0.042736 0.541198 -0.592988
v 0.042736 0.541198 -0.592988
v -0.042736 0.550015 -0.627388
v 0.042736 0.550015 -0.627388
v -0.044007 0.565549 -0.690730
v 0.044007 0.565549 -0.690730
v -0.046810 0.582921 -0.753855
v 0.046810 0.582921 -0.753855
v -0.050569 0.599410 -0.821150
v 0.050568 0.599410 -0.821150
v -0.053447 0.605839 -0.860473
v 0.053446 0.605839 -0.860473
v 0.063111 0.259700 0.765724
v -0.063111 0.259700 0.765724
v -0.055157 0.604480 -0.874138
v 0.055156 0.604480 -0.874138
v -0.065650 0.217038 0.740232
v 0.065650 0.383091 -0.203864
v 0.047969 0.194183 0.787781
v 0.065650 0.355956 -0.250714
v 0.065650 0.347583 -0.281947
v 0.065650 0.337513 -0.331015
v 0.065650 0.336833 -0.374175
v 0.057111 0.325468 -0.405752
v 0.051665 0.397593 -0.533696
v -0.051665 0.371652 -0.469571
v 0.051665 0.410749 -0.578538
v 0.051665 0.413546 -0.612938
v 0.053201 0.425195 -0.676279
v 0.056590 0.438414 -0.739405
v 0.061134 0.450430 -0.806700
v 0.064613 0.453665 -0.846023
v -0.051665 0.397593 -0.533696
v -0.047969 0.194183 0.787781
v -0.065650 0.383091 -0.203864
v 0.065650 0.217038 0.740232
v -0.065650 0.355956 -0.250714
v -0.065650 0.347583 -0.281947
v -0.065650 0.337513 -0.331015
v -0.065650 0.336833 -0.374175
v -0.057111 0.325468 -0.405752
v 0.051665 0.371652 -0.469571
v -0.051665 0.410749 -0.578538
v -0.051665 0.413546 -0.612938
v -0.053201 0.425195 -0.676279
v -0.056590 0.438414 -0.739405
v -0.061134 0.450430 -0.806700
v -0.064613 0.453665 -0.846023
v 0.067858 0.454660 -0.866415
v -0.063111 0.205610 0.764006
v 0.063111 0.205610 0.764006
v -0.082159 0.500888 -0.903915
v 0.080781 0.544678 -0.879753
v 0.057259 0.443318 -0.860148
v 0.064416 0.588043 -0.869544
v -0.080782 0.544678 -0.879753
v -0.072221 0.467078 -0.882602
v 0.082159 0.500888 -0.903915
v -0.064416 0.588043 -0.869544
v 0.072220 0.467078 -0.882602
v -0.057145 0.443240 -0.860210
v 0.015628 0.165702 -0.337759
v -0.065650 0.411554 -0.415888
v -0.015628 0.501664 -0.436645
v 0.015628 0.501664 -0.436645
v -0.015628 0.165702 -0.337759
v 0.065650 0.411554 -0.415888
v 0.065650 0.304349 -0.381322
v 0.065650 0.224811 -0.345627
v -0.065650 0.224811 -0.345627
v -0.065650 0.304349 -0.381322
v 0.059531 0.463242 -0.426267
v 0.053593 0.185660 -0.341939
v -0.059531 0.463242 -0.426267
v -0.053593 0.185660 -0.341939
v 0.065650 0.357952 -0.398605
v -0.065650 0.357952 -0.398605
v -0.036211 0.170852 -0.339849
v 0.039645 0.491556 -0.431456
v -0.039645 0.491556 -0.431456
v 0.036211 0.170852 -0.339849
v -0.065650 0.331150 -0.389963
v 0.065650 0.331150 -0.389963
v 0.065650 0.423731 -0.457968
v 0.018246 0.512393 -0.473344
v -0.000000 0.351380 -0.465008
v -0.065650 0.423731 -0.457968
v -0.031838 -0.094323 0.778945
v 0.031838 -0.094323 0.778945
v -0.000000 -0.093401 0.743963
v -0.000000 -0.068833 0.792628
v -0.000000 -0.094323 0.778945
v -0.007581 0.370944 -0.635997
v 0.007581 0.370944 -0.635997
v -0.007581 0.372480 -0.641410
v 0.007581 0.372480 -0.641410
v -0.017066 0.382670 -0.625408
v 0.017066 0.382670 -0.625408
v -0.017066 0.388469 -0.642811
v 0.017066 0.388469 -0.642811
v 0.029133 0.405993 -0.705886
v -0.029133 0.405993 -0.705886
v -0.000000 0.404458 -0.664414
v -0.000000 0.412704 -0.737005
v -0.000000 0.405993 -0.705886
v 0.053070 0.266923 -0.373351
v -0.053070 0.266923 -0.373351
v -0.000000 0.231588 -0.357579
v -0.000000 0.297334 -0.398184
v -0.000000 0.266923 -0.373351
v -0.067858 0.454660 -0.866411
v -0.031798 0.398051 0.788904
v -0.059621 0.382639 0.749200
v 0.031798 0.398051 0.788904
v 0.059621 0.471461 -0.241059
v 0.063798 0.439745 -0.287910
v 0.062591 0.475289 -0.543586
v 0.063798 0.431611 -0.319143
v 0.062591 0.429908 -0.364457
v 0.062591 0.433864 -0.407617
v 0.062591 0.440932 -0.434538
v -0.062591 0.458111 -0.489086
v 0.059621 0.382639 0.749200
v 0.062591 0.458111 -0.489086
v -0.059621 0.471461 -0.241059
v -0.063798 0.431611 -0.319143
v -0.062591 0.433864 -0.407617
v -0.063798 0.439745 -0.287910
v -0.062591 0.429908 -0.364457
v -0.062591 0.440932 -0.434538
v -0.062591 0.475289 -0.543586
v 0.062591 0.488445 -0.588427
v -0.062591 0.488445 -0.588427
v 0.062591 0.495880 -0.622828
v -0.062591 0.495880 -0.622828
v 0.064452 0.508323 -0.686169
v -0.064452 0.508323 -0.686169
v 0.068557 0.525695 -0.749294
v -0.068557 0.525695 -0.749294
v 0.074062 0.542184 -0.816589
v -0.074062 0.542184 -0.816589
v 0.078277 0.548613 -0.855913
v -0.078277 0.548613 -0.855913
v 0.048861 0.392399 0.772819
v -0.048861 0.392399 0.772819
v -0.062591 0.437398 -0.421077
v 0.062591 0.437398 -0.421077
v -0.034945 -0.083016 0.788663
v 0.034945 -0.083016 0.788663
v -0.000000 -0.083016 0.788663
v 0.023733 -0.097149 0.761454
v -0.023733 -0.097149 0.761454
v -0.000000 -0.097149 0.761454
v -0.051905 -0.066542 0.764999
v 0.051905 -0.066542 0.764999
v 0.046648 -0.075160 0.768293
v -0.046648 -0.075160 0.768293
v -0.031622 0.367427 -0.498791
v 0.020863 0.528033 -0.524459
v -0.020863 0.528033 -0.524459
v 0.031622 0.367427 -0.498791
v -0.065650 0.441202 -0.513355
v 0.065650 0.441202 -0.513355
v 0.059531 0.492198 -0.519318
v -0.059531 0.492198 -0.519318
v -0.060250 0.407852 -0.505541
v 0.060250 0.407852 -0.505541
v 0.042736 0.519219 -0.521888
v -0.042736 0.519219 -0.521888
v -0.051665 0.384622 -0.501634
v 0.051665 0.384622 -0.501634
v -0.062591 0.466700 -0.516336
v 0.062591 0.466700 -0.516336
v -0.020863 0.543390 -0.572437
v 0.020863 0.543390 -0.572437
v -0.029133 0.386943 -0.554357
v 0.029133 0.386943 -0.554357
v 0.065650 0.456515 -0.563315
v 0.059531 0.507219 -0.568698
v -0.059531 0.507219 -0.568698
v -0.065650 0.456515 -0.563315
v -0.060250 0.425989 -0.558517
v 0.060250 0.425989 -0.558517
v -0.042736 0.534407 -0.570567
v 0.042736 0.534407 -0.570567
v -0.051665 0.404171 -0.556117
v 0.051665 0.404171 -0.556117
v -0.062591 0.481867 -0.566007
v 0.062591 0.481867 -0.566007
v -0.018246 0.512393 -0.473344
v 0.059531 0.475312 -0.465656
v -0.059531 0.475312 -0.465656
v 0.062950 0.375802 -0.444430
v -0.062950 0.375802 -0.444430
v 0.041190 0.502956 -0.469500
v -0.041190 0.502956 -0.469500
v -0.054388 0.348560 -0.437661
v 0.054388 0.348560 -0.437661
v -0.043013 0.327828 -0.429694
v 0.043013 0.327828 -0.429694
v -0.062591 0.449522 -0.461812
v 0.062591 0.449522 -0.461812
v 0.065650 0.250725 -0.185685
v 0.015628 0.197293 -0.176852
v 0.065650 0.440803 -0.258081
v 0.065650 0.345764 -0.217025
v -0.015628 0.197293 -0.176852
v 0.015628 0.492931 -0.283696
v -0.065650 0.250725 -0.185685
v -0.065650 0.345764 -0.217025
v -0.065650 0.440803 -0.258081
v -0.015628 0.492931 -0.283696
v 0.057769 0.470403 -0.270889
v 0.053593 0.218999 -0.181269
v -0.057769 0.470403 -0.270889
v -0.053593 0.218999 -0.181269
v -0.065650 0.393284 -0.237553
v 0.065650 0.393284 -0.237553
v -0.036211 0.202665 -0.179061
v 0.038795 0.487833 -0.277292
v -0.038795 0.487833 -0.277292
v 0.036211 0.202665 -0.179061
v -0.065650 0.369524 -0.227289
v 0.065650 0.369524 -0.227289
v -0.061709 0.455603 -0.264485
v 0.061709 0.455603 -0.264485
v -0.064168 0.434674 -0.538495
v -0.048897 0.309980 0.792742
v -0.066920 0.430611 -0.224392
v 0.066920 0.317598 0.742140
v -0.066920 0.403476 -0.271242
v -0.066920 0.395102 -0.302475
v -0.066920 0.385033 -0.349334
v -0.066920 0.384352 -0.392495
v -0.066920 0.385153 -0.421998
v 0.064168 0.414380 -0.480400
v -0.064168 0.447830 -0.583337
v -0.064168 0.453719 -0.617737
v -0.066076 0.465898 -0.681078
v -0.070284 0.481885 -0.744204
v -0.075928 0.496883 -0.811499
v -0.080249 0.502248 -0.850822
v -0.066920 0.317598 0.742140
v 0.066920 0.430611 -0.224392
v 0.048897 0.309980 0.792742
v 0.066920 0.403476 -0.271242
v 0.066920 0.395102 -0.302475
v 0.066920 0.385033 -0.349334
v 0.066920 0.384352 -0.392495
v 0.066920 0.385153 -0.421998
v 0.064168 0.434674 -0.538495
v -0.064168 0.414380 -0.480400
v 0.064168 0.447830 -0.583337
v 0.064168 0.453719 -0.617737
v 0.066076 0.465898 -0.681078
v 0.070284 0.481885 -0.744204
v 0.075928 0.496883 -0.811499
v 0.080249 0.502248 -0.850822
v 0.064332 0.313789 0.767441
v -0.064332 0.313789 0.767441
v 0.066920 0.384753 -0.407246
v -0.066920 0.384753 -0.407246
v 0.064168 0.424527 -0.509448
v -0.064168 0.424527 -0.509448
v 0.064168 0.441252 -0.560916
v -0.064168 0.441252 -0.560916
v 0.065544 0.399767 -0.451199
v -0.065544 0.399767 -0.451199
v 0.066920 0.417044 -0.247817
v -0.066920 0.417044 -0.247817
vt 0.615510 0.428143
vt 0.625438 0.429836
vt 0.625438 0.604883
vt 0.615510 0.606577
vt 0.202521 0.602908
vt 0.198843 0.610213
vt 0.173594 0.041381
vt 0.182205 0.038882
vt 0.386637 0.461428
vt 0.363863 0.479855
vt 0.355889 0.053906
vt 0.378662 0.035480
vt 0.308743 0.028049
vt 0.317414 0.029051
vt 0.311182 0.600784
vt 0.307300 0.594125
vt 0.330834 0.068610
vt 0.340321 0.068016
vt 0.327626 0.079007
vt 0.322831 0.083579
vt 0.216454 0.593266
vt 0.231218 0.569267
vt 0.234462 0.581919
vt 0.219699 0.605917
vt 0.402034 0.011001
vt 0.411714 0.001658
vt 0.413702 0.010746
vt 0.409712 0.013283
vt 0.199582 0.627188
vt 0.202087 0.622864
vt 0.205332 0.635515
vt 0.203355 0.639850
vt 0.340341 0.621556
vt 0.340341 0.564527
vt 0.343007 0.564527
vt 0.343007 0.621556
vt 0.437278 0.354227
vt 0.438533 0.721113
vt 0.427781 0.713530
vt 0.427781 0.346018
vt 0.308697 0.013015
vt 0.318036 0.013701
vt 0.330676 0.494517
vt 0.325746 0.493777
vt 0.318036 0.088150
vt 0.339480 0.659112
vt 0.342208 0.659112
vt 0.212863 0.600666
vt 0.216107 0.613317
vt 0.304469 0.607310
vt 0.308352 0.613970
vt 0.305522 0.627154
vt 0.301639 0.620495
vt 0.272270 0.561131
vt 0.277326 0.565613
vt 0.274495 0.578797
vt 0.269315 0.574292
vt 0.225396 0.482611
vt 0.226734 0.116046
vt 0.236662 0.110243
vt 0.236662 0.477755
vt 0.195809 0.614526
vt 0.170443 0.038340
vt 0.209155 0.016611
vt 0.242766 0.000000
vt 0.241448 0.015755
vt 0.207694 0.031011
vt 0.548438 0.517360
vt 0.548438 0.453599
vt 0.550953 0.447931
vt 0.550953 0.517360
vt 0.630424 0.459340
vt 0.630424 0.575379
vt 0.467719 0.363279
vt 0.492898 0.366396
vt 0.492827 0.732068
vt 0.480237 0.730508
vt 0.467647 0.728949
vt 0.199956 0.019002
vt 0.199169 0.033604
vt 0.534007 0.560565
vt 0.549647 0.555563
vt 0.550766 0.601695
vt 0.535125 0.606697
vt 0.292944 0.586965
vt 0.290113 0.600149
vt 0.246255 0.000000
vt 0.280797 0.010602
vt 0.282853 0.024674
vt 0.248476 0.015365
vt 0.522338 0.561150
vt 0.522397 0.606920
vt 0.295774 0.573780
vt 0.280156 0.552428
vt 0.227973 0.556617
vt 0.213210 0.580616
vt 0.585727 0.429836
vt 0.585727 0.604883
vt 0.550953 0.586788
vt 0.515858 0.698138
vt 0.499261 0.699790
vt 0.498888 0.691024
vt 0.515485 0.689412
vt 0.551957 0.650834
vt 0.536316 0.655836
vt 0.222385 0.623392
vt 0.218793 0.630792
vt 0.272387 0.596696
vt 0.267129 0.592176
vt 0.237148 0.599394
vt 0.288005 0.618048
vt 0.474043 0.699790
vt 0.473671 0.691024
vt 0.208018 0.652989
vt 0.206001 0.657340
vt 0.523605 0.656752
vt 0.303413 0.645053
vt 0.299531 0.638393
vt 0.300702 0.671345
vt 0.296795 0.665328
vt 0.577786 0.031354
vt 0.601623 0.022043
vt 0.600674 0.040655
vt 0.576837 0.049966
vt 0.558585 0.035745
vt 0.558546 0.054069
vt 0.226129 0.651674
vt 0.222492 0.658437
vt 0.240893 0.627675
vt 0.285198 0.646910
vt 0.269580 0.625558
vt 0.264229 0.621020
vt 0.473102 0.675195
vt 0.498319 0.675195
vt 0.514915 0.673631
vt 0.211582 0.678727
vt 0.208053 0.683256
vt 0.213456 0.703555
vt 0.209144 0.708374
vt 0.497839 0.660267
vt 0.514436 0.658706
vt 0.268534 0.650648
vt 0.262675 0.646429
vt 0.299655 0.696435
vt 0.295749 0.690418
vt 0.599930 0.059862
vt 0.576093 0.069172
vt 0.557711 0.072817
vt 0.228003 0.676502
vt 0.224366 0.683266
vt 0.242766 0.652504
vt 0.284152 0.672000
vt 0.472622 0.660267
vt 0.497715 0.655570
vt 0.472498 0.655570
vt 0.472410 0.650856
vt 0.497627 0.650856
vt 0.209096 0.716352
vt 0.213455 0.711972
vt 0.213454 0.720389
vt 0.209048 0.724329
vt 0.514315 0.653933
vt 0.514230 0.649143
vt 0.295500 0.699014
vt 0.299939 0.704829
vt 0.300222 0.713223
vt 0.295251 0.707610
vt 0.557481 0.077993
vt 0.575880 0.074028
vt 0.575668 0.078883
vt 0.557250 0.083170
vt 0.599717 0.064717
vt 0.599505 0.069572
vt 0.441883 0.650585
vt 0.432233 0.642370
vt 0.441342 0.637028
vt 0.448540 0.645720
vt 0.184027 0.920994
vt 0.184256 0.928729
vt 0.172866 0.925162
vt 0.176832 0.916978
vt 0.174351 0.938754
vt 0.442967 0.611627
vt 0.442209 0.625301
vt 0.432086 0.615908
vt 0.208033 0.773076
vt 0.212423 0.769990
vt 0.212071 0.786407
vt 0.207694 0.789315
vt 0.570197 0.113772
vt 0.602019 0.101342
vt 0.601541 0.112529
vt 0.569719 0.124959
vt 0.553392 0.118293
vt 0.552898 0.129767
vt 0.170366 0.873638
vt 0.154301 0.878684
vt 0.151580 0.864957
vt 0.169685 0.860259
vt 0.300183 0.759585
vt 0.302922 0.762512
vt 0.303827 0.778823
vt 0.301297 0.776819
vt 0.297160 0.724980
vt 0.301120 0.729712
vt 0.302018 0.746202
vt 0.299069 0.742351
vt 0.440694 0.588550
vt 0.449896 0.594985
vt 0.438773 0.603700
vt 0.555569 0.094995
vt 0.573171 0.090734
vt 0.570674 0.102585
vt 0.553887 0.106819
vt 0.601001 0.079864
vt 0.602497 0.090155
vt 0.208710 0.740582
vt 0.213115 0.736982
vt 0.212775 0.753574
vt 0.208372 0.756836
vt 0.618395 0.070454
vt 0.631888 0.060431
vt 0.631383 0.072089
vt 0.619071 0.081358
vt 0.618577 0.092832
vt 0.630871 0.083849
vt 0.630359 0.095610
vt 0.618082 0.104306
vt 0.617949 0.054374
vt 0.632641 0.043277
vt 0.632393 0.048774
vt 0.617719 0.059550
vt 0.619015 0.030449
vt 0.633814 0.019488
vt 0.632889 0.037780
vt 0.618180 0.049198
vt 0.620935 0.011391
vt 0.636666 0.000000
vt 0.563308 0.593837
vt 0.574233 0.606265
vt 0.575458 0.656790
vt 0.564516 0.643668
vt 0.401796 0.445828
vt 0.393819 0.024730
vt 0.405722 0.015819
vt 0.413702 0.432068
vt 0.561164 0.548733
vt 0.570905 0.555863
vt 0.538165 0.642370
vt 0.528360 0.650585
vt 0.521539 0.645720
vt 0.528838 0.637028
vt 0.228424 0.602013
vt 0.218644 0.609470
vt 0.218158 0.594897
vt 0.227955 0.587177
vt 0.228997 0.617616
vt 0.219218 0.624977
vt 0.238940 0.576454
vt 0.241702 0.593902
vt 0.214339 0.483892
vt 0.212625 0.117797
vt 0.235572 0.563849
vt 0.305532 0.732574
vt 0.309943 0.735435
vt 0.310815 0.751249
vt 0.306417 0.748726
vt 0.307302 0.764862
vt 0.311682 0.767213
vt 0.312549 0.783175
vt 0.308188 0.780999
vt 0.304331 0.708475
vt 0.308722 0.712121
vt 0.309071 0.719623
vt 0.304647 0.716423
vt 0.304266 0.675285
vt 0.307831 0.679226
vt 0.308374 0.704620
vt 0.304015 0.700527
vt 0.305505 0.649063
vt 0.307597 0.653073
vt 0.307572 0.631157
vt 0.309623 0.635159
vt 0.310845 0.617896
vt 0.313339 0.621823
vt 0.348298 0.489115
vt 0.335605 0.495256
vt 0.455884 0.653933
vt 0.455799 0.649144
vt 0.456485 0.673631
vt 0.442486 0.670007
vt 0.442001 0.655434
vt 0.456005 0.658706
vt 0.457055 0.689412
vt 0.443061 0.685513
vt 0.457428 0.698138
vt 0.443425 0.694774
vt 0.339480 0.526971
vt 0.336751 0.495256
vt 0.339764 0.495256
vt 0.342208 0.526971
vt 0.451174 0.359446
vt 0.449373 0.725105
vt 0.207497 0.802647
vt 0.211875 0.799737
vt 0.211678 0.813068
vt 0.207301 0.815977
vt 0.506932 0.541309
vt 0.459923 0.541309
vt 0.459700 0.532973
vt 0.506709 0.532974
vt 0.569293 0.134738
vt 0.601115 0.122308
vt 0.600690 0.132087
vt 0.568867 0.144517
vt 0.458457 0.564023
vt 0.509482 0.564023
vt 0.511807 0.578574
vt 0.484287 0.578574
vt 0.456767 0.578574
vt 0.485090 0.637028
vt 0.552037 0.149278
vt 0.568202 0.159461
vt 0.551342 0.164072
vt 0.168742 0.842432
vt 0.150666 0.847836
vt 0.149961 0.835846
vt 0.168033 0.830049
vt 0.309477 0.807521
vt 0.313839 0.809698
vt 0.314372 0.829957
vt 0.310011 0.827781
vt 0.617652 0.114061
vt 0.629924 0.105343
vt 0.629489 0.115075
vt 0.617221 0.123817
vt 0.552467 0.139523
vt 0.169214 0.851346
vt 0.151120 0.856150
vt 0.301942 0.790080
vt 0.304471 0.792084
vt 0.305116 0.805345
vt 0.302587 0.803341
vt 0.308833 0.794260
vt 0.313194 0.796436
vt 0.315099 0.867348
vt 0.310735 0.865178
vt 0.207448 0.836266
vt 0.211825 0.833356
vt 0.212439 0.870778
vt 0.208056 0.873680
vt 0.600024 0.147031
vt 0.599269 0.174346
vt 0.566501 0.187146
vt 0.305650 0.825604
vt 0.302855 0.823550
vt 0.459330 0.520949
vt 0.506339 0.520949
vt 0.628765 0.129718
vt 0.616526 0.138610
vt 0.599063 0.201215
vt 0.564208 0.214830
vt 0.616201 0.165395
vt 0.628753 0.156017
vt 0.630482 0.182130
vt 0.617089 0.191837
vt 0.481845 0.485421
vt 0.458341 0.485421
vt 0.455784 0.473447
vt 0.481528 0.473447
vt 0.149533 0.814970
vt 0.167953 0.806018
vt 0.549078 0.191613
vt 0.306372 0.863008
vt 0.303533 0.860942
vt 0.521733 0.295726
vt 0.521733 0.358004
vt 0.519475 0.340697
vt 0.519475 0.313033
vt 0.304814 0.898499
vt 0.307888 0.900619
vt 0.309127 0.940731
vt 0.305801 0.938554
vt 0.545691 0.219725
vt 0.561432 0.244233
vt 0.541449 0.249701
vt 0.169368 0.781689
vt 0.149572 0.788327
vt 0.150237 0.762782
vt 0.171631 0.756074
vt 0.212373 0.908558
vt 0.207976 0.911446
vt 0.316624 0.904929
vt 0.312256 0.902774
vt 0.147984 0.800411
vt 0.559488 0.261165
vt 0.538381 0.267072
vt 0.151008 0.748483
vt 0.173624 0.741736
vt 0.313502 0.942867
vt 0.317876 0.945003
vt 0.318036 0.968384
vt 0.313656 0.966263
vt 0.507273 0.473447
vt 0.453025 0.447967
vt 0.508649 0.447967
vt 0.633099 0.209427
vt 0.618579 0.219574
vt 0.599087 0.229526
vt 0.212725 0.948793
vt 0.208310 0.951661
vt 0.619901 0.235229
vt 0.635283 0.224746
vt 0.636666 0.227933
vt 0.627651 0.233669
vt 0.620825 0.240067
vt 0.204685 0.977887
vt 0.209114 0.975035
vt 0.213544 0.972181
vt 0.215827 0.998811
vt 0.210920 0.988711
vt 0.206413 0.984258
vt 0.151475 0.740327
vt 0.167427 0.739061
vt 0.175821 0.734348
vt 0.309276 0.964142
vt 0.305770 0.961923
vt 0.451027 0.433729
vt 0.509817 0.433729
vt 0.599285 0.245620
vt 0.298294 0.933169
vt 0.302543 0.936169
vt 0.302336 0.959483
vt 0.297918 0.956408
vt 0.219982 0.966291
vt 0.222411 0.995163
vt 0.219389 1.000000
vt 0.216866 0.969349
vt 0.215875 0.946034
vt 0.218829 0.943063
vt 0.439300 0.492279
vt 0.432213 0.487261
vt 0.428386 0.462797
vt 0.435923 0.468061
vt 0.215119 0.868216
vt 0.217629 0.865468
vt 0.218006 0.903049
vt 0.215280 0.905902
vt 0.423423 0.437083
vt 0.431565 0.442610
vt 0.441190 0.516294
vt 0.434308 0.511323
vt 0.214464 0.830813
vt 0.216936 0.828091
vt 0.441554 0.528711
vt 0.434667 0.524014
vt 0.441777 0.537646
vt 0.434890 0.532949
vt 0.179122 0.842482
vt 0.176043 0.846214
vt 0.175571 0.837301
vt 0.178651 0.833568
vt 0.214056 0.810622
vt 0.216267 0.807997
vt 0.182556 0.887678
vt 0.180650 0.894396
vt 0.177809 0.880343
vt 0.180821 0.875068
vt 0.433796 0.581378
vt 0.435705 0.567158
vt 0.442615 0.573401
vt 0.442307 0.559991
vt 0.435409 0.554521
vt 0.435113 0.541885
vt 0.441999 0.546582
vt 0.180207 0.863231
vt 0.177161 0.867735
vt 0.176514 0.855128
vt 0.179593 0.851395
vt 0.217713 0.705412
vt 0.221797 0.698664
vt 0.222865 0.707297
vt 0.218246 0.713937
vt 0.286714 0.687108
vt 0.291122 0.693015
vt 0.290340 0.701814
vt 0.285603 0.695492
vt 0.215305 0.672057
vt 0.218856 0.665200
vt 0.220729 0.690029
vt 0.217179 0.696886
vt 0.289074 0.653018
vt 0.292950 0.659127
vt 0.291904 0.684217
vt 0.288028 0.678108
vt 0.211696 0.645684
vt 0.215201 0.638191
vt 0.291857 0.624799
vt 0.295709 0.631550
vt 0.293965 0.606900
vt 0.297817 0.613652
vt 0.209010 0.628209
vt 0.212515 0.620716
vt 0.181641 0.023873
vt 0.190757 0.021393
vt 0.190644 0.036196
vt 0.296796 0.593716
vt 0.300648 0.600467
vt 0.205765 0.615559
vt 0.209271 0.608066
vt 0.290107 0.011377
vt 0.299416 0.012152
vt 0.300133 0.026862
vt 0.291493 0.025768
vt 0.303478 0.587282
vt 0.299626 0.580531
vt 0.209618 0.588015
vt 0.206026 0.595414
vt 0.595655 0.429836
vt 0.605582 0.429836
vt 0.605582 0.604883
vt 0.595655 0.604883
vt 0.558288 0.270460
vt 0.536696 0.272928
vt 0.449839 0.425609
vt 0.510510 0.425609
vt 0.316616 0.975008
vt 0.312408 0.980186
vt 0.307990 0.991064
vt 0.599359 0.254418
vt 0.521726 0.269103
vt 0.529400 0.272047
vt 0.519475 0.273709
vt 0.606277 0.632511
vt 0.597018 0.632511
vt 0.606277 0.402208
vt 0.615537 0.399980
vt 0.525656 0.251395
vt 0.535252 0.192539
vt 0.531025 0.220979
vt 0.537963 0.165185
vt 0.539123 0.140810
vt 0.538688 0.150543
vt 0.509516 0.366670
vt 0.511231 0.732764
vt 0.541086 0.095899
vt 0.540581 0.107556
vt 0.540070 0.119317
vt 0.539558 0.131078
vt 0.541840 0.078744
vt 0.541591 0.084241
vt 0.543013 0.054956
vt 0.542088 0.073247
vt 0.204596 0.613094
vt 0.204117 0.598170
vt 0.205166 0.628875
vt 0.542182 0.036906
vt 0.512238 0.626091
vt 0.513463 0.676616
vt 0.219583 0.634238
vt 0.205539 0.637601
vt 0.513090 0.574353
vt 0.587758 0.632511
vt 0.553291 0.621086
vt 0.587758 0.402208
vt 0.597018 0.402208
vt 0.553291 0.413633
vt 0.233199 0.671250
vt 0.235928 0.639536
vt 0.238656 0.639536
vt 0.236211 0.671250
vt 0.624797 0.632511
vt 0.615537 0.634739
vt 0.389684 0.015087
vt 0.400544 0.000000
vt 0.343347 0.052579
vt 0.432073 0.608165
vt 0.460137 0.550137
vt 0.173940 0.901997
vt 0.164974 0.909001
vt 0.157029 0.893076
vt 0.171047 0.887016
vt 0.458086 0.500065
vt 0.428342 0.428410
vt 0.182176 0.735476
vt 0.178982 0.726332
vt 0.183101 0.718337
vt 0.179718 0.750033
vt 0.174984 0.800553
vt 0.176850 0.775950
vt 0.174859 0.824644
vt 0.183798 0.913258
vt 0.183491 0.908449
vt 0.345409 0.703997
vt 0.343007 0.668126
vt 0.343018 0.530917
vt 0.345409 0.495256
vt 0.421849 0.413357
vt 0.417247 0.405627
vt 0.542721 0.405627
vt 0.538383 0.413357
vt 0.546272 0.399980
vt 0.413702 0.399980
vt 0.630424 0.404671
vt 0.633314 0.399980
vt 0.633314 0.709174
vt 0.630424 0.704484
vt 0.638384 0.701971
vt 0.638384 0.407184
vt 0.642138 0.414388
vt 0.642138 0.694767
vt 0.644424 0.672110
vt 0.644424 0.437045
vt 0.641501 0.234748
vt 0.639506 0.217878
vt 0.639506 0.016872
vt 0.641501 0.000000
vt 0.636666 0.166592
vt 0.636666 0.068463
vt 0.225969 0.692009
vt 0.282305 0.681201
vt 0.203996 0.593397
vt 0.218041 0.590049
vt 0.227846 0.581834
vt 0.269439 0.657825
vt 0.242110 0.659815
vt 0.230140 0.685354
vt 0.432342 0.647713
vt 0.204643 0.728270
vt 0.204306 0.744184
vt 0.526737 0.611627
vt 0.519301 0.594985
vt 0.548438 0.581120
vt 0.447053 0.388860
vt 0.466172 0.391228
vt 0.466235 0.396804
vt 0.440587 0.393629
vt 0.485292 0.393595
vt 0.491884 0.399980
vt 0.434183 0.425340
vt 0.488612 0.515851
vt 0.476380 0.515851
vt 0.476326 0.513703
vt 0.488558 0.513703
vt 0.468877 0.517443
vt 0.468706 0.510384
vt 0.525215 0.273709
vt 0.525215 0.335987
vt 0.523682 0.318680
vt 0.523682 0.291016
vt 0.496244 0.510384
vt 0.496415 0.517443
vt 0.506492 0.500065
vt 0.482289 0.500065
vt 0.523682 0.273709
vt 0.523682 0.380021
vt 0.505349 0.485421
vt 0.485025 0.625301
vt 0.484848 0.611307
vt 0.527842 0.625301
vt 0.175673 0.950408
vt 0.185140 0.955159
vt 0.425507 0.421168
vt 0.300970 0.988670
vt 0.299248 0.978681
vt 0.297572 0.968537
vt 0.204833 0.713194
vt 0.204738 0.720732
vt 0.330643 0.056558
vt 0.319748 0.076069
vt 0.203894 0.954529
vt 0.203579 0.914333
vt 0.203672 0.876583
vt 0.202924 0.818887
vt 0.203071 0.839174
vt 0.203120 0.805555
vt 0.203969 0.760098
vt 0.203643 0.776161
vt 0.203317 0.792225
vt 0.204524 0.687785
vt 0.203984 0.661690
vt 0.201379 0.644185
vt 0.192775 0.618839
vt 0.167293 0.035298
vt 0.197077 0.631513
vt 0.546272 0.575452
vt 0.546272 0.517360
vt 0.546272 0.459267
vt 0.466158 0.384490
vt 0.478747 0.386049
vt 0.453568 0.382931
vt 0.242766 0.013216
vt 0.435294 0.379087
vt 0.424590 0.381878
vt 0.424454 0.375094
vt 0.243741 0.001064
vt 0.519474 0.380609
vt 0.512318 0.391229
vt 0.508209 0.385465
vt 0.497151 0.386746
vt 0.508218 0.392233
vt 0.550664 0.612064
vt 0.550664 0.422655
vt 0.503928 0.394374
vt 0.549276 0.432245
vt 0.428770 0.385068
vt 0.549276 0.602474
vt 0.434818 0.540700
vt 0.437383 0.536160
vt 0.436678 0.554490
vt 0.434289 0.558073
vt 0.507146 0.550137
vt 0.431886 0.595598
vt 0.220469 0.725986
vt 0.216876 0.731576
vt 0.314118 0.604636
vt 0.333738 0.690826
vt 0.336308 0.659112
vt 0.336751 0.690826
vt 0.513942 0.522616
vt 0.522279 0.515379
vt 0.548529 0.509429
vt 0.559021 0.503628
vt 0.337231 0.564527
vt 0.336308 0.526971
vt 0.333738 0.495256
vt 0.317054 0.608487
vt 0.232204 0.551245
vt 0.567578 0.505462
vt 0.532888 0.514431
vt 0.275226 0.547971
vt 0.337231 0.621556
vt 0.293260 0.720069
vt 0.298826 0.774639
vt 0.299471 0.787901
vt 0.214449 0.783960
vt 0.214252 0.797291
vt 0.296179 0.738324
vt 0.297502 0.756482
vt 0.215506 0.749214
vt 0.214977 0.766587
vt 0.624797 0.402208
vt 0.172359 0.026174
vt 0.300754 0.858694
vt 0.301804 0.896188
vt 0.300119 0.821320
vt 0.300115 0.801162
vt 0.304348 0.992908
vn 0.4964 -0.0361 0.8673
vn 0.5028 0.1729 0.8469
vn -0.5028 0.1729 0.8469
vn -0.4964 -0.0361 0.8673
vn 1.0000 0.0074 -0.0005
vn 0.9791 0.2012 -0.0276
vn 0.9771 0.2021 0.0663
vn 0.9988 -0.0014 0.0490
vn 0.1660 0.9592 -0.2289
vn -0.1660 0.9592 -0.2289
vn -0.1748 0.9021 0.3945
vn 0.1748 0.9021 0.3945
vn -0.9988 -0.0014 0.0490
vn -0.9771 0.2021 0.0663
vn -0.9791 0.2012 -0.0276
vn -1.0000 0.0074 -0.0005
vn -0.7488 0.5190 0.4121
vn -0.5395 0.8016 0.2575
vn -0.8014 0.5636 0.2004
vn -0.9099 0.3977 0.1177
vn 1.0000 0.0000 0.0000
vn 0.9812 -0.1659 0.0987
vn 0.9803 -0.1799 0.0819
vn 0.7488 0.5190 0.4121
vn 0.9212 0.2218 0.3197
vn 0.9099 0.3977 0.1177
vn 0.9717 0.2263 -0.0668
vn 0.9901 0.1281 -0.0576
vn 0.9949 0.0952 -0.0338
vn 0.9867 0.1582 -0.0384
vn 0.1352 -0.8567 0.4977
vn -0.1352 -0.8567 0.4977
vn -0.1295 -0.9048 0.4055
vn 0.1295 -0.9048 0.4055
vn -0.8626 -0.5022 0.0600
vn -0.8270 -0.5597 -0.0525
vn -0.9836 -0.1713 0.0568
vn -0.9912 -0.1314 0.0158
vn -0.9497 -0.0114 0.3128
vn -0.9212 0.2218 0.3197
vn -0.9502 0.3102 -0.0287
vn 0.4639 -0.7625 0.4510
vn 0.4699 -0.8066 0.3585
vn -1.0000 0.0000 0.0000
vn -0.9901 0.1281 -0.0576
vn -0.9949 0.0952 -0.0338
vn -1.0000 -0.0038 0.0015
vn -0.8081 -0.5044 0.3042
vn -0.9812 -0.1659 0.0987
vn -0.9803 -0.1799 0.0819
vn -0.8120 -0.5332 0.2372
vn 0.8270 -0.5597 -0.0525
vn 0.8626 -0.5022 0.0600
vn 0.9912 -0.1314 0.0158
vn 0.9836 -0.1713 0.0568
vn 0.9502 0.3102 -0.0287
vn 0.9280 -0.0126 0.3724
vn 0.9214 -0.1916 0.3379
vn 0.9974 -0.0023 0.0712
vn 0.0000 -0.4718 0.8817
vn 0.4698 -0.4876 0.7359
vn 0.4979 -0.1912 0.8459
vn 0.0000 -0.1182 0.9930
vn 0.3229 0.5395 0.7776
vn -0.3229 0.5395 0.7776
vn -0.1638 -0.9803 0.1101
vn 0.1638 -0.9803 0.1101
vn 0.1375 -0.9465 -0.2918
vn 0.0000 -0.9639 -0.2664
vn -0.1375 -0.9465 -0.2918
vn 0.9454 -0.0115 0.3255
vn 0.9986 -0.0013 0.0523
vn -0.1564 0.8602 -0.4854
vn 0.1564 0.8602 -0.4854
vn 0.1329 0.9290 -0.3453
vn -0.1329 0.9290 -0.3453
vn -0.9214 -0.1916 0.3379
vn -0.9280 -0.0126 0.3724
vn -0.9974 -0.0023 0.0712
vn -0.5145 0.7559 -0.4050
vn -0.5370 0.7871 -0.3033
vn 0.4781 -0.0114 0.8782
vn -0.4781 -0.0114 0.8782
vn -0.4979 -0.1912 0.8459
vn 0.1222 -0.9572 0.2621
vn 0.4769 -0.8494 0.2261
vn 0.1035 0.9946 0.0005
vn -0.1035 0.9946 0.0005
vn -0.9841 -0.1725 0.0419
vn -0.8343 -0.5339 0.1377
vn 0.9841 -0.1725 0.0419
vn -0.1222 -0.9572 0.2621
vn 0.9958 0.0888 -0.0219
vn 0.9909 0.1303 -0.0322
vn -0.5280 0.8483 -0.0407
vn -0.9958 0.0888 -0.0219
vn -1.0000 -0.0009 0.0000
vn -0.9960 0.0891 -0.0095
vn -1.0000 -0.0035 -0.0005
vn 0.1057 0.9568 0.2706
vn -0.1057 0.9568 0.2706
vn -0.5118 0.8383 0.1875
vn 0.9841 -0.1762 0.0224
vn -0.9841 -0.1762 0.0224
vn -0.8320 -0.5504 0.0693
vn -0.1135 -0.9879 0.1060
vn 0.1135 -0.9879 0.1060
vn 0.4643 -0.8801 0.0988
vn 0.9960 0.0891 -0.0095
vn 0.9911 0.1321 -0.0105
vn 0.9961 0.0876 0.0092
vn 0.9914 0.1287 0.0230
vn 0.1049 -0.9904 -0.0893
vn 0.4293 -0.8978 -0.0977
vn -0.9810 -0.1883 -0.0454
vn -0.8057 -0.5862 -0.0851
vn -0.9961 0.0876 0.0092
vn -1.0000 0.0005 0.0023
vn 0.1438 0.9383 0.3146
vn -0.1438 0.9383 0.3146
vn -0.5526 0.7967 0.2446
vn 0.9810 -0.1883 -0.0454
vn -0.1049 -0.9904 -0.0893
vn 0.0910 -0.9141 -0.3951
vn -0.0910 -0.9141 -0.3951
vn -0.0476 -0.6191 -0.7838
vn 0.0476 -0.6191 -0.7838
vn 0.9917 0.1239 0.0326
vn 0.9961 0.0863 0.0188
vn 0.9972 0.0740 0.0117
vn 0.9917 0.1234 0.0358
vn 0.3842 -0.8178 -0.4284
vn 0.2514 -0.4829 -0.8388
vn -1.0000 0.0022 0.0050
vn -0.9961 0.0863 0.0188
vn -0.9972 0.0740 0.0117
vn -0.9984 -0.0320 -0.0475
vn -0.5813 0.7798 0.2324
vn -0.1635 0.9434 0.2885
vn -0.1586 0.9445 0.2877
vn -0.5803 0.7764 0.2459
vn 0.1635 0.9434 0.2885
vn 0.1586 0.9445 0.2877
vn -0.7488 -0.4946 -0.4412
vn -0.9019 -0.1935 -0.3861
vn -0.3345 -0.3163 -0.8877
vn -0.3389 -0.2856 -0.8964
vn 0.9777 -0.1110 -0.1781
vn 0.9447 -0.1602 -0.2862
vn 0.4786 -0.5488 -0.6854
vn 0.8545 -0.3139 -0.4139
vn 0.3262 -0.4553 -0.8284
vn -0.4786 -0.5488 -0.6854
vn -0.3262 -0.4553 -0.8284
vn -0.9447 -0.1602 -0.2862
vn 0.9916 0.1235 0.0389
vn 0.9999 0.0133 0.0034
vn 0.9999 0.0125 0.0038
vn 0.9916 0.1236 0.0376
vn -0.1666 0.9377 0.3048
vn 0.1666 0.9377 0.3048
vn 0.1708 0.9392 0.2978
vn -0.1708 0.9392 0.2978
vn -0.6104 0.7542 0.2419
vn -0.6150 0.7526 0.2351
vn 0.7899 -0.5651 -0.2382
vn 0.3279 -0.8668 -0.3755
vn 0.3034 -0.8973 -0.3205
vn 0.7853 -0.5836 -0.2067
vn -0.9829 -0.1732 -0.0616
vn -0.9999 0.0133 0.0034
vn -0.9999 0.0125 0.0038
vn -0.9824 -0.1780 -0.0566
vn -0.9911 -0.0895 -0.0979
vn -0.9989 0.0472 0.0013
vn -0.9998 0.0217 0.0017
vn -0.9865 -0.1444 -0.0769
vn -0.7805 -0.4589 -0.4245
vn -0.4046 -0.6719 -0.6203
vn -0.8545 -0.3139 -0.4139
vn -0.5915 0.7649 0.2548
vn -0.1632 0.9442 0.2860
vn -0.1693 0.9401 0.2958
vn -0.6080 0.7549 0.2458
vn 0.1632 0.9442 0.2860
vn 0.1693 0.9401 0.2958
vn 0.9916 0.1234 0.0389
vn 0.9989 0.0472 0.0013
vn 0.9998 0.0217 0.0017
vn 0.5915 0.7649 0.2548
vn 0.9268 0.3550 0.1221
vn 0.9324 0.3428 0.1145
vn 0.6080 0.7549 0.2458
vn 0.6104 0.7542 0.2419
vn 0.9355 0.3368 0.1064
vn 0.9360 0.3365 0.1035
vn 0.6150 0.7526 0.2351
vn 0.5813 0.7798 0.2324
vn 0.9236 0.3684 0.1061
vn 0.9249 0.3630 0.1129
vn 0.5803 0.7764 0.2459
vn 0.5118 0.8383 0.1875
vn 0.9128 0.4045 0.0552
vn 0.9217 0.3757 0.0965
vn 0.5526 0.7967 0.2446
vn 0.5280 0.8483 -0.0407
vn 0.9246 0.3782 -0.0447
vn 0.5370 0.7871 -0.3033
vn 0.9159 0.3843 -0.1162
vn 0.4894 0.8560 -0.1668
vn 0.5395 0.8016 0.2575
vn 0.8014 0.5636 0.2004
vn 0.8016 0.5906 -0.0926
vn 0.5145 0.7559 -0.4050
vn 0.8680 0.4568 -0.1948
vn 0.9019 -0.1935 -0.3861
vn 0.7488 -0.4946 -0.4412
vn 0.3389 -0.2856 -0.8964
vn 0.3345 -0.3163 -0.8877
vn 0.8320 -0.5504 0.0693
vn 0.8057 -0.5862 -0.0851
vn 0.8343 -0.5339 0.1377
vn 0.8120 -0.5332 0.2372
vn 0.5713 -0.7981 -0.1915
vn 0.5437 -0.8318 0.1121
vn 0.8081 -0.5044 0.3042
vn -0.9916 0.1234 0.0389
vn -0.9268 0.3550 0.1221
vn -0.9324 0.3428 0.1145
vn -0.9916 0.1235 0.0389
vn -0.9355 0.3368 0.1064
vn -0.9360 0.3365 0.1035
vn -0.9916 0.1236 0.0376
vn -0.9917 0.1239 0.0326
vn -0.9236 0.3684 0.1061
vn -0.9249 0.3630 0.1129
vn -0.9917 0.1234 0.0358
vn -0.9911 0.1321 -0.0105
vn -0.9128 0.4045 0.0552
vn -0.9217 0.3757 0.0965
vn -0.9914 0.1287 0.0230
vn -0.9909 0.1303 -0.0322
vn -0.9246 0.3782 -0.0447
vn -0.9867 0.1582 -0.0384
vn -0.9159 0.3843 -0.1162
vn -0.9717 0.2263 -0.0668
vn -0.8680 0.4568 -0.1948
vn -0.4894 0.8560 -0.1668
vn -0.8016 0.5906 -0.0926
vn -0.3842 -0.8178 -0.4284
vn -0.2514 -0.4829 -0.8388
vn -0.4643 -0.8801 0.0988
vn -0.4293 -0.8978 -0.0977
vn -0.4769 -0.8494 0.2261
vn -0.4699 -0.8066 0.3585
vn -0.4639 -0.7625 0.4510
vn -0.5437 -0.8318 0.1121
vn -0.5713 -0.7981 -0.1915
vn 0.9917 0.1235 0.0362
vn 0.9999 0.0112 0.0033
vn 0.9998 0.0156 0.0056
vn 0.9919 0.1230 0.0313
vn 0.3175 -0.9143 -0.2514
vn -0.3175 -0.9143 -0.2514
vn -0.3458 -0.9302 -0.1227
vn 0.3458 -0.9302 -0.1227
vn -0.1754 0.9403 0.2916
vn 0.1754 0.9403 0.2916
vn 0.1867 0.9416 0.2801
vn -0.1867 0.9416 0.2801
vn -0.3279 -0.8668 -0.3755
vn 0.3229 -0.8001 -0.5055
vn 0.0000 -0.9033 -0.4290
vn -0.3229 -0.8001 -0.5055
vn 0.0000 -0.2823 -0.9593
vn -0.6329 0.7451 0.2102
vn -0.2144 0.9389 0.2691
vn -0.6625 0.7236 0.1937
vn 0.8170 -0.5689 -0.0940
vn 0.4432 -0.8963 0.0120
vn 0.8163 -0.5734 -0.0694
vn -0.9919 0.1230 0.0313
vn -0.9381 0.3345 0.0895
vn -0.9422 0.3238 0.0859
vn -0.9913 0.1248 0.0403
vn 0.6212 0.7497 0.2280
vn 0.9374 0.3338 0.0992
vn 0.9381 0.3345 0.0895
vn 0.6329 0.7451 0.2102
vn -0.6212 0.7497 0.2280
vn 0.7872 -0.5936 -0.1672
vn -0.9821 -0.1808 -0.0530
vn -0.9999 0.0112 0.0033
vn -0.9998 0.0156 0.0056
vn -0.9844 -0.1715 -0.0379
vn -0.9917 0.1235 0.0362
vn -0.9374 0.3338 0.0992
vn -0.9419 0.3144 0.1178
vn -0.9881 0.1321 0.0781
vn 0.9913 0.1248 0.0403
vn 0.9996 0.0181 0.0197
vn 0.9983 0.0213 0.0534
vn 0.9881 0.1321 0.0781
vn 0.2144 0.9389 0.2691
vn 0.2382 0.9339 0.2666
vn -0.2382 0.9339 0.2666
vn -0.9996 0.0181 0.0197
vn -0.9863 -0.1644 -0.0148
vn -0.4432 -0.8963 0.0120
vn 0.9422 0.3238 0.0859
vn 0.6625 0.7236 0.1937
vn 0.2382 0.9379 0.2520
vn -0.2382 0.9379 0.2520
vn 0.6853 0.6977 0.2086
vn 0.9419 0.3144 0.1178
vn 0.9325 0.3294 0.1480
vn 0.6772 0.7027 0.2181
vn 0.0000 -0.9922 -0.1244
vn -0.3541 -0.9281 -0.1152
vn -0.3812 -0.9121 -0.1510
vn 0.0000 -0.9809 -0.1945
vn 0.4289 -0.8801 -0.2036
vn 0.8272 -0.5573 -0.0714
vn -0.6853 0.6977 0.2086
vn -0.9983 0.0213 0.0534
vn -0.9873 -0.1585 0.0121
vn 0.4504 -0.8584 0.2456
vn -0.4504 -0.8584 0.2456
vn -0.3779 -0.9068 0.1866
vn 0.3779 -0.9068 0.1866
vn -0.9875 -0.1524 0.0383
vn -0.9959 0.0317 0.0845
vn -0.9935 0.0405 0.1064
vn -0.9866 -0.1473 0.0696
vn -0.6772 0.7027 0.2181
vn -0.2280 0.9522 0.2032
vn -0.6586 0.7275 0.1923
vn 0.8365 -0.5455 -0.0520
vn 0.3812 -0.9121 -0.1510
vn 0.3749 -0.9215 -0.1016
vn 0.8353 -0.5496 -0.0113
vn 0.9959 0.0317 0.0845
vn 0.9838 0.1422 0.1092
vn -0.9325 0.3294 0.1480
vn -0.9838 0.1422 0.1092
vn 0.3541 -0.9281 -0.1152
vn -0.2309 0.9687 0.0916
vn -0.6581 0.7489 0.0773
vn 0.4176 -0.9085 0.0078
vn 0.7990 -0.5979 0.0637
vn -0.9805 0.1525 0.1236
vn -0.9239 0.3513 0.1512
vn -0.9181 0.3896 0.0718
vn -0.9836 0.1491 0.1014
vn -0.3749 -0.9215 -0.1016
vn 0.9239 0.3513 0.1512
vn 0.6586 0.7275 0.1923
vn 0.2280 0.9522 0.2032
vn 0.9935 0.0405 0.1064
vn 0.9805 0.1525 0.1236
vn 0.6581 0.7489 0.0773
vn 0.9181 0.3896 0.0717
vn 0.7490 0.3571 -0.5581
vn 0.5713 0.2986 -0.7645
vn 0.5793 0.4011 -0.7096
vn 0.9836 0.1491 0.1014
vn 0.9953 0.0358 0.0899
vn 0.7045 0.3158 -0.6356
vn 0.6644 0.4880 -0.5659
vn 0.4725 -0.6905 -0.5477
vn 0.6915 -0.7223 -0.0064
vn 0.8570 -0.5088 0.0815
vn -0.9953 0.0358 0.0899
vn -0.9866 -0.1479 0.0687
vn -0.3534 -0.9353 -0.0133
vn 0.2309 0.9687 0.0916
vn -0.8353 -0.5496 -0.0113
vn -0.9570 -0.2870 0.0420
vn -0.9596 -0.2741 0.0636
vn -0.8337 -0.5495 0.0546
vn 0.9596 -0.2741 0.0636
vn 0.6118 -0.5180 -0.5977
vn 0.6745 -0.1035 -0.7309
vn 0.9866 -0.1479 0.0687
vn 0.9866 -0.1473 0.0696
vn 0.9570 -0.2870 0.0420
vn -0.8272 -0.5573 -0.0714
vn -0.9561 -0.2923 -0.0186
vn -0.9570 -0.2900 0.0044
vn -0.8365 -0.5455 -0.0520
vn 0.9873 -0.1585 0.0121
vn 0.9561 -0.2923 -0.0186
vn 0.9570 -0.2900 0.0044
vn 0.9875 -0.1524 0.0383
vn -0.8163 -0.5734 -0.0694
vn -0.9541 -0.2976 -0.0336
vn 0.9863 -0.1644 -0.0148
vn 0.9541 -0.2976 -0.0336
vn -0.8170 -0.5689 -0.0940
vn -0.9497 -0.3066 -0.0633
vn -0.7872 -0.5936 -0.1672
vn -0.9437 -0.3174 -0.0931
vn 0.9821 -0.1808 -0.0530
vn 0.9437 -0.3174 -0.0931
vn 0.9497 -0.3066 -0.0633
vn 0.9844 -0.1715 -0.0379
vn 0.9911 -0.0895 -0.0979
vn 0.9391 -0.2479 -0.2381
vn 0.9424 -0.2841 -0.1761
vn 0.9865 -0.1444 -0.0769
vn -0.9391 -0.2479 -0.2381
vn -0.9424 -0.2841 -0.1761
vn -0.7832 -0.5206 -0.3399
vn -0.7899 -0.5651 -0.2382
vn -0.9447 -0.3065 -0.1167
vn -0.9437 -0.3138 -0.1046
vn -0.7853 -0.5836 -0.2067
vn 0.9829 -0.1732 -0.0616
vn 0.9447 -0.3065 -0.1167
vn 0.9437 -0.3138 -0.1046
vn 0.9824 -0.1780 -0.0566
vn 1.0000 0.0022 0.0050
vn 0.9952 -0.0799 -0.0553
vn 0.9599 -0.2082 -0.1876
vn 0.9984 -0.0320 -0.0475
vn -0.9777 -0.1110 -0.1781
vn -0.9952 -0.0799 -0.0553
vn -0.9599 -0.2082 -0.1876
vn 1.0000 -0.0035 -0.0005
vn 0.9997 -0.0238 0.0030
vn 0.9996 -0.0269 0.0010
vn 1.0000 0.0005 0.0023
vn -0.9997 -0.0238 0.0030
vn -0.9996 -0.0269 0.0010
vn 1.0000 -0.0009 0.0000
vn 0.9997 -0.0238 0.0058
vn -0.9997 -0.0238 0.0058
vn -0.9997 -0.0207 0.0086
vn 1.0000 -0.0038 0.0015
vn 0.9997 -0.0207 0.0086
vn 0.9497 -0.0114 0.3128
vn 0.9475 -0.0212 0.3189
vn 0.9987 -0.0163 0.0486
vn -0.9997 -0.0213 0.0124
vn 0.9997 -0.0213 0.0124
vn -0.9454 -0.0115 0.3255
vn -0.9475 -0.0212 0.3189
vn -0.9987 -0.0163 0.0486
vn -0.9986 -0.0013 0.0523
vn -0.9997 -0.0233 0.0051
vn 0.9997 -0.0233 0.0051
vn 0.4838 -0.0358 0.8744
vn 0.4868 -0.0398 0.8726
vn -0.4868 -0.0398 0.8726
vn -0.4838 -0.0358 0.8744
vn -0.2391 0.4972 -0.8340
vn -0.5793 0.4011 -0.7096
vn -0.3079 -0.5528 -0.7743
vn -0.7490 0.3571 -0.5581
vn -0.6644 0.4880 -0.5659
vn -0.7045 0.3158 -0.6356
vn 0.2391 0.4972 -0.8340
vn -0.5713 0.2986 -0.7644
vn -0.3034 -0.8973 -0.3205
vn 0.7805 -0.4589 -0.4245
vn 0.4046 -0.6719 -0.6203
vn 0.7832 -0.5206 -0.3399
vn -0.4289 -0.8801 -0.2036
vn 0.7438 -0.6233 -0.2411
vn -0.7105 -0.6994 -0.0772
vn -0.7438 -0.6233 -0.2412
vn -0.6119 -0.5180 -0.5977
vn -0.6745 -0.1035 -0.7309
vn -0.4698 -0.4876 0.7359
vn -0.2451 -0.9651 -0.0924
vn 0.0000 -0.9997 -0.0254
vn 0.0000 -0.8725 0.4886
vn -0.4240 -0.8284 0.3661
vn 0.2451 -0.9651 -0.0924
vn 0.4240 -0.8284 0.3661
vn -0.3753 -0.6351 -0.6751
vn 0.3753 -0.6351 -0.6751
vn -0.4784 -0.7235 -0.4977
vn 0.4784 -0.7235 -0.4977
vn 0.0000 -0.9437 -0.3307
vn 0.0000 -0.5248 -0.8512
vn 0.0000 -0.6327 -0.7743
vn -0.8998 -0.4295 0.0765
vn -0.8854 -0.4287 0.1796
vn 0.8854 -0.4287 0.1796
vn 0.8549 -0.4948 0.1561
vn -0.8549 -0.4948 0.1561
usemtl Material
s 1
f 1733/2259/1047 1257/2260/1048 1244/2261/1049 1716/2262/1050
f 1732/2263/1051 1263/2264/1052 1258/2265/1053 1718/2266/1054
f 1262/2267/1055 1250/2268/1056 1245/2269/1057 1256/2270/1058
f 1731/2271/1059 1246/2272/1060 1252/2273/1061 1717/2274/1062
f 1633/2275/1063 1481/2276/1064 1345/2277/1065 1601/2278/1066
f 1694/2279/1067 1691/2280/1068 1280/2281/1069 1286/2282/1067
f 1632/2283/1070 1460/2284/1071 1258/2285/1053 1611/2286/1072
f 1714/2287/1073 1693/2288/1074 1282/2289/1075 1604/2290/1076
f 1692/2291/1077 1695/2292/1078 1272/2293/1079 1278/2294/1080
f 1355/2295/1081 1354/2296/1082 1243/2297/1083 1248/2298/1084
f 1748/2299/1085 1453/2300/1086 1246/2272/1060 1731/2271/1059
f 1601/2278/1066 1613/2301/1087 1252/2302/1061 1246/2303/1060
f 1710/2304/1088 1692/2291/1077 1278/2294/1080 1467/2305/1089
f 1712/2306/1067 1694/2279/1067 1286/2282/1067 1508/2307/1067
f 1758/2308/1090 1699/2309/1091 1277/2310/1092 1719/2311/1093
f 1704/2312/1094 1697/2313/1095 1273/2314/1096 1357/2315/1097
f 1340/2316/1098 1341/2317/1099 1261/2318/1100 1254/2319/1101
f 1603/2320/1102 1611/2321/1072 1258/2265/1053 1263/2264/1052
f 1463/2322/1103 1458/2323/1104 1254/2324/1101 1271/2325/1105
f 1638/2326/1106 1637/2327/1107 1255/2328/1108 1579/2329/1109
f 1602/2330/1110 1600/2331/1111 1244/2261/1049 1257/2260/1048
f 1247/2332/1112 1259/2333/1113 1253/2334/1114 1578/2335/1115 1241/2336/1116
f 1539/2337/1117 1463/2322/1103 1271/2325/1105 1524/2338/1118
f 1700/2339/1119 1696/2340/1120 1281/2341/1121 1275/2342/1122
f 1697/2313/1095 1698/2343/1090 1285/2344/1090 1273/2314/1096
f 1452/2345/1123 1464/2346/1124 1265/2347/1125 1243/2348/1083
f 1709/2349/1126 1700/2339/1119 1275/2342/1122 1465/2350/1127
f 1243/2348/1083 1265/2347/1125 1267/2351/1090 1248/2352/1084
f 1261/2353/1100 1268/2354/1067 1271/2325/1105 1254/2324/1101
f 1255/2328/1108 1270/2355/1128 1264/2356/1129 1242/2357/1130 1579/2329/1109
f 1467/2358/1089 1278/2359/1080 1288/2360/1131 1454/2361/1132
f 1275/2342/1122 1281/2341/1121 1291/2362/1133 1260/2363/1134
f 1508/2307/1067 1286/2282/1067 1296/2364/1067 1509/2365/1067
f 1357/2315/1097 1273/2314/1096 1266/2366/1135 1356/2367/1136
f 1286/2282/1067 1280/2281/1069 1290/2368/1137 1296/2364/1067
f 1273/2314/1096 1285/2344/1090 1295/2369/1090 1266/2366/1135
f 1278/2359/1080 1272/2370/1079 1269/2371/1138 1288/2360/1131
f 1604/2290/1076 1282/2289/1075 1292/2372/1139 1606/2373/1140
f 1465/2350/1127 1275/2342/1122 1260/2363/1134 1457/2374/1141
f 1719/2311/1093 1277/2310/1092 1249/2375/1142 1720/2376/1143
f 1720/2376/1143 1249/2375/1142 1287/2377/1144 1721/2378/1145
f 1260/2379/1134 1291/2380/1133 1300/2381/1146 1283/2382/1147
f 1457/2383/1141 1260/2379/1134 1283/2382/1147 1466/2384/1148
f 1509/2365/1067 1296/2364/1067 1304/2385/1067 1510/2386/1067
f 1296/2364/1067 1290/2368/1137 1299/2387/1149 1304/2385/1067
f 1266/2366/1135 1295/2369/1090 1303/2388/1090 1276/2389/1150
f 1356/2367/1136 1266/2366/1135 1276/2389/1150 1358/2390/1151
f 1288/2360/1131 1269/2371/1138 1274/2391/1152 1298/2392/1153
f 1454/2361/1132 1288/2360/1131 1298/2392/1153 1469/2393/1154
f 1606/2373/1140 1292/2372/1139 1301/2394/1155 1607/2395/1156
f 1607/2395/1156 1301/2394/1155 1310/2396/1157 1608/2397/1158
f 1469/2393/1154 1298/2392/1153 1306/2398/1159 1455/2399/1160
f 1358/2390/1151 1276/2389/1150 1294/2400/1161 1360/2401/1162
f 1721/2378/1145 1287/2377/1144 1251/2402/1163 1722/2403/1164
f 1283/2382/1147 1300/2381/1146 1309/2404/1165 1289/2405/1166
f 1466/2384/1148 1283/2382/1147 1289/2405/1166 1462/2406/1167
f 1510/2386/1067 1304/2385/1067 1313/2407/1067 1511/2408/1067
f 1304/2385/1067 1299/2387/1149 1308/2409/1168 1313/2407/1067
f 1276/2389/1150 1303/2388/1090 1312/2410/1090 1294/2400/1161
f 1298/2392/1153 1274/2391/1152 1297/2411/1169 1306/2398/1159
f 1550/2412/1170 1554/2413/1171 1279/2414/1172 1315/2415/1173
f 1635/2416/1174 1555/2417/1175 1318/2418/1176 1609/2419/1177
f 1569/2420/1178 1550/2412/1170 1315/2415/1173 1470/2421/1179
f 1750/2422/1180 1551/2423/1181 1305/2424/1182 1723/2425/1183
f 1568/2426/1184 1552/2427/1185 1302/2428/1186 1468/2429/1187
f 1552/2427/1185 1553/2430/1188 1317/2431/1189 1302/2428/1186
f 1563/2432/1190 1558/2433/1191 1284/2434/1192 1359/2435/1193
f 1571/2436/1194 1556/2437/1195 1320/2438/1196 1512/2439/1197
f 1556/2437/1195 1594/2440/1198 1320/2438/1196
f 1319/2441/1199 1595/2442/1200 1559/2443/1201
f 1661/2444/1202 1651/2445/1203 1293/2446/1204 1605/2447/1205
f 1648/2448/1206 1647/2449/1207 1307/2450/1208 1314/2451/1209
f 1657/2452/1210 1648/2448/1206 1314/2451/1209 1471/2453/1211
f 1659/2454/1212 1649/2455/1213 1322/2456/1214 1513/2457/1215
f 1752/2458/1216 1650/2459/1217 1311/2460/1218 1715/2461/1219
f 1756/2462/1220 1575/2463/1221 1325/2464/1222 1740/2465/1223
f 1685/2466/1224 1687/2467/1225 1319/2441/1199 1529/2468/1226
f 1684/2469/1227 1678/2470/1228 1326/2471/1229 1482/2472/1230
f 1678/2470/1228 1573/2473/1231 1324/2474/1232 1326/2471/1229
f 1690/2475/1233 1572/2476/1234 1327/2477/1235 1612/2478/1233
f 1683/2479/1236 1679/2480/1237 1337/2481/1238 1472/2482/1239
f 1656/2483/1240 1652/2484/1241 1332/2485/1242 1475/2486/1243
f 1567/2487/1244 1560/2488/1245 1336/2489/1246 1479/2490/1247
f 1477/2491/1248 1334/2492/1249 1335/2493/1250 1478/2494/1251
f 1476/2495/1252 1333/2496/1253 1334/2492/1249 1477/2491/1248
f 1474/2497/1254 1331/2498/1255 1333/2499/1253 1476/2500/1252
f 1473/2501/1256 1459/2502/1257 1329/2503/1258 1330/2504/1259
f 1708/2505/1260 1701/2506/1261 1331/2498/1255 1474/2497/1254
f 1557/2507/1262 1561/2508/1263 1344/2509/1264 1316/2510/1265
f 1299/2511/1149 1343/2512/1266 1339/2513/1267 1308/2514/1168
f 1290/2515/1137 1338/2516/1268 1343/2512/1266 1299/2511/1149
f 1280/2281/1069 1342/2517/1269 1338/2518/1268 1290/2368/1137
f 1480/2519/1270 1461/2520/1271 1341/2317/1099 1340/2316/1098
f 1691/2280/1068 1702/2521/1272 1342/2517/1269 1280/2281/1069
f 1689/2522/1273 1680/2523/1274 1353/2524/1275 1610/2525/1273
f 1660/2526/1276 1653/2527/1277 1352/2528/1278 1619/2529/1279
f 1634/2530/1280 1562/2531/1281 1351/2532/1282 1618/2533/1283
f 1617/2534/1284 1350/2535/1285 1348/2536/1286 1615/2537/1287
f 1614/2538/1288 1347/2539/1289 1350/2535/1285 1617/2534/1284
f 1616/2540/1290 1349/2541/1291 1347/2539/1289 1614/2538/1288
f 1713/2542/1292 1703/2543/1293 1349/2541/1291 1616/2540/1290
f 1481/2276/1064 1456/2544/1294 1346/2545/1295 1345/2277/1065
f 1566/2546/1296 1563/2432/1190 1359/2435/1193 1487/2547/1297
f 1486/2548/1298 1358/2549/1151 1360/2550/1162 1488/2551/1299
f 1484/2552/1300 1356/2553/1136 1358/2549/1151 1486/2548/1298
f 1485/2554/1301 1357/2555/1097 1356/2553/1136 1484/2552/1300
f 1707/2556/1302 1704/2557/1094 1357/2558/1097 1485/2559/1301
f 1483/2560/1303 1451/2561/1304 1354/2296/1082 1355/2295/1081
f 1677/2562/1305 1666/2563/1306 1361/2564/1307 1620/2565/1308
f 1665/2566/1309 1664/2567/1310 1365/2568/1311 1366/2569/1312
f 1662/2570/1313 1663/2571/1314 1362/2572/1315 1364/2573/1316
f 1646/2574/1317 1649/2575/1213 1328/2576/1318 1574/2577/1319 1323/2578/1320
f 1359/2435/1193 1284/2434/1192 1596/2579/1321 1316/2510/1265 1344/2509/1264
f 1470/2421/1179 1315/2415/1173 1279/2414/1172 1487/2547/1297
f 1489/2580/1322 1364/2573/1316 1372/2581/1323 1491/2582/1324
f 1515/2583/1325 1366/2584/1312 1374/2585/1326 1516/2586/1327
f 1621/2587/1328 1368/2588/1329 1376/2589/1330 1623/2590/1331
f 1673/2591/1332 1667/2592/1333 1367/2593/1334 1490/2594/1335
f 1672/2595/1336 1662/2570/1313 1364/2573/1316 1489/2580/1322
f 1675/2596/1337 1665/2597/1309 1366/2584/1312 1515/2583/1325
f 1754/2598/1338 1669/2599/1339 1363/2600/1340 1725/2601/1341
f 1676/2602/1342 1668/2603/1343 1368/2588/1329 1621/2587/1328
f 1623/2590/1331 1376/2589/1330 1384/2604/1344 1625/2605/1345
f 1622/2606/1346 1369/2607/1347 1377/2608/1348 1624/2609/1349
f 1372/2581/1323 1370/2610/1350 1378/2611/1351 1380/2612/1352
f 1725/2601/1341 1363/2600/1340 1371/2613/1353 1726/2614/1354
f 1366/2569/1312 1365/2568/1311 1373/2615/1355 1374/2616/1326
f 1490/2594/1335 1367/2593/1334 1375/2617/1356 1492/2618/1357
f 1364/2573/1316 1362/2572/1315 1370/2610/1350 1372/2581/1323
f 1620/2565/1308 1361/2564/1307 1369/2607/1347 1622/2606/1346
f 1380/2612/1352 1378/2611/1351 1386/2619/1358 1388/2620/1359
f 1494/2621/1360 1383/2622/1361 1391/2623/1362 1496/2624/1363
f 1593/2625/1364 1590/2626/1365 1389/2627/1366 1592/2628/1367
f 1516/2586/1327 1374/2585/1326 1382/2629/1368 1517/2630/1369
f 1491/2582/1324 1372/2581/1323 1380/2612/1352 1493/2631/1370
f 1726/2614/1354 1371/2613/1353 1379/2632/1371 1727/2633/1372
f 1586/2634/1373 1585/2635/1374 1581/2636/1375 1582/2637/1376
f 1492/2618/1357 1375/2617/1356 1383/2622/1361 1494/2621/1360
f 1728/2638/1377 1387/2639/1378 1395/2640/1379 1729/2641/1380
f 1495/2642/1381 1388/2620/1359 1396/2643/1382 1497/2644/1383
f 1518/2645/1384 1390/2646/1385 1398/2647/1386 1519/2648/1387
f 1624/2609/1349 1377/2608/1348 1385/2649/1388 1626/2650/1389
f 1625/2605/1345 1384/2604/1344 1392/2651/1390 1627/2652/1391
f 1517/2630/1369 1382/2629/1368 1589/2653/1392 1390/2646/1385 1518/2645/1384
f 1493/2631/1370 1380/2612/1352 1388/2620/1359 1495/2642/1381
f 1727/2633/1372 1379/2632/1371 1387/2639/1378 1728/2638/1377
f 1497/2644/1383 1396/2643/1382 1404/2654/1393 1499/2655/1394
f 1519/2648/1387 1398/2647/1386 1406/2656/1395 1520/2657/1396
f 1629/2658/1397 1400/2659/1398 1408/2660/1399 1631/2661/1400
f 1390/2662/1385 1592/2628/1367 1389/2627/1366 1397/2663/1401 1398/2664/1386
f 1496/2624/1363 1391/2623/1362 1399/2665/1402 1498/2666/1403
f 1388/2620/1359 1386/2619/1358 1394/2667/1404 1396/2643/1382
f 1626/2650/1389 1385/2649/1388 1393/2668/1405 1628/2669/1406
f 1627/2652/1391 1392/2651/1390 1400/2659/1398 1629/2658/1397
f 1500/2670/1407 1407/2671/1408 1447/2672/1409 1543/2673/1410 1504/2674/1411
f 1407/2675/1408 1630/2676/1412 1401/2677/1413 1441/2678/1414 1541/2679/1415 1447/2680/1409
f 1520/2657/1396 1406/2656/1395 1446/2681/1416 1542/2682/1417 1537/2683/1418
f 1729/2641/1380 1395/2640/1379 1403/2684/1419 1730/2685/1420
f 1398/2664/1386 1397/2663/1401 1405/2686/1421 1406/2687/1395
f 1498/2666/1403 1399/2665/1402 1407/2671/1408 1500/2670/1407
f 1396/2643/1382 1394/2667/1404 1402/2688/1422 1404/2654/1393
f 1628/2669/1406 1393/2668/1405 1401/2677/1413 1630/2676/1412
f 1535/2689/1423 1437/2690/1424 1439/2691/1425 1536/2692/1426
f 1440/2693/1427 1450/2694/1428 1546/2695/1429 1746/2696/1430
f 1745/2697/1431 1438/2698/1432 1440/2693/1427 1746/2696/1430
f 1533/2699/1433 1433/2700/1434 1435/2701/1435 1534/2702/1436
f 1743/2703/1437 1434/2704/1438 1436/2705/1439 1744/2706/1440
f 1744/2706/1440 1436/2705/1439 1438/2698/1432 1745/2697/1431
f 1534/2702/1436 1435/2701/1435 1437/2707/1424 1535/2708/1423
f 1532/2709/1441 1431/2710/1442 1433/2700/1434 1533/2699/1433
f 1742/2711/1443 1432/2712/1444 1434/2704/1438 1743/2703/1437
f 1531/2713/1445 1429/2714/1446 1431/2710/1442 1532/2709/1441
f 1674/2715/1447 1670/2716/1448 1429/2714/1446 1531/2713/1445
f 1753/2717/1449 1671/2718/1450 1430/2719/1451 1741/2720/1452
f 1741/2721/1452 1430/2722/1451 1432/2712/1444 1742/2711/1443
f 1755/2723/1453 1681/2724/1454 1428/2725/1455 1724/2726/1456
f 1685/2466/1224 1682/2727/1457 1427/2728/1458 1514/2729/1459
f 1658/2730/1460 1654/2731/1461 1409/2732/1462 1521/2733/1463
f 1751/2734/1464 1655/2735/1465 1426/2736/1466 1739/2737/1467
f 1749/2738/1468 1564/2739/1469 1425/2740/1470 1738/2741/1471
f 1570/2742/1472 1565/2743/1473 1424/2744/1474 1529/2745/1226
f 1736/2746/1475 1421/2747/1476 1423/2748/1477 1737/2749/1478
f 1527/2750/1090 1420/2751/1479 1422/2752/1480 1528/2753/1090
f 1735/2754/1481 1419/2755/1482 1421/2747/1476 1736/2746/1475
f 1526/2756/1090 1418/2757/1483 1420/2751/1479 1527/2750/1090
f 1525/2758/1090 1416/2759/1484 1418/2757/1483 1526/2756/1090
f 1734/2760/1485 1417/2761/1486 1419/2755/1482 1735/2754/1481
f 1747/2762/1487 1501/2763/1488 1412/2764/1489 1718/2266/1054
f 1711/2765/1090 1705/2766/1490 1416/2759/1484 1525/2758/1090
f 1757/2767/1067 1706/2768/1491 1417/2761/1486 1734/2760/1485
f 1538/2769/1492 1502/2770/1493 1413/2771/1494 1505/2772/1495
f 1505/2772/1495 1413/2771/1494 1411/2773/1496 1523/2774/1090
f 1506/2775/1067 1414/2776/1497 1412/2764/1489 1524/2338/1118
f 1507/2777/1498 1415/2778/1499 1410/2779/1500 1522/2780/1501
f 1499/2655/1394 1404/2654/1393 1444/2781/1502 1503/2782/1503
f 1406/2687/1395 1405/2686/1421 1445/2783/1504 1446/2784/1416
f 1403/2684/1419 1631/2661/1400 1408/2660/1399 1448/2785/1505 1544/2786/1506 1443/2787/1507
f 1401/2677/1413 1746/2696/1430 1546/2695/1429 1441/2678/1414
f 1404/2654/1393 1402/2688/1422 1442/2788/1508 1444/2781/1502
f 1408/2789/1399 1499/2655/1394 1503/2782/1503 1547/2790/1509 1448/2791/1505
f 1522/2780/1501 1410/2779/1500 1502/2792/1493 1538/2793/1492
f 1733/2259/1047 1415/2778/1499 1501/2794/1488 1747/2795/1487
f 1394/2667/1404 1498/2666/1403 1500/2670/1407 1402/2688/1422
f 1402/2688/1422 1500/2670/1407 1504/2674/1411 1442/2788/1508
f 1386/2619/1358 1496/2624/1363 1498/2666/1403 1394/2667/1404
f 1400/2796/1398 1497/2644/1383 1499/2655/1394 1408/2789/1399
f 1384/2797/1344 1493/2631/1370 1495/2642/1381 1392/2798/1390
f 1392/2798/1390 1495/2642/1381 1497/2644/1383 1400/2796/1398
f 1370/2610/1350 1492/2618/1357 1494/2621/1360 1378/2611/1351
f 1376/2799/1330 1491/2582/1324 1493/2631/1370 1384/2797/1344
f 1378/2611/1351 1494/2621/1360 1496/2624/1363 1386/2619/1358
f 1362/2572/1315 1490/2594/1335 1492/2618/1357 1370/2610/1350
f 1668/2800/1343 1672/2595/1336 1489/2580/1322 1368/2801/1329
f 1663/2571/1314 1673/2591/1332 1490/2594/1335 1362/2572/1315
f 1368/2801/1329 1489/2580/1322 1491/2582/1324 1376/2799/1330
f 1344/2509/1264 1470/2421/1179 1487/2547/1297 1359/2435/1193
f 1247/2332/1112 1241/2336/1116 1451/2561/1304 1483/2560/1303
f 1695/2292/1078 1707/2556/1302 1485/2559/1301 1272/2293/1079
f 1272/2370/1079 1485/2554/1301 1484/2552/1300 1269/2371/1138
f 1269/2371/1138 1484/2552/1300 1486/2548/1298 1274/2391/1152
f 1274/2391/1152 1486/2548/1298 1488/2551/1299 1297/2411/1169
f 1554/2413/1171 1566/2546/1296 1487/2547/1297 1279/2414/1172
f 1245/2269/1057 1250/2268/1056 1456/2544/1294 1481/2276/1064
f 1253/2334/1114 1259/2333/1113 1461/2802/1271 1480/2803/1270
f 1696/2340/1120 1708/2505/1260 1474/2497/1254 1281/2341/1121
f 1262/2267/1055 1256/2270/1058 1459/2502/1257 1473/2501/1256
f 1281/2341/1121 1474/2497/1254 1476/2500/1252 1291/2362/1133
f 1291/2380/1133 1476/2495/1252 1477/2491/1248 1300/2381/1146
f 1300/2381/1146 1477/2491/1248 1478/2494/1251 1309/2404/1165
f 1553/2430/1188 1567/2487/1244 1479/2490/1247 1317/2431/1189
f 1647/2449/1207 1656/2483/1240 1475/2486/1243 1307/2450/1208
f 1573/2473/1231 1683/2479/1236 1472/2482/1239 1324/2474/1232
f 1680/2804/1274 1684/2469/1227 1482/2472/1230 1353/2805/1275
f 1653/2806/1277 1657/2452/1210 1471/2453/1211 1352/2807/1278
f 1562/2808/1281 1568/2426/1184 1468/2429/1187 1351/2809/1282
f 1561/2508/1263 1569/2420/1178 1470/2421/1179 1344/2509/1264
f 1350/2810/1285 1466/2384/1148 1462/2406/1167 1348/2811/1286
f 1343/2512/1266 1469/2812/1154 1455/2813/1160 1339/2513/1267
f 1338/2516/1268 1454/2814/1132 1469/2812/1154 1343/2512/1266
f 1347/2815/1289 1457/2383/1141 1466/2384/1148 1350/2810/1285
f 1349/2816/1291 1465/2350/1127 1457/2374/1141 1347/2817/1289
f 1342/2818/1269 1467/2819/1089 1454/2814/1132 1338/2516/1268
f 1703/2820/1293 1709/2349/1126 1465/2350/1127 1349/2816/1291
f 1242/2357/1130 1264/2356/1129 1464/2821/1124 1452/2822/1123
f 1507/2777/1498 1270/2355/1128 1463/2823/1103 1539/2824/1117
f 1270/2355/1128 1255/2328/1108 1458/2825/1104 1463/2823/1103
f 1702/2826/1272 1710/2827/1088 1467/2828/1089 1342/2829/1269
f 1716/2262/1050 1244/2261/1049 1453/2830/1086 1748/2831/1085
f 1602/2832/1110 1257/2833/1048 1460/2284/1071 1632/2283/1070
f 1600/2834/1111 1245/2269/1057 1481/2276/1064 1633/2275/1063
f 1415/2778/1499 1507/2777/1498 1539/2824/1117 1501/2794/1488
f 1264/2356/1129 1522/2780/1501 1538/2793/1492 1464/2821/1124
f 1270/2355/1128 1507/2777/1498 1522/2780/1501 1264/2356/1129
f 1268/2354/1067 1506/2775/1067 1524/2338/1118 1271/2325/1105
f 1265/2347/1125 1505/2772/1495 1523/2774/1090 1267/2351/1090
f 1464/2346/1124 1538/2769/1492 1505/2772/1495 1265/2347/1125
f 1698/2343/1090 1711/2765/1090 1525/2758/1090 1285/2344/1090
f 1285/2344/1090 1525/2758/1090 1526/2756/1090 1295/2369/1090
f 1295/2369/1090 1526/2756/1090 1527/2750/1090 1303/2388/1090
f 1303/2388/1090 1527/2750/1090 1528/2753/1090 1312/2410/1090
f 1559/2443/1201 1570/2835/1472 1529/2468/1226 1319/2441/1199
f 1646/2574/1317 1658/2730/1460 1521/2733/1463 1321/2836/1510
f 1686/2837/1511 1688/2838/1512 1328/2839/1318 1530/2840/1513
f 1664/2567/1310 1674/2715/1447 1531/2713/1445 1365/2568/1311
f 1365/2568/1311 1531/2713/1445 1532/2709/1441 1373/2615/1355
f 1373/2615/1355 1532/2709/1441 1533/2699/1433 1381/2841/1514
f 1389/2627/1366 1534/2702/1436 1535/2708/1423 1397/2663/1401
f 1381/2841/1514 1533/2699/1433 1534/2702/1436 1389/2627/1366 1590/2626/1365
f 1397/2663/1401 1535/2708/1423 1536/2842/1426 1405/2686/1421
f 1440/2843/1427 1520/2657/1396 1537/2683/1418 1548/2844/1515 1450/2845/1428
f 1438/2846/1432 1519/2648/1387 1520/2657/1396 1440/2843/1427
f 1434/2847/1438 1517/2630/1369 1518/2645/1384 1436/2848/1439
f 1436/2848/1439 1518/2645/1384 1519/2648/1387 1438/2846/1432
f 1432/2849/1444 1516/2586/1327 1517/2630/1369 1434/2847/1438
f 1671/2718/1450 1675/2596/1337 1515/2583/1325 1430/2719/1451
f 1430/2719/1451 1515/2583/1325 1516/2586/1327 1432/2849/1444
f 1681/2724/1454 1686/2837/1511 1530/2840/1513 1428/2725/1455
f 1655/2735/1465 1659/2454/1212 1513/2457/1215 1426/2736/1466
f 1564/2850/1469 1571/2436/1194 1512/2439/1197 1425/2851/1470
f 1421/2747/1476 1510/2386/1067 1511/2408/1067 1423/2748/1477
f 1419/2755/1482 1509/2365/1067 1510/2386/1067 1421/2747/1476
f 1417/2761/1486 1508/2307/1067 1509/2365/1067 1419/2755/1482
f 1501/2763/1488 1539/2337/1117 1524/2338/1118 1412/2764/1489
f 1706/2768/1491 1712/2306/1067 1508/2307/1067 1417/2761/1486
f 1542/2852/1417 1446/2853/1416 1445/2854/1504 1549/2855/1516
f 1545/2856/1517 1449/2857/1518 1450/2858/1428 1548/2859/1515
f 1546/2860/1429 1450/2858/1428 1449/2857/1518 1540/2861/1519
f 1540/2862/1519 1443/2863/1507 1441/2864/1414 1546/2865/1429
f 1541/2866/1415 1441/2864/1414 1443/2863/1507 1544/2867/1506
f 1544/2867/1506 1448/2868/1505 1447/2869/1409 1541/2866/1415
f 1543/2870/1410 1447/2869/1409 1448/2868/1505 1547/2871/1509
f 1547/2872/1509 1503/2873/1503 1504/2874/1411 1543/2875/1410
f 1503/2873/1503 1444/2876/1502 1442/2877/1508 1504/2874/1411
f 1423/2748/1477 1511/2408/1067 1571/2878/1194 1564/2739/1469
f 1312/2410/1090 1528/2753/1090 1570/2742/1472 1559/2879/1201
f 1339/2513/1267 1455/2813/1160 1569/2880/1178 1561/2881/1263
f 1348/2811/1286 1462/2406/1167 1568/2426/1184 1562/2808/1281
f 1309/2404/1165 1478/2494/1251 1567/2487/1244 1553/2430/1188
f 1297/2411/1169 1488/2551/1299 1566/2546/1296 1554/2413/1171
f 1528/2753/1090 1422/2752/1480 1565/2743/1473 1570/2742/1472
f 1737/2749/1478 1423/2748/1477 1564/2739/1469 1749/2738/1468
f 1488/2551/1299 1360/2550/1162 1563/2432/1190 1566/2546/1296
f 1615/2537/1287 1348/2536/1286 1562/2531/1281 1634/2530/1280
f 1308/2514/1168 1339/2513/1267 1561/2881/1263 1557/2882/1262
f 1478/2494/1251 1335/2493/1250 1560/2488/1245 1567/2487/1244
f 1294/2400/1161 1312/2410/1090 1559/2879/1201 1558/2883/1191
f 1313/2407/1067 1308/2409/1168 1557/2884/1262 1556/2885/1195
f 1511/2408/1067 1313/2407/1067 1556/2885/1195 1571/2878/1194
f 1360/2550/1162 1294/2886/1161 1558/2433/1191 1563/2432/1190
f 1289/2405/1166 1309/2404/1165 1553/2430/1188 1552/2427/1185
f 1462/2406/1167 1289/2405/1166 1552/2427/1185 1568/2426/1184
f 1722/2403/1164 1251/2402/1163 1551/2423/1181 1750/2422/1180
f 1455/2399/1160 1306/2398/1159 1550/2412/1170 1569/2420/1178
f 1608/2397/1158 1310/2396/1157 1555/2417/1175 1635/2416/1174
f 1306/2398/1159 1297/2411/1169 1554/2413/1171 1550/2412/1170
f 1336/2887/1246 1609/2419/1177 1690/2475/1233 1679/2888/1237
f 1320/2889/1196 1319/2441/1199 1687/2467/1225 1688/2890/1512
f 1636/2891/1520 1638/2326/1106 1579/2329/1109 1242/2357/1130
f 1640/2892/1521 1641/2893/1522 1580/2894/1523 1576/2895/1524
f 1641/2893/1522 1639/2896/1525 1577/2897/1526 1580/2894/1523
f 1520/2657/1396 1542/2682/1417 1537/2683/1418
f 1542/2682/1417 1520/2657/1396 1406/2656/1395 1446/2681/1416
f 1549/2898/1516 1445/2783/1504 1405/2686/1421 1536/2842/1426
f 1582/2899/1376 1581/2900/1375 1583/2901/1527 1584/2902/1528
f 1585/2903/1374 1587/2904/1529 1583/2901/1527 1581/2900/1375
f 1587/2905/1529 1588/2906/1530 1584/2907/1528 1583/2908/1527
f 1588/2909/1530 1586/2910/1373 1582/2899/1376 1584/2902/1528
f 1382/2911/1368 1374/2616/1326 1586/2910/1373 1588/2909/1530
f 1381/2841/1514 1591/2912/1531 1382/2911/1368 1588/2909/1530 1587/2904/1529
f 1373/2615/1355 1381/2841/1514 1587/2904/1529 1585/2903/1374
f 1374/2913/1326 1373/2914/1355 1585/2635/1374 1586/2634/1373
f 1589/2915/1392 1593/2625/1364 1592/2628/1367 1390/2662/1385
f 1382/2911/1368 1591/2912/1531 1593/2625/1364 1589/2915/1392
f 1591/2912/1531 1381/2841/1514 1590/2626/1365 1593/2625/1364
f 1688/2890/1512 1687/2467/1225 1323/2578/1320 1328/2576/1318
f 1598/2916/1532 1596/2579/1321 1284/2434/1192 1595/2442/1200
f 1597/2917/1533 1598/2916/1532 1595/2442/1200 1319/2441/1199
f 1320/2889/1196 1594/2918/1198 1598/2916/1532 1597/2917/1533
f 1594/2918/1198 1316/2510/1265 1596/2579/1321 1598/2916/1532
f 1316/2919/1265 1594/2440/1198 1556/2437/1195 1557/2920/1262
f 1284/2434/1192 1558/2433/1191 1559/2443/1201 1595/2442/1200
f 1549/2898/1516 1536/2842/1426 1599/2921/1534
f 1449/2922/1518 1545/2923/1517 1599/2924/1534 1536/2692/1426 1439/2691/1425
f 1335/2925/1250 1608/2397/1158 1635/2416/1174 1560/2926/1245
f 1251/2402/1163 1615/2537/1287 1634/2530/1280 1551/2423/1181
f 1244/2927/1049 1600/2834/1111 1633/2275/1063 1453/2928/1086
f 1256/2270/1058 1602/2832/1110 1632/2283/1070 1459/2502/1257
f 1399/2929/1402 1628/2669/1406 1630/2676/1412 1407/2675/1408
f 1387/2639/1378 1627/2652/1391 1629/2658/1397 1395/2640/1379
f 1391/2930/1362 1626/2650/1389 1628/2669/1406 1399/2929/1402
f 1395/2640/1379 1629/2658/1397 1631/2661/1400 1403/2684/1419
f 1379/2632/1371 1625/2605/1345 1627/2652/1391 1387/2639/1378
f 1383/2931/1361 1624/2609/1349 1626/2650/1389 1391/2930/1362
f 1367/2932/1334 1620/2565/1308 1622/2606/1346 1375/2933/1356
f 1375/2933/1356 1622/2606/1346 1624/2609/1349 1383/2931/1361
f 1371/2613/1353 1623/2590/1331 1625/2605/1345 1379/2632/1371
f 1669/2599/1339 1676/2602/1342 1621/2587/1328 1363/2600/1340
f 1363/2600/1340 1621/2587/1328 1623/2590/1331 1371/2613/1353
f 1667/2934/1333 1677/2562/1305 1620/2565/1308 1367/2932/1334
f 1699/2309/1091 1713/2542/1292 1616/2540/1290 1277/2310/1092
f 1277/2310/1092 1616/2540/1290 1614/2538/1288 1249/2375/1142
f 1249/2375/1142 1614/2538/1288 1617/2534/1284 1287/2377/1144
f 1287/2377/1144 1617/2534/1284 1615/2537/1287 1251/2402/1163
f 1551/2423/1181 1634/2530/1280 1618/2533/1283 1305/2424/1182
f 1650/2459/1217 1660/2526/1276 1619/2529/1279 1311/2460/1218
f 1575/2463/1221 1689/2522/1273 1610/2525/1273 1325/2464/1222
f 1679/2888/1237 1690/2475/1233 1612/2478/1233 1337/2935/1238
f 1652/2936/1241 1661/2444/1202 1605/2447/1205 1332/2937/1242
f 1560/2926/1245 1635/2416/1174 1609/2419/1177 1336/2887/1246
f 1334/2938/1249 1607/2395/1156 1608/2397/1158 1335/2925/1250
f 1333/2939/1253 1606/2373/1140 1607/2395/1156 1334/2938/1249
f 1331/2940/1255 1604/2290/1076 1606/2373/1140 1333/2939/1253
f 1256/2270/1058 1245/2269/1057 1600/2834/1111 1602/2832/1110
f 1330/2941/1259 1329/2942/1258 1611/2321/1072 1603/2320/1102
f 1345/2277/1065 1346/2545/1295 1613/2301/1087 1601/2278/1066
f 1701/2943/1261 1714/2287/1073 1604/2290/1076 1331/2940/1255
f 1459/2502/1257 1632/2283/1070 1611/2286/1072 1329/2503/1258
f 1453/2928/1086 1633/2275/1063 1601/2278/1066 1246/2303/1060
f 1576/2944/1524 1580/2945/1523 1638/2326/1106 1636/2891/1520
f 1580/2945/1523 1577/2946/1526 1637/2327/1107 1638/2326/1106
f 1578/2947/1115 1253/2948/1114 1639/2896/1525 1641/2893/1522
f 1241/2949/1116 1578/2947/1115 1641/2893/1522 1640/2892/1521
f 1243/2348/1083 1354/2950/1082 1452/2345/1123
f 1451/2951/1304 1642/2952/1535 1354/2953/1082
f 1452/2345/1123 1354/2950/1082 1642/2954/1535
f 1254/2955/1101 1458/2956/1104 1340/2957/1098
f 1480/2958/1270 1340/2957/1098 1643/2959/1536
f 1458/2956/1104 1643/2959/1536 1340/2957/1098
f 1452/2822/1123 1642/2960/1535 1242/2357/1130
f 1255/2328/1108 1643/2961/1536 1458/2825/1104
f 1480/2958/1270 1643/2959/1536 1644/2962/1537
f 1643/2961/1536 1255/2328/1108 1644/2963/1537
f 1451/2951/1304 1645/2964/1538 1642/2952/1535
f 1642/2960/1535 1645/2965/1538 1242/2357/1130
f 1242/2357/1130 1645/2965/1538 1636/2891/1520
f 1637/2327/1107 1644/2963/1537 1255/2328/1108
f 1636/2891/1520 1645/2965/1538 1576/2944/1524
f 1577/2946/1526 1644/2963/1537 1637/2327/1107
f 1644/2962/1537 1577/2897/1526 1480/2958/1270
f 1645/2964/1538 1451/2951/1304 1576/2895/1524
f 1576/2895/1524 1451/2951/1304 1640/2892/1521
f 1577/2897/1526 1639/2896/1525 1480/2958/1270
f 1253/2948/1114 1480/2958/1270 1639/2896/1525
f 1451/2951/1304 1241/2949/1116 1640/2892/1521
f 1337/2935/1238 1612/2478/1233 1661/2444/1202 1652/2936/1241
f 1325/2464/1222 1610/2525/1273 1660/2526/1276 1650/2459/1217
f 1428/2725/1455 1530/2840/1513 1659/2454/1212 1655/2735/1465
f 1323/2578/1320 1514/2729/1459 1658/2730/1460 1646/2574/1317
f 1353/2805/1275 1482/2472/1230 1657/2452/1210 1653/2806/1277
f 1324/2474/1232 1472/2482/1239 1656/2483/1240 1647/2449/1207
f 1724/2966/1456 1428/2967/1455 1655/2968/1465 1751/2969/1464
f 1514/2729/1459 1427/2728/1458 1654/2731/1461 1658/2730/1460
f 1321/2836/1510 1322/2970/1214 1649/2575/1213 1646/2574/1317
f 1610/2525/1273 1353/2524/1275 1653/2527/1277 1660/2526/1276
f 1472/2482/1239 1337/2481/1238 1652/2484/1241 1656/2483/1240
f 1740/2465/1223 1325/2464/1222 1650/2459/1217 1752/2458/1216
f 1530/2840/1513 1328/2839/1318 1649/2455/1213 1659/2454/1212
f 1482/2472/1230 1326/2471/1229 1648/2448/1206 1657/2452/1210
f 1326/2471/1229 1324/2474/1232 1647/2449/1207 1648/2448/1206
f 1612/2478/1233 1327/2477/1235 1651/2445/1203 1661/2444/1202
f 1332/2937/1242 1605/2447/1205 1677/2562/1305 1667/2934/1333
f 1311/2460/1218 1619/2529/1279 1676/2602/1342 1669/2599/1339
f 1426/2736/1466 1513/2457/1215 1675/2596/1337 1671/2718/1450
f 1321/2836/1510 1521/2733/1463 1674/2715/1447 1664/2567/1310
f 1307/2450/1208 1475/2486/1243 1673/2591/1332 1663/2571/1314
f 1352/2807/1278 1471/2453/1211 1672/2595/1336 1668/2800/1343
f 1739/2737/1467 1426/2736/1466 1671/2718/1450 1753/2717/1449
f 1521/2733/1463 1409/2732/1462 1670/2716/1448 1674/2715/1447
f 1619/2529/1279 1352/2528/1278 1668/2603/1343 1676/2602/1342
f 1715/2461/1219 1311/2460/1218 1669/2599/1339 1754/2598/1338
f 1513/2457/1215 1322/2456/1214 1665/2597/1309 1675/2596/1337
f 1471/2453/1211 1314/2451/1209 1662/2570/1313 1672/2595/1336
f 1475/2486/1243 1332/2485/1242 1667/2592/1333 1673/2591/1332
f 1314/2451/1209 1307/2450/1208 1663/2571/1314 1662/2570/1313
f 1322/2970/1214 1321/2836/1510 1664/2567/1310 1665/2566/1309
f 1605/2447/1205 1293/2446/1204 1666/2563/1306 1677/2562/1305
f 1305/2424/1182 1618/2533/1283 1689/2522/1273 1575/2463/1221
f 1425/2851/1470 1512/2439/1197 1686/2837/1511 1681/2724/1454
f 1512/2439/1197 1320/2438/1196 1688/2838/1512 1686/2837/1511
f 1351/2809/1282 1468/2429/1187 1684/2469/1227 1680/2804/1274
f 1317/2431/1189 1479/2490/1247 1683/2479/1236 1573/2473/1231
f 1529/2468/1226 1424/2971/1474 1682/2727/1457 1685/2466/1224
f 1738/2741/1471 1425/2740/1470 1681/2972/1454 1755/2973/1453
f 1618/2533/1283 1351/2532/1282 1680/2523/1274 1689/2522/1273
f 1479/2490/1247 1336/2489/1246 1679/2480/1237 1683/2479/1236
f 1609/2419/1177 1318/2418/1176 1572/2476/1234 1690/2475/1233
f 1302/2428/1186 1317/2431/1189 1573/2473/1231 1678/2470/1228
f 1468/2429/1187 1302/2428/1186 1678/2470/1228 1684/2469/1227
f 1514/2729/1459 1323/2578/1320 1687/2467/1225 1685/2466/1224
f 1723/2425/1183 1305/2424/1182 1575/2463/1221 1756/2462/1220
f 1330/2941/1259 1603/2320/1102 1714/2287/1073 1701/2943/1261
f 1252/2273/1061 1613/2974/1087 1713/2542/1292 1699/2309/1091
f 1414/2776/1497 1506/2775/1067 1712/2306/1067 1706/2768/1491
f 1267/2351/1090 1523/2774/1090 1711/2765/1090 1698/2343/1090
f 1341/2975/1099 1461/2976/1271 1710/2304/1088 1702/2977/1272
f 1346/2978/1295 1456/2979/1294 1709/2349/1126 1703/2820/1293
f 1262/2980/1055 1473/2981/1256 1708/2505/1260 1696/2340/1120
f 1247/2982/1112 1483/2983/1303 1707/2556/1302 1695/2292/1078
f 1732/2263/1051 1414/2776/1497 1706/2768/1491 1757/2767/1067
f 1523/2774/1090 1411/2773/1496 1705/2766/1490 1711/2765/1090
f 1483/2983/1303 1355/2984/1081 1704/2557/1094 1707/2556/1302
f 1613/2974/1087 1346/2985/1295 1703/2543/1293 1713/2542/1292
f 1261/2353/1100 1341/2986/1099 1702/2521/1272 1691/2280/1068
f 1473/2981/1256 1330/2987/1259 1701/2506/1261 1708/2505/1260
f 1456/2979/1294 1250/2988/1056 1700/2339/1119 1709/2349/1126
f 1248/2352/1084 1267/2351/1090 1698/2343/1090 1697/2313/1095
f 1250/2988/1056 1262/2980/1055 1696/2340/1120 1700/2339/1119
f 1355/2989/1081 1248/2352/1084 1697/2313/1095 1704/2312/1094
f 1717/2274/1062 1252/2273/1061 1699/2309/1091 1758/2308/1090
f 1506/2775/1067 1268/2354/1067 1694/2279/1067 1712/2306/1067
f 1461/2976/1271 1259/2990/1113 1692/2291/1077 1710/2304/1088
f 1259/2990/1113 1247/2982/1112 1695/2292/1078 1692/2291/1077
f 1603/2320/1102 1263/2264/1052 1693/2288/1074 1714/2287/1073
f 1268/2354/1067 1261/2353/1100 1691/2280/1068 1694/2279/1067
f 1411/2773/1496 1717/2274/1062 1758/2308/1090 1705/2766/1490
f 1263/2264/1052 1732/2263/1051 1757/2767/1067 1693/2288/1074
f 1424/2744/1474 1723/2425/1183 1756/2462/1220 1682/2991/1457
f 1318/2418/1176 1738/2741/1471 1755/2973/1453 1572/2476/1234
f 1409/2992/1462 1715/2461/1219 1754/2598/1338 1670/2993/1448
f 1293/2446/1204 1739/2994/1467 1753/2995/1449 1666/2563/1306
f 1427/2996/1458 1740/2465/1223 1752/2458/1216 1654/2997/1461
f 1327/2477/1235 1724/2998/1456 1751/2999/1464 1651/2445/1203
f 1422/2752/1480 1722/2403/1164 1750/2422/1180 1565/2743/1473
f 1310/2396/1157 1737/2749/1478 1749/2738/1468 1555/2417/1175
f 1410/2779/1500 1716/2262/1050 1748/2831/1085 1502/2792/1493
f 1257/2260/1048 1733/2259/1047 1747/2795/1487 1460/3000/1071
f 1693/2288/1074 1757/2767/1067 1734/2760/1485 1282/2289/1075
f 1460/3001/1071 1747/2762/1487 1718/2266/1054 1258/2265/1053
f 1282/2289/1075 1734/2760/1485 1735/2754/1481 1292/2372/1139
f 1292/2372/1139 1735/2754/1481 1736/2746/1475 1301/2394/1155
f 1301/2394/1155 1736/2746/1475 1737/2749/1478 1310/2396/1157
f 1555/2417/1175 1749/2738/1468 1738/2741/1471 1318/2418/1176
f 1651/2445/1203 1751/2999/1464 1739/2994/1467 1293/2446/1204
f 1572/2476/1234 1755/2973/1453 1724/2998/1456 1327/2477/1235
f 1361/2564/1307 1741/2721/1452 1742/2711/1443 1369/2607/1347
f 1666/2563/1306 1753/2995/1449 1741/2721/1452 1361/2564/1307
f 1369/2607/1347 1742/2711/1443 1743/2703/1437 1377/2608/1348
f 1385/2649/1388 1744/2706/1440 1745/2697/1431 1393/2668/1405
f 1377/2608/1348 1743/2703/1437 1744/2706/1440 1385/2649/1388
f 1393/2668/1405 1745/2697/1431 1746/2696/1430 1401/2677/1413
f 1437/2690/1424 1729/2641/1380 1730/2685/1420 1439/2691/1425
f 1433/3002/1434 1727/2633/1372 1728/2638/1377 1435/3003/1435
f 1435/3003/1435 1728/2638/1377 1729/2641/1380 1437/2690/1424
f 1431/3004/1442 1726/2614/1354 1727/2633/1372 1433/3002/1434
f 1429/3005/1446 1725/2601/1341 1726/2614/1354 1431/3004/1442
f 1670/2993/1448 1754/2598/1338 1725/2601/1341 1429/3005/1446
f 1682/2991/1457 1756/2462/1220 1740/2465/1223 1427/2996/1458
f 1654/2997/1461 1752/2458/1216 1715/2461/1219 1409/2992/1462
f 1565/2743/1473 1750/2422/1180 1723/2425/1183 1424/2744/1474
f 1420/2751/1479 1721/2378/1145 1722/2403/1164 1422/2752/1480
f 1418/2757/1483 1720/2376/1143 1721/2378/1145 1420/2751/1479
f 1416/2759/1484 1719/2311/1093 1720/2376/1143 1418/2757/1483
f 1705/2766/1490 1758/2308/1090 1719/2311/1093 1416/2759/1484
f 1502/2770/1493 1748/2299/1085 1731/2271/1059 1413/2771/1494
f 1413/2771/1494 1731/2271/1059 1717/2274/1062 1411/2773/1496
f 1414/2776/1497 1732/2263/1051 1718/2266/1054 1412/2764/1489
f 1415/2778/1499 1733/2259/1047 1716/2262/1050 1410/2779/1500
f 1403/2684/1419 1443/2787/1507 1540/3006/1519 1730/2685/1420
f 1449/2922/1518 1439/2691/1425 1730/2685/1420 1540/3006/1519
